popularity,danceability,energy,loudness,speechiness,acousticness,instrumentalness,liveness,valence,tempo,duration_ms,genre,year,explicit
16,0.769,0.732,-7.587,0.0531,0.131,0.219,0.207,0.423,125.065,182400,edm,2020,0
44,0.587,0.75,-4.022,0.0342,0.0352,1.86e-06,0.168,0.234,128.016,187492,edm,2019,0
37,0.768,0.628,-12.994,0.0414,0.00497,0.829,0.098,0.714,119.508,373892,edm,2017,0
97,0.794,0.793,-4.521,0.0842,0.0125,0.0,0.0952,0.677,123.941,183290,edm,2019,0
0,0.535,0.615,-5.445,0.0296,0.276,0.0,0.0966,0.377,115.048,206609,edm,2018,0
50,0.694,0.972,-1.427,0.0968,0.00166,0.878,0.291,0.248,128.046,214998,edm,2019,0
22,0.644,0.45,-8.628,0.0386,0.0258,0.000312,0.312,0.277,109.986,266182,edm,2019,0
37,0.592,0.967,-3.339,0.101,0.0401,2.37e-05,0.0426,0.18,149.968,161025,edm,2019,0
24,0.786,0.775,-5.316,0.0711,0.156,0.000103,0.0962,0.659,122.002,192787,edm,2017,0
27,0.63,0.886,-7.573,0.0281,0.202,2.49e-05,0.0708,0.877,123.974,166457,edm,2019,0
54,0.796,0.926,-4.925,0.0401,0.0027,0.0,0.0599,0.458,126.03,173333,edm,2018,0
28,0.63,0.612,-6.451,0.0311,0.318,0.000247,0.321,0.388,89.01,276089,edm,2019,0
88,0.677,0.744,-6.806,0.0295,0.0404,0.00016,0.074,0.631,124.08,152913,edm,2019,0
0,0.595,0.86,-5.366,0.0398,0.000762,0.598,0.155,0.0399,127.992,273765,edm,2014,0
20,0.76,0.919,-5.619,0.0858,0.000156,0.455,0.115,0.19,125.012,226560,edm,2016,0
9,0.66,0.899,-12.517,0.0328,0.285,0.926,0.112,0.0486,129.004,478124,edm,2018,0
28,0.633,0.898,-4.86,0.0533,0.0521,3.44e-05,0.25,0.253,125.096,175591,edm,2019,0
67,0.507,0.665,-7.598,0.0474,0.0144,0.0,0.0759,0.4,126.879,213338,edm,2011,0
75,0.422,0.711,-4.809,0.0385,0.0176,0.0,0.559,0.321,128.066,244453,edm,2019,0
37,0.386,0.945,-4.412,0.151,0.00304,0.00626,0.102,0.198,129.778,177236,edm,2019,0
4,0.959,0.616,-8.142,0.281,0.111,0.0517,0.563,0.781,116.008,209773,edm,2009,0
48,0.714,0.93,-7.434,0.0519,0.00243,0.833,0.678,0.0767,126.002,407619,edm,2015,0
29,0.835,0.996,-4.453,0.147,0.000853,0.438,0.337,0.466,124.999,205080,edm,2018,0
38,0.792,0.888,-12.937,0.0478,0.558,0.86,0.0972,0.969,115.003,248104,edm,2019,0
0,0.596,0.973,-4.307,0.0851,0.00136,0.561,0.421,0.646,126.002,188239,edm,2016,0
34,0.501,0.778,-5.53,0.111,0.0678,0.0,0.0719,0.285,67.013,184300,edm,2019,0
0,0.703,0.744,-7.627,0.0305,0.0805,0.00121,0.107,0.0946,114.997,504300,edm,2020,0
52,0.661,0.943,-2.52,0.0392,0.0188,0.000231,0.272,0.71,128.16,198281,edm,2019,0
0,0.846,0.873,-7.51,0.0605,0.143,0.2,0.0542,0.294,120.981,257932,edm,2015,0
43,0.686,0.8,-3.341,0.0317,0.00514,4.39e-05,0.224,0.261,120.05,192000,edm,2019,0
53,0.63,0.833,-5.228,0.0657,0.0513,0.0,0.324,0.528,126.145,157619,edm,2019,0
47,0.516,0.882,-6.995,0.0645,0.00155,0.00892,0.157,0.531,137.966,197871,edm,2019,0
59,0.741,0.812,-5.356,0.039,0.00254,0.104,0.301,0.146,124.991,155520,edm,2019,0
38,0.668,0.875,-4.87,0.0299,0.0626,0.00226,0.219,0.0577,115.002,192000,edm,2019,0
47,0.559,0.916,-3.05,0.0626,0.0453,1.26e-05,0.225,0.195,128.012,215295,edm,2013,0
68,0.699,0.883,-3.226,0.219,0.0288,0.0,0.817,0.499,127.961,211975,edm,2017,0
7,0.42,0.834,-3.41,0.153,0.0124,0.409,0.83,0.126,192.094,163125,edm,2019,0
44,0.688,0.913,-3.726,0.0434,0.0223,1.08e-05,0.27,0.534,128.006,195463,edm,2019,0
56,0.721,0.783,-5.174,0.0595,0.0133,2.58e-06,0.155,0.291,122.997,185765,edm,2019,0
71,0.754,0.765,-5.354,0.0777,0.38,0.0,0.113,0.53,129.983,195692,edm,2019,0
57,0.568,0.968,-3.772,0.109,0.0004,0.397,0.0954,0.313,125.998,170495,edm,2019,0
0,0.671,0.871,-4.751,0.141,0.000647,0.247,0.448,0.355,128.043,284985,edm,2014,0
74,0.57,0.672,-5.89,0.0723,0.177,0.0,0.0768,0.448,120.019,208222,edm,2020,0
63,0.553,0.827,-5.381,0.0482,0.00188,0.0,0.304,0.153,132.077,167500,edm,2019,0
52,0.435,0.751,-4.999,0.0599,0.128,0.0,0.253,0.346,124.332,224762,edm,2018,0
53,0.492,0.857,-2.634,0.0655,0.0841,7.82e-06,0.344,0.393,129.973,222500,edm,2011,0
1,0.565,0.916,-4.715,0.052,0.00439,0.488,0.617,0.0795,127.844,202413,edm,2013,0
0,0.668,0.928,-3.114,0.0303,0.0133,5.89e-05,0.0816,0.669,140.065,196040,edm,2015,0
68,0.594,0.722,-5.751,0.0398,0.0156,0.0,0.0667,0.407,127.877,200322,edm,2018,0
41,0.604,0.88,-4.059,0.0967,0.0135,0.467,0.0706,0.242,124.665,161932,edm,2019,0
45,0.691,0.628,-9.567,0.0661,0.0419,0.000485,0.136,0.637,126.047,196190,edm,2019,0
43,0.793,0.868,-4.001,0.173,0.0304,0.00961,0.085,0.85,124.985,202498,edm,2016,0
70,0.554,0.786,-5.837,0.132,0.122,0.0,0.468,0.823,104.957,231813,edm,2016,0
0,0.627,0.902,-1.478,0.0893,0.00103,0.00347,0.0439,0.34,127.997,390000,edm,2013,0
41,0.498,0.549,-10.394,0.0359,0.00901,4.38e-05,0.735,0.0836,115.026,178000,edm,2020,0
68,0.872,0.399,-11.145,0.245,0.353,8.32e-05,0.106,0.915,149.936,120400,edm,2018,0
73,0.485,0.461,-5.646,0.0444,0.44,0.0,0.232,0.324,87.009,200756,edm,2019,0
2,0.588,0.927,-1.78,0.064,0.00293,0.403,0.211,0.254,127.946,173087,edm,2015,0
6,0.641,0.935,-4.351,0.0838,0.00053,0.17,0.845,0.174,125.034,376320,edm,2013,0
36,0.64,0.894,-5.117,0.0982,0.206,4.21e-05,0.141,0.363,123.018,224878,edm,2017,0
62,0.776,0.715,-6.587,0.0505,0.0971,0.0131,0.247,0.502,99.951,231813,edm,2016,0
21,0.839,0.872,-5.461,0.0709,0.00048,0.591,0.0359,0.115,123.997,341364,edm,2019,0
49,0.589,0.751,-5.124,0.0975,0.014,3.09e-06,0.549,0.178,128.269,221250,edm,2019,0
20,0.613,0.658,-6.846,0.121,0.118,4.99e-05,0.128,0.152,160.086,241500,edm,2019,0
73,0.716,0.828,-4.375,0.0727,0.16,0.0,0.686,0.806,124.895,190950,edm,2019,0
55,0.808,0.94,-5.839,0.204,0.00159,0.6,0.0994,0.364,125.04,174735,edm,2019,0
39,0.769,0.977,-2.703,0.0969,0.0688,0.89,0.0778,0.207,128.005,278438,edm,2013,0
36,0.702,0.862,-3.941,0.0333,0.0546,4.47e-05,0.0995,0.711,108.006,208587,edm,2017,0
21,0.623,0.967,-6.097,0.147,0.000271,0.0655,0.265,0.206,128.053,270289,edm,2015,0
61,0.344,0.865,-5.84,0.222,0.0163,5.8e-05,0.105,0.205,128.07,202969,edm,2019,0
40,0.945,0.585,-6.667,0.192,0.293,0.00068,0.137,0.768,121.013,222187,edm,2018,0
47,0.764,0.908,-3.976,0.0735,0.00862,0.742,0.0977,0.354,124.019,194748,edm,2019,0
68,0.67,0.838,-4.031,0.0362,0.0604,0.000611,0.159,0.717,104.998,222041,edm,2016,0
37,0.353,0.897,-4.847,0.0682,0.0106,0.0243,0.261,0.126,103.443,222609,edm,2019,0
50,0.494,0.817,-7.631,0.175,0.105,0.00217,0.207,0.187,127.915,225000,edm,2020,0
38,0.877,0.776,-4.801,0.0356,0.162,0.00398,0.609,0.958,124.011,199709,edm,2018,0
8,0.474,0.882,-4.249,0.095,0.0159,0.0138,0.609,0.19,129.99,213066,edm,2016,0
0,0.654,0.83,-4.533,0.0979,0.0643,0.0,0.0756,0.354,133.897,175613,edm,2015,0
47,0.87,0.546,-10.645,0.0495,0.739,0.316,0.111,0.208,120.068,246852,edm,2019,0
17,0.673,0.79,-4.663,0.0893,0.037,9.95e-06,0.0875,0.705,102.013,199227,edm,2015,0
79,0.399,0.787,-2.88,0.0499,0.0197,6.07e-05,0.0685,0.572,117.089,216120,edm,2014,0
82,0.774,0.747,-3.908,0.082,0.0241,6.11e-06,0.342,0.833,119.964,168125,edm,2019,0
48,0.59,0.97,-4.135,0.287,0.071,0.00442,0.295,0.119,82.529,204182,edm,2019,0
61,0.603,0.7,-5.601,0.054,0.314,0.0,0.336,0.56,95.921,202976,edm,2017,0
8,0.669,0.891,-7.7,0.0685,0.0853,0.000257,0.0408,0.919,125.965,507323,edm,2015,0
43,0.483,0.738,-6.714,0.0393,0.0261,0.0,0.386,0.291,126.091,194762,edm,2020,0
0,0.511,0.79,-3.576,0.0408,0.0938,0.0,0.116,0.512,125.968,200973,edm,2011,0
6,0.618,0.965,-3.309,0.204,0.0508,0.01,0.303,0.173,128.028,180469,edm,2014,0
42,0.796,0.907,-1.908,0.0746,0.00329,0.142,0.226,0.0624,128.037,206323,edm,2014,0
11,0.634,0.927,-3.282,0.136,0.048,0.687,0.0864,0.35,128.016,256641,edm,2015,0
13,0.664,0.928,-6.305,0.0395,0.000297,0.671,0.696,0.106,121.005,387500,edm,2019,0
0,0.513,0.82,-4.451,0.061,0.0146,0.148,0.107,0.236,128.066,317107,edm,2014,0
26,0.859,0.761,-4.872,0.275,0.164,0.297,0.778,0.688,119.961,198613,edm,2017,0
14,0.591,0.596,-6.38,0.0278,0.141,0.0,0.11,0.333,111.009,205473,edm,2019,0
30,0.429,0.724,-4.144,0.2,0.855,0.0,0.196,0.377,82.199,150178,edm,2018,0
47,0.634,0.767,-5.319,0.0581,0.0979,0.194,0.276,0.103,126.029,189048,edm,2019,0
50,0.516,0.806,-5.133,0.0538,0.00389,0.000674,0.115,0.577,124.118,249693,edm,2013,0
22,0.447,0.37,-11.879,0.0346,0.000541,0.693,0.131,0.0381,64.053,127500,edm,2018,0
70,0.519,0.731,-3.993,0.0402,0.0571,0.0,0.381,0.296,82.967,173975,edm,2019,0
31,0.436,0.691,-5.366,0.107,0.0943,1.98e-06,0.547,0.4,138.191,233963,edm,2017,0
44,0.832,0.9,-3.55,0.155,0.0497,0.0,0.269,0.829,122.986,224634,edm,2018,0
27,0.512,0.779,-3.806,0.0559,0.0403,4.07e-06,0.576,0.264,127.979,202133,edm,2019,0
10,0.69,0.78,-4.446,0.0594,0.00733,0.00183,0.0729,0.238,126.07,255238,edm,2019,0
25,0.637,0.936,-2.901,0.0418,0.101,0.000377,0.15,0.806,116.035,178966,edm,2018,0
66,0.717,0.752,-6.933,0.065,0.251,0.000468,0.0802,0.14,123.97,281267,edm,2018,0
59,0.545,0.65,-5.853,0.0315,0.00308,7.98e-06,0.122,0.121,143.937,233773,edm,2016,0
77,0.414,0.486,-6.431,0.0311,0.0129,0.0,0.111,0.368,128.038,230762,edm,2018,0
37,0.845,0.899,-2.861,0.505,0.00684,0.0169,0.0394,0.384,130.046,208032,edm,2018,0
76,0.814,0.755,-6.164,0.0942,0.239,0.0,0.306,0.963,79.975,178500,edm,2019,0
0,0.435,0.906,-3.235,0.062,0.000455,0.000763,0.462,0.189,128.06,251716,edm,2013,0
0,0.649,0.99,-1.888,0.112,0.000744,0.328,0.0626,0.208,127.964,211875,edm,2014,0
11,0.645,0.979,-2.742,0.18,0.0126,0.206,0.383,0.25,127.918,284997,edm,2015,0
37,0.776,0.753,-5.455,0.437,0.0152,0.0105,0.0585,0.509,126.096,205065,edm,2019,0
9,0.698,0.844,-4.549,0.067,0.0577,1.69e-05,0.105,0.446,126.937,198467,edm,2011,0
7,0.749,0.942,-3.141,0.184,0.0186,0.00411,0.319,0.294,128.054,182840,edm,2014,0
53,0.773,0.859,-4.516,0.216,0.0226,0.000251,0.342,0.432,124.017,152932,edm,2019,0
36,0.473,0.792,-7.813,0.039,0.0764,0.0,0.0714,0.11,127.004,210118,edm,2019,0
22,0.441,0.936,-2.722,0.102,0.0209,0.649,0.081,0.288,124.986,165100,edm,2019,0
68,0.66,0.867,-4.285,0.116,0.11,0.0,0.0368,0.377,93.033,180480,edm,2010,0
44,0.558,0.818,-3.871,0.0565,0.203,0.0,0.221,0.452,92.005,173478,edm,2018,0
50,0.57,0.779,-7.85,0.0301,0.00525,0.891,0.367,0.206,126.015,389929,edm,2019,0
65,0.597,0.919,-2.954,0.044,0.000145,0.0,0.282,0.73,113.987,255587,edm,2012,0
2,0.5,0.82,-4.024,0.0644,0.0629,0.000372,0.598,0.294,147.946,204000,edm,2016,0
24,0.731,0.819,-4.58,0.039,0.000955,0.0603,0.16,0.19,125.961,160000,edm,2020,0
74,0.766,0.771,-9.108,0.0576,0.00407,3.76e-06,0.113,0.297,140.036,204027,edm,2019,0
64,0.554,0.864,-4.403,0.0889,0.00166,0.0,0.119,0.305,126.975,201260,edm,2019,0
18,0.677,0.647,-4.808,0.0916,0.332,0.0,0.122,0.25,137.98,201744,edm,2017,0
35,0.739,0.635,-5.821,0.0327,0.00821,0.000167,0.113,0.268,130.032,234774,edm,2018,0
39,0.438,0.767,-4.335,0.0422,0.0173,0.0,0.116,0.244,127.96,191719,edm,2020,0
34,0.567,0.924,-3.504,0.0412,0.0178,0.00018,0.284,0.474,150.006,161407,edm,2019,0
68,0.612,0.963,-3.912,0.0531,0.00897,0.00378,0.294,0.179,138.009,183519,edm,2018,0
62,0.545,0.323,-12.006,0.0391,0.102,2.74e-06,0.107,0.193,149.941,215200,edm,2019,0
81,0.649,0.716,-5.371,0.0349,0.0863,2.63e-05,0.135,0.163,99.988,205947,edm,2016,0
68,0.594,0.722,-5.751,0.0398,0.0156,0.0,0.0667,0.407,127.877,200322,edm,2018,0
27,0.443,0.948,-3.29,0.108,0.0124,3.99e-06,0.131,0.341,127.928,200435,edm,2014,0
1,0.617,0.624,-6.479,0.0358,0.81,0.00916,0.0792,0.761,103.988,208846,edm,2019,0
0,0.762,0.68,-8.098,0.052,0.000186,0.882,0.078,0.0333,127.985,316875,edm,2014,0
12,0.264,0.981,-2.909,0.0526,0.000873,0.384,0.112,0.23,127.87,277509,edm,2013,0
23,0.627,0.876,-4.391,0.0324,0.0159,0.0,0.0665,0.418,111.949,261563,edm,2015,0
2,0.513,0.917,-4.048,0.0628,0.00543,0.816,0.0592,0.145,128.024,196671,edm,2015,0
42,0.703,0.973,-3.494,0.0706,0.0132,0.834,0.0272,0.639,125.969,133333,edm,2019,0
64,0.685,0.807,-5.095,0.0459,0.00231,0.00936,0.0678,0.149,137.976,189878,edm,2019,0
35,0.682,0.988,-3.656,0.08,0.0057,0.585,0.332,0.267,128.009,179648,edm,2019,0
42,0.351,0.838,-5.444,0.0861,0.0179,0.0,0.299,0.198,126.473,186094,edm,2019,0
27,0.682,0.945,-0.952,0.0397,0.0382,0.0389,0.356,0.327,127.992,204375,edm,2016,0
46,0.635,0.741,-5.326,0.311,0.244,1.47e-05,0.12,0.132,140.063,152576,edm,2019,0
45,0.861,0.917,-4.052,0.0906,0.0217,0.0588,0.208,0.715,127.953,247500,edm,2018,0
85,0.422,0.264,-7.064,0.0322,0.922,0.0,0.132,0.331,119.93,269560,edm,2013,0
78,0.663,0.713,-6.647,0.112,0.0353,7.68e-06,0.0843,0.69,101.965,197933,edm,2016,0
67,0.789,0.758,-4.957,0.114,0.0665,0.0,0.0711,0.147,126.0,161453,edm,2018,0
25,0.631,0.811,-4.303,0.046,0.00231,0.426,0.326,0.188,150.019,271383,edm,2014,0
2,0.597,0.65,-7.213,0.158,0.464,0.0,0.121,0.732,78.52,218987,edm,2016,0
37,0.622,0.942,-1.945,0.0422,0.0497,0.00336,0.138,0.589,125.946,158520,edm,2017,0
47,0.505,0.784,-7.215,0.111,0.000673,0.00148,0.401,0.337,137.974,180326,edm,2019,0
48,0.606,0.952,-3.391,0.0652,0.00222,0.0683,0.293,0.29,127.965,154687,edm,2020,0
39,0.962,0.823,-4.945,0.196,0.143,0.119,0.0698,0.691,126.023,258500,edm,2019,0
43,0.493,0.818,-6.252,0.0395,0.00121,0.497,0.824,0.0801,128.032,198387,edm,2015,0
54,0.599,0.722,-4.032,0.0934,0.0256,0.0,0.0896,0.557,102.147,167093,edm,2015,0
71,0.458,0.696,-4.742,0.0402,0.285,0.0,0.123,0.418,174.141,207069,edm,2015,0
35,0.707,0.811,-6.941,0.0648,0.0433,0.00735,0.118,0.249,127.933,172673,edm,2019,0
64,0.614,0.972,-3.927,0.088,0.00125,0.0186,0.328,0.411,127.966,170625,edm,2014,0
19,0.577,0.92,-2.801,0.0968,0.0122,0.0,0.688,0.263,129.974,254825,edm,2019,0
62,0.853,0.406,-11.658,0.0483,0.587,0.855,0.09,0.0825,122.009,305547,edm,2017,0
0,0.563,0.902,-5.922,0.413,0.0424,7.26e-05,0.131,0.298,127.255,176220,edm,2018,0
34,0.598,0.768,-4.406,0.206,0.000603,0.825,0.584,0.176,99.162,211067,edm,2019,0
6,0.753,0.81,-5.877,0.0839,0.00129,0.00178,0.0663,0.695,127.995,385761,edm,2007,0
38,0.728,0.933,-5.639,0.0452,0.132,0.276,0.419,0.804,109.982,170641,edm,2019,0
46,0.39,0.464,-10.679,0.0591,0.621,0.612,0.272,0.102,110.618,383347,edm,2019,0
52,0.536,0.916,-5.572,0.0452,0.00174,0.858,0.331,0.196,135.017,187667,edm,2019,0
24,0.81,0.983,-1.979,0.237,0.00035,0.903,0.155,0.158,129.008,229302,edm,2017,0
0,0.262,0.941,-3.409,0.0867,0.0139,0.833,0.233,0.141,191.983,183984,edm,2014,0
9,0.48,0.974,-1.842,0.066,0.000477,0.901,0.43,0.687,69.952,220707,edm,2013,0
37,0.661,0.733,-2.701,0.0433,0.0153,0.0,0.0982,0.613,143.92,220653,edm,2014,0
22,0.62,0.881,-5.851,0.0372,0.0585,0.714,0.311,0.415,126.035,199904,edm,2011,0
57,0.526,0.978,-6.798,0.0471,0.142,0.987,0.11,0.62,136.079,226533,edm,2020,0
46,0.678,0.635,-6.823,0.0613,0.457,0.0,0.182,0.361,110.045,187636,edm,2019,0
36,0.727,0.725,-10.0,0.0424,0.0439,0.709,0.178,0.69,126.005,228591,edm,2019,0
40,0.822,0.762,-6.198,0.0574,0.00103,0.039,0.333,0.767,125.0,200940,edm,2019,0
38,0.682,0.862,-2.96,0.0364,0.00578,1.09e-05,0.0761,0.227,127.978,221250,edm,2019,0
19,0.637,0.935,-3.909,0.0486,0.00198,0.367,0.18,0.428,127.947,168750,edm,2018,0
39,0.591,0.702,-5.59,0.0289,0.225,0.0,0.414,0.501,104.003,217653,edm,2019,0
0,0.801,0.873,-7.165,0.0643,0.000364,0.898,0.0911,0.366,125.004,317728,edm,2018,0
75,0.279,0.742,-6.46,0.0898,0.000185,0.0,0.593,0.328,189.868,231013,edm,2015,0
0,0.384,0.886,-6.349,0.0591,0.000768,0.0561,0.0721,0.122,127.993,198750,edm,2013,0
39,0.71,0.964,-1.257,0.0502,0.0314,0.0145,0.294,0.72,128.068,163000,edm,2016,0
2,0.715,0.8,-5.488,0.0555,0.0104,0.0,0.319,0.264,100.004,219400,edm,2016,0
4,0.611,0.58,-7.814,0.0408,0.00203,0.00517,0.0754,0.425,129.347,240640,edm,2007,0
3,0.654,0.822,-4.556,0.0396,0.0125,1.74e-06,0.134,0.478,127.94,210938,edm,2015,0
27,0.574,0.519,-14.652,0.0768,0.718,0.471,0.166,0.26,120.031,160000,edm,2019,0
36,0.7,0.316,-12.711,0.186,0.843,0.248,0.0818,0.411,149.969,191853,edm,2019,0
0,0.666,0.948,-2.776,0.0638,0.137,0.0,0.192,0.523,100.996,211931,edm,2016,0
14,0.569,0.98,-2.69,0.0461,0.000278,0.00214,0.655,0.298,127.975,147187,edm,2018,0
17,0.476,0.687,-3.172,0.0653,0.69,0.0,0.315,0.261,127.945,234375,edm,2019,0
31,0.773,0.491,-12.333,0.0664,0.00178,0.902,0.0616,0.561,122.993,414812,edm,2015,0
32,0.473,0.932,-3.991,0.167,0.293,0.102,0.079,0.657,123.903,167947,edm,2018,0
18,0.723,0.466,-10.442,0.0637,0.0139,0.253,0.0777,0.781,128.028,202500,edm,2018,0
91,0.598,0.526,-8.659,0.0415,0.129,0.0,0.14,0.529,123.935,168387,edm,2019,0
41,0.724,0.813,-4.447,0.0346,0.0327,0.0104,0.0497,0.51,125.997,173338,edm,2019,0
61,0.554,0.762,-4.808,0.0895,0.00197,0.17,0.352,0.421,126.132,139048,edm,2019,0
0,0.6,0.9,-6.01,0.0482,0.00521,0.821,0.121,0.227,127.998,178594,edm,2014,0
14,0.583,0.732,-5.728,0.0457,0.00312,9.86e-06,0.269,0.276,145.992,213428,edm,2015,0
62,0.684,0.612,-4.468,0.365,0.327,0.135,0.352,0.344,123.967,264194,edm,2017,0
31,0.631,0.937,-5.852,0.289,0.00124,0.489,0.334,0.33,160.083,232262,edm,2019,0
58,0.571,0.903,-2.184,0.214,0.0615,1.23e-06,0.186,0.477,127.951,206320,edm,2016,0
45,0.746,0.768,-5.401,0.053,0.00598,0.779,0.105,0.302,125.038,180187,edm,2017,0
42,0.428,0.621,-5.675,0.0339,0.014,0.0,0.0906,0.271,90.025,234667,edm,2019,0
30,0.704,0.892,-4.757,0.0411,0.0284,0.231,0.615,0.216,119.998,195954,edm,2019,0
43,0.71,0.864,-4.924,0.0757,0.00166,0.0365,0.036,0.114,127.986,352760,edm,2013,0
13,0.501,0.839,-4.846,0.138,0.00739,0.0,0.463,0.341,127.985,185859,edm,2019,0
11,0.713,0.975,-3.538,0.168,0.105,0.00124,0.628,0.415,124.977,203530,edm,2019,0
78,0.774,0.756,-4.995,0.0389,0.0423,0.0,0.305,0.931,144.032,224840,edm,2014,0
20,0.75,0.561,-12.669,0.235,0.899,0.264,0.0799,0.698,85.039,138000,edm,2020,0
6,0.788,0.902,-8.131,0.0446,0.02,0.923,0.101,0.0438,122.009,417111,edm,2019,0
46,0.705,0.925,-4.894,0.104,0.00451,0.535,0.072,0.103,125.961,222857,edm,2019,0
24,0.551,0.973,-5.175,0.0368,4.08e-05,0.885,0.0979,0.411,150.001,182500,edm,2019,0
57,0.425,0.771,-4.293,0.0629,0.0312,0.0,0.165,0.213,142.034,150528,edm,2018,0
19,0.77,0.866,-3.299,0.142,0.0055,0.00155,0.703,0.716,128.028,138287,edm,2019,0
59,0.717,0.82,-4.294,0.0447,0.0335,0.00059,0.0348,0.351,125.987,189524,edm,2018,0
67,0.825,0.841,-6.433,0.135,0.0906,0.00411,0.258,0.616,126.026,184582,edm,2019,0
43,0.601,0.887,-2.52,0.0629,0.0232,4.67e-05,0.148,0.527,128.09,187969,edm,2013,0
40,0.858,0.943,-4.358,0.0663,0.000759,0.389,0.11,0.716,125.988,171429,edm,2019,0
13,0.828,0.354,-7.579,0.137,0.00343,0.89,0.137,0.334,128.006,350638,edm,2012,0
14,0.76,0.964,-5.844,0.0576,0.00182,0.7,0.0974,0.641,125.0,248036,edm,2018,0
36,0.674,0.864,-6.322,0.211,0.0399,0.0259,0.2,0.63,102.016,188697,edm,2019,0
53,0.732,0.647,-5.571,0.03,0.00705,0.00995,0.335,0.425,125.014,154828,edm,2019,0
51,0.633,0.856,-4.934,0.0736,0.00375,0.0,0.136,0.825,128.013,210480,edm,2015,0
0,0.676,0.774,-4.915,0.0561,9.56e-05,0.834,0.345,0.352,129.969,323849,edm,2014,0
23,0.719,0.933,-4.274,0.0606,0.176,0.00182,0.295,0.373,125.088,214223,edm,2016,0
16,0.273,0.454,-13.214,0.0594,0.985,0.95,0.275,0.04,132.501,33750,edm,2018,0
0,0.52,0.958,-2.671,0.474,0.00407,0.169,0.164,0.256,127.907,176250,edm,2016,0
28,0.637,0.928,-4.263,0.0634,0.00575,0.848,0.0434,0.68,129.038,225116,edm,2018,0
56,0.549,0.963,-1.182,0.0594,0.0375,7.47e-06,0.429,0.422,128.051,159375,edm,2018,0
73,0.581,0.717,-4.433,0.0318,0.0298,0.000186,0.243,0.316,107.884,236440,edm,2010,0
65,0.575,0.808,-4.578,0.0439,0.0446,0.0,0.0693,0.232,127.922,179531,edm,2019,0
62,0.609,0.801,-4.417,0.034,0.0137,0.00349,0.127,0.407,129.99,243413,edm,2012,0
49,0.682,0.838,-5.698,0.0453,0.053,0.0,0.336,0.807,109.947,197480,edm,2019,0
37,0.552,0.978,-4.398,0.0519,0.00129,0.102,0.234,0.308,125.993,177271,edm,2019,0
25,0.349,0.969,-2.468,0.0753,0.00553,0.0346,0.355,0.405,132.013,181590,edm,2016,0
0,0.602,0.928,-4.85,0.105,0.0194,0.00131,0.717,0.22,128.022,384000,edm,2012,0
52,0.492,0.801,-4.204,0.0567,0.101,0.0,0.0798,0.329,150.036,185265,edm,2018,0
43,0.328,0.97,-3.739,0.151,5.18e-05,0.476,0.0648,0.522,194.976,302742,edm,2014,0
0,0.75,0.745,-4.803,0.0335,0.0229,3.44e-06,0.22,0.43,140.047,219939,edm,2017,0
0,0.562,0.831,-7.742,0.0451,0.0105,0.00119,0.271,0.357,125.003,215015,edm,2016,0
66,0.33,0.793,-4.628,0.155,0.0618,0.0,0.383,0.279,180.162,184000,edm,2019,0
16,0.844,0.65,-8.446,0.175,0.12,0.212,0.0664,0.292,125.967,367733,edm,2009,0
48,0.607,0.949,-4.725,0.197,0.0992,7.07e-05,0.117,0.26,127.805,171562,edm,2018,0
41,0.588,0.869,-7.516,0.0589,0.00415,0.752,0.696,0.225,128.028,213984,edm,2019,0
28,0.766,0.982,-4.285,0.0986,0.0419,0.64,0.343,0.825,122.023,189836,edm,2019,0
0,0.824,0.664,-5.107,0.0672,0.00046,0.248,0.062,0.698,128.019,360427,edm,2009,0
51,0.672,0.628,-7.203,0.0856,0.192,0.587,0.333,0.159,60.045,185005,edm,2019,0
64,0.705,0.825,-2.927,0.215,0.00933,0.00511,0.221,0.269,129.855,202615,edm,2019,0
44,0.532,0.885,-7.869,0.04,0.0069,0.0404,0.384,0.216,150.009,168471,edm,2019,0
56,0.608,0.952,-4.296,0.0506,0.058,1.51e-05,0.508,0.564,122.132,185558,edm,2019,0
58,0.802,0.833,-3.986,0.339,0.00351,0.00169,0.36,0.452,132.006,250000,edm,2019,0
44,0.818,0.484,-9.438,0.156,0.703,0.00509,0.0858,0.385,121.958,147354,edm,2018,0
45,0.527,0.845,-3.721,0.121,0.0335,0.000127,0.144,0.554,128.023,214326,edm,2015,0
49,0.69,0.881,-4.552,0.0372,0.000287,0.105,0.322,0.294,128.016,175312,edm,2020,0
55,0.616,0.834,-4.637,0.0702,0.0291,0.0323,0.103,0.145,139.89,154714,edm,2020,0
0,0.729,0.933,-5.667,0.0571,0.00366,0.509,0.439,0.0459,127.993,474961,edm,2014,0
27,0.867,0.922,-4.597,0.12,0.0209,0.389,0.461,0.159,135.056,206222,edm,2020,0
68,0.909,0.392,-6.221,0.0652,0.278,1.77e-06,0.106,0.61,127.052,154961,edm,2019,0
30,0.669,0.785,-4.305,0.0369,0.328,0.0,0.177,0.567,105.037,188130,edm,2017,0
15,0.529,0.88,-4.278,0.0584,0.000383,0.00144,0.529,0.243,127.966,206250,edm,2015,0
0,0.66,0.853,-5.035,0.0444,0.00673,2e-05,0.0606,0.477,126.991,396353,edm,2014,0
23,0.794,0.96,-11.18,0.0624,0.00597,0.283,0.0936,0.437,123.015,441831,edm,2017,0
21,0.708,0.655,-5.954,0.0343,0.04,0.629,0.187,0.431,126.052,188592,edm,2018,0
0,0.595,0.86,-5.366,0.0398,0.000762,0.598,0.155,0.0399,127.992,273765,edm,2014,0
39,0.751,0.881,-3.422,0.197,0.0098,0.000151,0.365,0.449,128.016,154754,edm,2018,0
9,0.572,0.969,-4.323,0.121,0.00107,0.206,0.358,0.255,132.011,240000,edm,2014,0
38,0.797,0.962,-4.239,0.0906,0.000359,0.767,0.0454,0.422,128.047,180502,edm,2014,0
38,0.593,0.94,-4.684,0.0432,0.00354,0.788,0.0963,0.0911,129.99,179833,edm,2019,0
43,0.6,0.73,-5.084,0.0466,0.000166,0.857,0.582,0.278,128.057,167358,edm,2019,0
17,0.488,0.993,-3.799,0.0477,0.00158,0.928,0.28,0.237,131.972,155473,edm,2019,0
0,0.542,0.928,-4.402,0.0902,0.00171,0.134,0.0836,0.186,128.021,185625,edm,2014,0
0,0.625,0.713,-5.609,0.0353,0.0213,1.32e-06,0.175,0.128,104.934,170869,edm,2015,0
40,0.352,0.749,-5.829,0.0526,0.138,0.000178,0.632,0.382,105.004,259960,edm,2017,0
47,0.738,0.54,-9.142,0.0515,0.0976,2.89e-05,0.083,0.665,102.01,196471,edm,2019,0
59,0.748,0.896,-4.396,0.125,0.314,7.26e-05,0.36,0.559,125.021,173160,edm,2019,0
94,0.598,0.427,-8.764,0.0317,0.0546,5.83e-06,0.21,0.0605,76.469,175721,edm,2019,0
50,0.635,0.875,-6.221,0.0512,0.021,7.94e-06,0.139,0.545,126.034,275977,edm,2016,0
15,0.623,0.929,-6.261,0.292,0.00162,0.556,0.467,0.45,128.113,185805,edm,2018,0
62,0.676,0.918,-6.705,0.0449,0.00022,0.892,0.465,0.364,125.975,201915,edm,2020,0
30,0.715,0.748,-6.342,0.0808,0.141,2.74e-05,0.136,0.422,125.073,203080,edm,2019,0
33,0.79,0.549,-5.913,0.0475,0.784,0.492,0.0982,0.592,126.056,227738,edm,2015,0
51,0.719,0.929,-3.106,0.138,0.00389,0.341,0.115,0.445,126.062,194742,edm,2018,0
0,0.585,0.969,-3.342,0.0935,0.00148,0.767,0.184,0.0661,128.025,255000,edm,2015,0
39,0.542,0.941,-3.761,0.122,0.107,4.95e-05,0.331,0.578,123.883,198875,edm,2019,0
42,0.574,0.884,-5.097,0.0678,0.00206,0.517,0.491,0.23,127.947,239783,edm,2019,0
0,0.744,0.918,-2.841,0.0397,0.0267,0.000127,0.134,0.512,127.967,202253,edm,2016,0
1,0.591,0.924,-4.724,0.0465,0.00231,0.00435,0.391,0.274,128.174,322107,edm,2013,0
65,0.507,0.883,-5.043,0.118,0.0503,1.86e-05,0.382,0.219,125.989,189524,edm,2018,0
39,0.518,0.914,-4.853,0.0425,7.73e-05,0.709,0.609,0.154,130.197,167077,edm,2020,0
54,0.572,0.863,-4.128,0.0424,0.00266,0.000307,0.127,0.475,141.919,206197,edm,2015,0
17,0.574,0.976,-3.317,0.0528,0.00087,2.98e-05,0.465,0.402,127.99,172503,edm,2016,0
71,0.333,0.985,-2.843,0.0563,0.0326,0.769,0.226,0.393,135.24,189826,edm,2019,0
2,0.689,0.51,-6.707,0.0458,0.365,0.000333,0.126,0.25,111.951,215357,edm,2018,0
0,0.623,0.833,-6.604,0.0632,0.00914,0.933,0.105,0.0812,128.064,321094,edm,2012,0
8,0.895,0.597,-4.486,0.101,0.0048,0.136,0.0421,0.349,128.031,185125,edm,2020,0
33,0.845,0.505,-5.481,0.0516,0.0575,0.000424,0.0335,0.205,125.037,143095,edm,2020,0
83,0.651,0.693,-4.722,0.0375,0.458,0.0,0.335,0.392,118.97,236765,edm,2019,0
49,0.66,0.937,-1.098,0.18,0.0328,0.0683,0.497,0.449,128.112,204375,edm,2018,0
45,0.595,0.965,-4.462,0.0407,0.00367,0.789,0.375,0.0396,127.992,244219,edm,2018,0
38,0.713,0.909,-4.274,0.0306,0.00303,0.000706,0.699,0.438,132.022,187273,edm,2014,0
13,0.561,0.852,-7.186,0.0432,0.012,0.000378,0.294,0.0468,127.93,177600,edm,2017,0
59,0.706,0.912,-4.44,0.0565,0.0195,0.0,0.232,0.925,128.004,223413,edm,2014,0
30,0.649,0.939,-3.195,0.243,0.156,0.00266,0.872,0.346,127.933,178053,edm,2019,0
60,0.564,0.71,-4.92,0.0461,0.00125,0.0,0.109,0.393,91.972,225147,edm,2012,0
13,0.609,0.794,-5.153,0.0581,0.496,4.17e-06,0.158,0.442,127.923,219375,edm,2014,0
45,0.551,0.581,-5.853,0.0415,0.503,1.77e-05,0.119,0.241,129.947,213240,edm,2016,0
0,0.733,0.8,-6.537,0.0973,0.012,0.0,0.353,0.775,128.046,255867,edm,2014,0
50,0.445,0.803,-4.055,0.0964,0.204,0.00147,0.066,0.4,123.502,187742,edm,2019,0
52,0.774,0.8,-2.716,0.0311,0.0746,4.42e-06,0.0703,0.444,124.957,154560,edm,2019,0
56,0.811,0.948,-4.138,0.0988,0.0108,0.000231,0.341,0.524,124.98,157118,edm,2019,0
71,0.673,0.596,-7.891,0.0354,0.166,0.0,0.11,0.19,123.969,208567,edm,2019,0
0,0.63,0.943,-4.185,0.0365,0.000328,0.726,0.938,0.409,127.976,294375,edm,2014,0
65,0.677,0.811,-4.53,0.043,0.0012,0.00761,0.0896,0.185,128.004,216967,edm,2015,0
58,0.741,0.689,-4.946,0.0447,0.0305,0.0,0.112,0.655,110.06,154877,edm,2018,0
42,0.737,0.932,-3.772,0.0786,0.00202,0.0503,0.115,0.0736,128.001,286754,edm,2014,0
81,0.765,0.906,-2.097,0.0965,0.125,0.0,0.423,0.95,96.071,184558,edm,2019,0
2,0.73,0.896,-7.863,0.0692,0.000727,0.806,0.13,0.331,128.012,251260,edm,2015,0
40,0.761,0.733,-7.881,0.0953,0.132,0.314,0.0879,0.815,115.065,248000,edm,2018,0
25,0.692,0.914,-6.066,0.0412,0.0302,0.816,0.0736,0.298,140.006,215551,edm,2018,0
52,0.603,0.632,-9.499,0.0408,0.46,0.000218,0.0982,0.27,110.998,271200,edm,2018,0
5,0.49,0.907,-4.063,0.108,0.000427,0.0,0.116,0.21,132.057,148837,edm,2017,0
47,0.593,0.813,-3.192,0.268,0.325,0.000234,0.0663,0.698,175.137,153249,edm,2019,0
32,0.8,0.82,-5.808,0.0524,0.00627,0.862,0.0764,0.632,124.009,249677,edm,2018,0
10,0.516,0.749,-4.091,0.0692,0.031,0.0,0.205,0.356,125.92,209867,edm,2014,0
59,0.793,0.578,-8.747,0.0428,0.223,0.926,0.293,0.803,125.021,166613,edm,2012,0
24,0.714,0.705,-6.479,0.0995,0.292,0.000386,0.126,0.471,114.994,219521,edm,2019,0
33,0.676,0.367,-15.681,0.0328,0.169,0.000569,0.127,0.259,119.968,165777,edm,2020,0
17,0.348,0.278,-11.839,0.0286,0.629,0.364,0.363,0.158,131.318,233341,edm,2019,0
42,0.407,0.78,-6.185,0.0373,0.00202,2.94e-06,0.302,0.176,131.806,198182,edm,2019,0
57,0.625,0.496,-13.347,0.0568,0.455,0.479,0.101,0.0352,119.976,163010,edm,2019,0
70,0.584,0.7,-4.251,0.0506,0.512,2.43e-05,0.13,0.549,163.953,234173,edm,2020,0
79,0.818,0.823,-3.563,0.2,0.0663,1.17e-05,0.133,0.52,128.136,160794,edm,2019,0
41,0.66,0.58,-8.939,0.0271,0.218,0.345,0.428,0.352,103.001,225541,edm,2018,0
46,0.778,0.948,-5.681,0.0832,0.0147,0.383,0.0741,0.87,116.987,192308,edm,2019,0
47,0.718,0.901,-4.002,0.0589,0.0409,0.0137,0.345,0.486,129.969,160615,edm,2019,0
37,0.723,0.742,-8.371,0.103,0.064,0.567,0.373,0.273,122.042,183307,edm,2018,0
95,0.662,0.519,-6.554,0.106,0.404,0.0,0.121,0.495,145.841,210427,edm,2020,0
33,0.913,0.292,-16.416,0.0891,0.00365,0.00485,0.0445,0.891,120.017,318467,edm,2020,0
45,0.74,0.945,-7.164,0.0638,0.0116,0.82,0.322,0.557,124.994,174720,edm,2019,0
0,0.596,0.794,-2.816,0.0535,0.118,2.08e-05,0.0954,0.206,127.988,243750,edm,2016,0
47,0.613,0.761,-6.902,0.359,0.0122,0.0,0.111,0.238,120.195,175005,edm,2019,0
43,0.474,0.708,-4.494,0.168,0.0496,4.43e-05,0.0986,0.328,149.857,156800,edm,2019,0
60,0.521,0.918,-3.414,0.0867,0.203,0.0,0.579,0.683,185.995,161152,edm,2019,0
34,0.783,0.87,-6.424,0.578,0.00149,0.0732,0.058,0.306,143.068,268531,edm,2019,0
50,0.721,0.789,-6.766,0.247,0.013,0.00212,0.261,0.15,127.973,231139,edm,2017,0
68,0.594,0.935,-3.562,0.0565,0.0249,3.97e-06,0.637,0.366,127.015,193187,edm,2019,0
36,0.701,0.731,-5.509,0.238,0.0371,1.18e-05,0.301,0.471,110.066,198545,edm,2019,0
18,0.508,0.839,-4.284,0.0371,5.38e-05,0.0701,0.322,0.178,104.976,235571,edm,2015,0
61,0.718,0.594,-4.96,0.0782,0.195,0.0,0.422,0.534,124.209,167706,edm,2019,0
48,0.774,0.582,-6.904,0.261,0.0904,0.0,0.107,0.421,99.973,181899,edm,2019,0
22,0.574,0.943,-4.162,0.0576,0.00304,0.669,0.0526,0.193,131.988,239091,edm,2015,0
37,0.812,0.634,-4.025,0.0497,0.00576,0.68,0.0398,0.111,128.022,228750,edm,2018,0
23,0.647,0.901,-4.785,0.0573,0.0209,0.806,0.367,0.158,127.95,195468,edm,2013,0
28,0.516,0.932,-4.454,0.216,0.00827,0.734,0.208,0.197,127.947,206250,edm,2014,0
32,0.802,0.831,-9.204,0.0766,0.00613,0.858,0.0989,0.0391,125.991,428360,edm,2017,0
51,0.517,0.924,-4.063,0.0975,0.00403,0.307,0.369,0.498,128.127,195280,edm,2018,0
55,0.684,0.668,-6.297,0.0459,0.00683,0.000193,0.318,0.357,123.971,171549,edm,2018,0
0,0.92,0.811,-2.055,0.0527,0.0156,0.503,0.129,0.936,126.006,192857,edm,2013,0
38,0.861,0.83,-4.528,0.159,0.003,0.0467,0.0525,0.805,122.015,198720,edm,2019,0
37,0.669,0.808,-4.961,0.0701,0.0341,2.38e-05,0.0822,0.364,128.052,292477,edm,2014,0
8,0.524,0.988,-3.999,0.0725,4.94e-05,0.818,0.305,0.208,128.005,309375,edm,2014,0
67,0.723,0.844,-6.39,0.0402,0.646,0.0,0.0744,0.967,172.095,150047,edm,2019,0
0,0.327,0.698,-5.136,0.0428,0.0254,0.0,0.0849,0.256,92.289,219497,edm,2018,0
0,0.799,0.901,-2.192,0.0502,0.0019,0.687,0.163,0.181,128.034,341250,edm,2013,0
15,0.554,0.8,-4.199,0.061,0.00306,0.0107,0.0616,0.166,129.328,287133,edm,2013,0
47,0.681,0.922,-3.592,0.0779,0.107,0.00167,0.0938,0.566,156.071,190912,edm,2016,0
0,0.553,0.81,-5.631,0.054,0.00495,0.024,0.494,0.287,128.04,227033,edm,2015,0
21,0.776,0.978,-3.109,0.152,0.104,0.765,0.0566,0.587,123.986,267102,edm,2019,0
7,0.884,0.532,-6.617,0.0863,0.0484,0.827,0.393,0.858,128.032,213032,edm,2009,0
38,0.646,0.904,-5.871,0.0538,0.000565,0.745,0.0947,0.364,127.947,177209,edm,2019,0
38,0.753,0.497,-12.92,0.0453,0.172,0.862,0.139,0.108,124.986,235000,edm,2019,0
23,0.696,0.67,-6.366,0.0826,0.00124,0.00906,0.0645,0.52,129.996,339731,edm,2020,0
51,0.734,0.711,-5.919,0.0395,0.00987,7.68e-05,0.0568,0.642,126.984,154961,edm,2018,0
1,0.724,0.843,-4.508,0.104,0.0566,0.0803,0.182,0.697,125.983,201905,edm,2019,0
26,0.643,0.956,-6.598,0.0615,0.000171,0.685,0.352,0.262,142.999,469930,edm,2017,0
3,0.456,0.905,-1.405,0.0737,0.000263,0.899,0.0954,0.084,128.078,295781,edm,2014,0
52,0.547,0.618,-6.356,0.0451,0.0102,0.0,0.355,0.348,123.936,153871,edm,2018,0
66,0.682,0.851,-7.117,0.0363,0.0146,0.000834,0.0289,0.348,126.0,192381,edm,2019,0
52,0.699,0.609,-8.201,0.0479,0.0126,2.92e-06,0.0332,0.545,96.028,190000,edm,2019,0
31,0.802,0.634,-5.992,0.116,0.362,2.74e-05,0.0802,0.884,124.014,183145,edm,2019,0
53,0.705,0.632,-3.561,0.0375,0.197,4.64e-06,0.158,0.502,99.957,167144,edm,2019,0
58,0.41,0.711,-3.064,0.0432,0.373,0.00179,0.139,0.266,159.837,245250,edm,2017,0
83,0.734,0.637,-5.677,0.141,0.0462,2.29e-05,0.0602,0.648,169.977,202333,edm,2015,0
57,0.609,0.948,-2.507,0.0661,0.0124,1.43e-05,0.848,0.118,126.001,189524,edm,2019,0
50,0.549,0.588,-9.781,0.0362,0.102,0.122,0.157,0.14,120.994,229152,edm,2019,0
50,0.664,0.967,-2.055,0.0757,0.0883,2.42e-05,0.175,0.609,125.943,186667,edm,2019,0
29,0.638,0.833,-5.784,0.0407,0.00769,1.45e-05,0.12,0.465,140.083,144000,edm,2018,0
41,0.723,0.88,-6.399,0.0405,0.00247,0.0478,0.069,0.531,127.988,249375,edm,2018,0
0,0.789,0.909,-6.487,0.17,0.00795,0.102,0.0781,0.427,128.027,379112,edm,2008,0
57,0.56,0.934,-2.984,0.0378,0.00457,3.11e-06,0.297,0.325,134.004,201045,edm,2020,0
47,0.659,0.889,-4.28,0.277,0.132,0.000185,0.0817,0.439,129.029,158100,edm,2019,0
19,0.569,0.96,-4.152,0.0509,0.000417,0.000142,0.315,0.344,127.994,345947,edm,2014,0
19,0.557,0.666,-4.719,0.0419,0.0063,0.0,0.128,0.314,125.947,204453,edm,2016,0
12,0.605,0.8,-6.235,0.0545,0.155,0.0562,0.121,0.836,128.074,211880,edm,2012,0
27,0.338,0.97,-3.74,0.154,5.15e-05,0.49,0.0647,0.523,194.997,302747,edm,2014,0
29,0.649,0.924,-3.422,0.0557,0.000648,0.299,0.101,0.691,128.02,162656,edm,2018,0
46,0.964,0.73,-6.778,0.206,0.153,0.809,0.101,0.259,125.028,188170,edm,2017,0
72,0.726,0.763,-6.872,0.0882,0.524,2.64e-06,0.0943,0.516,128.02,160312,edm,2019,0
91,0.857,0.621,-6.376,0.0824,0.148,0.0,0.0865,0.668,97.986,204467,edm,2019,0
57,0.715,0.948,-4.887,0.0532,0.000732,0.0206,0.315,0.165,129.969,175846,edm,2018,0
31,0.7,0.888,-6.374,0.0935,0.000796,0.458,0.233,0.705,126.963,481119,edm,2020,0
31,0.803,0.913,-6.206,0.058,2.47e-05,0.877,0.0729,0.285,123.002,264878,edm,2019,0
0,0.699,0.782,-2.757,0.0451,0.000748,0.855,0.078,0.378,126.996,338268,edm,2013,0
25,0.814,0.958,-6.66,0.0786,0.00016,0.901,0.683,0.494,122.013,323126,edm,2019,0
5,0.789,0.657,-11.665,0.0455,0.00198,0.906,0.0963,0.0323,122.005,494715,edm,2017,0
25,0.582,0.872,-0.936,0.0462,0.0654,0.000182,0.0436,0.196,106.038,247925,edm,2016,0
49,0.653,0.945,-2.634,0.0959,0.00561,0.915,0.439,0.326,126.091,198095,edm,2016,0
49,0.353,0.473,-10.471,0.0319,0.0861,0.311,0.104,0.13,123.974,274839,edm,2020,0
13,0.669,0.69,-5.825,0.0396,0.00316,0.708,0.422,0.136,128.003,256890,edm,2014,0
53,0.694,0.92,-4.783,0.0792,0.018,0.876,0.0462,0.579,124.961,157440,edm,2020,0
5,0.653,0.829,-4.783,0.0377,0.000739,1.5e-06,0.225,0.545,124.989,263890,edm,2013,0
35,0.827,0.885,-4.986,0.178,0.153,0.0222,0.122,0.757,122.015,203115,edm,2019,0
42,0.558,0.755,-4.509,0.0509,0.0755,0.00432,0.189,0.287,127.939,206250,edm,2019,0
29,0.703,0.723,-7.408,0.0611,0.229,3.02e-06,0.0884,0.877,150.004,166400,edm,2019,0
18,0.826,0.503,-14.005,0.0872,0.0415,0.878,0.0955,0.643,127.986,153750,edm,2018,0
28,0.502,0.699,-4.951,0.0389,0.0384,0.0,0.122,0.158,129.99,255280,edm,2014,0
74,0.509,0.781,-3.48,0.072,0.0398,0.0,0.0749,0.176,128.0,271427,edm,2012,0
37,0.625,0.913,-4.221,0.193,0.102,0.000546,0.04,0.503,119.975,216747,edm,2019,0
77,0.819,0.913,-3.059,0.0427,0.0935,3.72e-05,0.161,0.536,119.989,219160,edm,2016,0
30,0.795,0.611,-16.401,0.0727,0.0118,0.884,0.091,0.389,130.045,294346,edm,2019,0
25,0.591,0.587,-3.329,0.0393,0.278,0.0,0.667,0.31,125.924,188198,edm,2019,0
30,0.705,0.885,-4.085,0.0791,0.167,0.0246,0.896,0.675,97.999,208541,edm,2014,0
22,0.69,0.931,-4.373,0.0366,0.00157,0.548,0.158,0.529,128.0,209780,edm,2019,0
62,0.652,0.802,-6.114,0.181,0.0871,6.45e-06,0.148,0.295,170.157,211933,edm,2014,0
49,0.72,0.781,-4.975,0.0569,0.0171,1.78e-06,0.215,0.349,126.004,213333,edm,2020,0
49,0.77,0.895,-8.102,0.0488,0.000195,0.897,0.0455,0.68,120.986,391686,edm,2013,0
28,0.905,0.92,-3.326,0.0811,0.0016,0.913,0.0647,0.744,128.027,274327,edm,2014,0
32,0.627,0.971,-5.131,0.0456,0.0205,0.869,0.0756,0.315,126.02,229524,edm,2016,0
5,0.49,0.907,-4.063,0.108,0.000427,0.0,0.116,0.21,132.057,148837,edm,2017,0
34,0.694,0.991,-3.045,0.129,0.00125,0.914,0.116,0.613,129.964,140322,edm,2019,0
31,0.82,0.565,-8.123,0.177,0.0194,0.827,0.123,0.702,123.013,366829,edm,2019,0
7,0.672,0.858,-8.685,0.0429,0.0967,0.754,0.0911,0.788,124.972,209240,edm,2006,0
0,0.478,0.727,-7.123,0.0635,0.00737,0.0,0.104,0.399,151.935,238880,edm,2017,0
46,0.744,0.969,-2.31,0.119,0.214,0.378,0.219,0.153,125.799,168197,edm,2018,0
54,0.77,0.831,-5.754,0.0512,0.00195,0.216,0.136,0.698,123.931,336800,edm,2006,0
50,0.59,0.9,-4.024,0.156,0.0157,0.46,0.205,0.188,137.774,256848,edm,2019,0
26,0.694,0.693,-4.891,0.262,0.211,0.000201,0.189,0.545,100.138,178587,edm,2019,0
33,0.524,0.802,-4.687,0.0323,0.0496,0.0,0.103,0.505,127.985,202507,edm,2013,0
35,0.804,0.915,-8.548,0.0422,0.000117,0.916,0.0878,0.362,123.014,457138,edm,2018,0
67,0.675,0.919,-5.385,0.127,0.0799,0.0,0.143,0.585,124.982,163049,edm,2019,0
29,0.517,0.733,-4.075,0.0398,0.224,0.0,0.0921,0.426,109.939,172909,edm,2019,0
45,0.782,0.979,-1.817,0.0663,0.184,0.624,0.326,0.935,127.922,150020,edm,2019,0
55,0.575,0.944,-6.593,0.0394,0.00393,0.765,0.0814,0.442,128.001,144833,edm,2019,0
30,0.648,0.708,-2.243,0.0447,0.0167,0.0167,0.215,0.153,128.048,180000,edm,2013,0
51,0.597,0.848,-4.306,0.0287,0.000262,0.0332,0.0995,0.141,130.002,219721,edm,2019,0
0,0.769,0.919,-2.92,0.136,0.0172,0.00144,0.282,0.411,127.994,177154,edm,2014,0
40,0.643,0.864,-6.531,0.0299,3.59e-05,0.78,0.112,0.565,122.008,175372,edm,2019,0
48,0.727,0.695,-7.583,0.28,0.0679,1.44e-05,0.119,0.343,124.003,159267,edm,2019,0
91,0.843,0.391,-7.899,0.0845,0.181,0.0,0.137,0.496,129.972,160627,edm,2019,0
47,0.849,0.628,-5.351,0.0597,0.266,0.085,0.0958,0.0679,123.995,193683,edm,2018,0
41,0.588,0.869,-7.516,0.0589,0.00415,0.752,0.696,0.225,128.028,213984,edm,2019,0
43,0.731,0.783,-4.364,0.257,0.00235,0.168,0.392,0.412,128.075,176250,edm,2018,0
24,0.641,0.584,-8.939,0.0641,0.0293,0.141,0.109,0.0358,121.008,396938,edm,2019,0
42,0.775,0.84,-7.681,0.0402,0.0695,0.775,0.144,0.173,122.023,184549,edm,2019,0
67,0.775,0.825,-5.402,0.0464,0.0506,1.03e-06,0.111,0.95,139.091,182667,edm,2015,0
31,0.679,0.902,-5.719,0.0358,0.0141,0.0828,0.304,0.347,124.016,174734,edm,2019,0
68,0.781,0.526,-6.985,0.293,0.0619,0.0,0.0457,0.662,94.992,235613,edm,2012,0
31,0.712,0.953,-3.441,0.0477,0.0146,0.373,0.277,0.31,128.03,232507,edm,2014,0
22,0.766,0.64,-12.512,0.0607,0.000404,0.872,0.0775,0.152,127.97,143906,edm,2018,0
44,0.733,0.962,-2.705,0.194,0.00288,0.0486,0.0397,0.484,127.998,270627,edm,2019,0
22,0.97,0.557,-5.723,0.144,0.348,0.0559,0.0878,0.514,124.998,497788,edm,2013,0
53,0.593,0.992,-6.58,0.0724,0.00808,0.822,0.165,0.0749,138.052,460870,edm,2018,0
62,0.655,0.726,-4.614,0.0324,0.0587,0.00311,0.145,0.292,128.001,209493,edm,2019,0
82,0.552,0.709,-5.435,0.129,0.611,0.0,0.763,0.528,117.582,157186,edm,2019,0
20,0.636,0.953,-3.74,0.0353,0.0244,0.0164,0.108,0.397,142.011,273803,edm,2016,0
46,0.724,0.9,-2.909,0.0733,0.0892,0.0,0.0806,0.523,125.057,188643,edm,2017,0
37,0.745,0.809,-9.514,0.0514,0.0172,0.00171,0.127,0.474,122.004,453001,edm,2017,0
72,0.544,0.915,-3.405,0.0841,0.129,0.000914,0.115,0.51,126.094,184280,edm,2014,0
30,0.655,0.984,-4.071,0.0677,0.00739,0.0279,0.279,0.499,128.028,195063,edm,2019,0
29,0.569,0.808,-3.341,0.0994,0.102,2.53e-05,0.508,0.475,128.064,202858,edm,2016,0
8,0.819,0.833,-6.296,0.0617,0.00012,0.321,0.184,0.753,127.035,353386,edm,2007,0
26,0.837,0.677,-8.518,0.0412,0.115,0.00161,0.0874,0.798,124.008,285852,edm,2019,0
48,0.78,0.938,-4.034,0.0791,0.071,0.144,0.154,0.407,127.0,221236,edm,2014,0
0,0.525,0.853,-5.258,0.0843,0.0106,0.000207,0.124,0.456,154.94,228867,edm,2015,0
80,0.776,0.864,-4.281,0.0517,0.478,0.0,0.932,0.701,134.992,157494,edm,2019,0
14,0.568,0.827,-4.421,0.078,0.00119,0.038,0.149,0.464,128.02,273765,edm,2015,0
35,0.637,0.904,-3.687,0.0432,0.00162,0.787,0.0941,0.397,128.011,301076,edm,2019,0
66,0.702,0.794,-5.913,0.0562,0.00715,4.56e-05,0.11,0.37,103.972,162081,edm,2019,0
26,0.64,0.906,-5.93,0.0388,0.00167,0.557,0.104,0.246,121.966,196721,edm,2019,0
69,0.715,0.942,-2.889,0.107,0.00175,0.000461,0.0581,0.818,130.019,226162,edm,2018,0
53,0.66,0.937,-1.098,0.18,0.0328,0.0683,0.497,0.449,128.112,204375,edm,2018,0
0,0.679,0.923,-0.378,0.139,0.0697,1.84e-05,0.139,0.652,128.029,217395,edm,2013,0
33,0.508,0.7,-4.594,0.0483,0.26,1.15e-06,0.296,0.291,90.012,214833,edm,2019,0
43,0.668,0.758,-9.36,0.0823,0.121,0.624,0.332,0.0594,114.957,252429,edm,2019,0
4,0.563,0.904,-5.873,0.102,0.000159,0.842,0.0679,0.274,128.035,316875,edm,2013,0
0,0.581,0.965,-5.985,0.0627,0.00435,0.707,0.0534,0.133,130.008,294880,edm,2015,0
34,0.732,0.868,-4.168,0.178,0.0559,0.362,0.126,0.591,126.001,155588,edm,2019,0
0,0.695,0.778,-3.924,0.0363,0.00156,0.0961,0.103,0.0662,127.983,303711,edm,2014,0
0,0.804,0.825,-5.95,0.0747,0.0126,0.0106,0.0838,0.51,122.006,263607,edm,2017,0
33,0.579,0.779,-11.212,0.0395,0.00213,0.774,0.159,0.0961,119.999,276000,edm,2019,0
52,0.579,0.682,-9.897,0.0527,0.266,0.734,0.111,0.137,96.978,225187,edm,2019,0
51,0.708,0.745,-8.801,0.0539,0.617,0.371,0.118,0.0369,110.981,229189,edm,2019,0
67,0.507,0.665,-7.598,0.0474,0.0144,0.0,0.0759,0.4,126.879,213338,edm,2011,0
54,0.542,0.695,-7.566,0.0559,0.19,0.000184,0.515,0.435,144.007,155000,edm,2019,0
30,0.781,0.774,-6.526,0.0412,0.00145,0.905,0.0885,0.464,125.012,208800,edm,2019,0
56,0.597,0.832,-3.865,0.0782,0.114,1.16e-06,0.7,0.374,126.069,176190,edm,2019,0
33,0.871,0.716,-5.941,0.174,0.142,3.4e-05,0.411,0.905,121.011,167479,edm,2019,0
44,0.628,0.98,-2.776,0.0766,0.0105,0.0687,0.444,0.464,128.093,205584,edm,2019,0
71,0.467,0.757,-3.01,0.0517,0.0866,0.0,0.0742,0.383,131.993,254653,edm,2017,0
33,0.844,0.672,-7.508,0.141,0.000815,0.408,0.301,0.228,126.996,483653,edm,2006,0
41,0.585,0.938,-4.887,0.286,0.00926,0.000615,0.194,0.164,128.069,212347,edm,2016,0
9,0.539,0.984,-4.675,0.289,0.0015,0.197,0.124,0.179,128.037,226902,edm,2016,0
43,0.893,0.582,-8.087,0.15,0.2,0.0248,0.0749,0.761,99.988,280413,edm,2018,0
61,0.794,0.531,-6.798,0.0448,0.0184,0.0482,0.101,0.13,117.968,195976,edm,2019,0
48,0.628,0.673,-5.943,0.0406,0.0193,0.0,0.0858,0.57,149.955,196480,edm,2019,0
0,0.431,0.877,-5.677,0.121,0.041,0.00128,0.114,0.484,159.897,195453,edm,2016,0
54,0.895,0.623,-8.275,0.242,0.175,0.000372,0.0913,0.193,127.968,148135,edm,2017,0
34,0.68,0.993,-2.416,0.285,0.00098,0.643,0.347,0.249,130.036,127846,edm,2019,0
11,0.818,0.732,-4.474,0.0334,0.0335,4.95e-05,0.19,0.679,119.002,241933,edm,2009,0
39,0.81,0.791,-5.332,0.0969,0.00237,0.000172,0.209,0.426,125.013,344107,edm,2013,0
26,0.668,0.982,-2.46,0.0433,0.00032,0.114,0.253,0.415,127.984,265050,edm,2014,0
1,0.602,0.965,-0.959,0.074,0.000269,0.00202,0.0859,0.215,128.14,196875,edm,2014,0
35,0.63,0.968,-2.295,0.181,0.00386,0.023,0.135,0.606,150.054,144994,edm,2019,0
21,0.649,0.82,-3.812,0.0558,0.121,0.0,0.0771,0.349,128.096,186094,edm,2019,0
36,0.612,0.965,-3.064,0.0419,0.0032,8.66e-05,0.0754,0.698,126.004,161905,edm,2019,0
35,0.79,0.946,-3.527,0.171,0.00141,0.269,0.173,0.276,128.049,138750,edm,2019,0
48,0.561,0.8,-4.576,0.0324,0.0709,0.000133,0.0934,0.399,96.989,204504,edm,2016,0
0,0.245,0.705,-6.932,0.0628,0.0252,0.00132,0.043,0.07,127.916,243278,edm,2014,0
43,0.825,0.95,-3.743,0.0615,0.00381,0.0394,0.0276,0.939,126.022,214500,edm,2019,0
52,0.655,0.899,-2.314,0.0372,0.00273,3.76e-05,0.34,0.707,126.021,175238,edm,2019,0
1,0.661,0.859,-3.37,0.0652,0.0106,0.0,0.191,0.227,109.943,226909,edm,2016,0
73,0.573,0.739,-5.74,0.129,0.0285,0.0,0.111,0.451,97.085,230227,edm,2015,0
0,0.597,0.857,-4.89,0.0485,0.00233,1.14e-05,0.308,0.0658,128.002,348750,edm,2014,0
0,0.723,0.824,-3.711,0.0852,8.42e-05,0.231,0.0397,0.402,128.071,350625,edm,2013,0
4,0.515,0.479,-11.661,0.138,0.116,0.955,0.109,0.0419,110.148,218141,edm,2015,0
65,0.7,0.701,-3.834,0.161,0.013,0.0,0.461,0.38,93.012,223107,edm,2015,0
78,0.792,0.717,-4.759,0.0393,0.0927,3.59e-05,0.226,0.466,121.985,195547,edm,2016,0
51,0.614,0.972,-3.927,0.088,0.00125,0.0186,0.328,0.411,127.966,170625,edm,2014,0
79,0.818,0.823,-3.563,0.2,0.0663,1.17e-05,0.133,0.52,128.136,160794,edm,2019,0
39,0.612,0.951,-3.351,0.0572,0.0702,0.000112,0.0647,0.657,125.991,179130,edm,2019,0
50,0.616,0.848,-2.934,0.113,0.028,0.0,0.158,0.33,127.89,165469,edm,2019,0
63,0.478,0.848,-3.85,0.0431,0.0934,0.0,0.0925,0.48,149.936,204199,edm,2019,0
10,0.69,0.78,-4.446,0.0594,0.00733,0.00183,0.0729,0.238,126.07,255238,edm,2019,0
36,0.634,0.846,-7.848,0.0456,0.00509,0.695,0.229,0.818,128.009,426947,edm,2005,0
63,0.378,0.963,-3.911,0.0682,0.00882,0.00357,0.294,0.16,103.406,183519,edm,2018,0
55,0.575,0.89,-3.169,0.0416,0.034,3.23e-06,0.047,0.206,128.041,278174,edm,2014,0
49,0.559,0.815,-6.325,0.0445,0.00363,0.0719,0.668,0.209,128.001,328213,edm,2014,0
45,0.513,0.689,-3.548,0.0359,0.172,0.0,0.248,0.41,128.097,208125,edm,2014,0
74,0.66,0.805,-5.352,0.153,0.0192,8.83e-06,0.159,0.625,103.009,193920,edm,2014,0
69,0.554,0.978,-3.554,0.131,0.111,0.0,0.0731,0.594,135.095,162600,edm,2003,0
0,0.585,0.92,-1.862,0.0799,0.00293,0.0,0.4,0.562,163.771,199800,edm,2014,0
72,0.671,0.916,-4.014,0.0397,0.0282,0.00762,0.24,0.803,126.01,189127,edm,2016,0
78,0.448,0.784,-3.686,0.0627,0.106,0.000108,0.668,0.236,136.245,186813,edm,2012,0
79,0.632,0.686,-7.665,0.243,0.549,0.0,0.2,0.329,89.949,170770,edm,2018,0
24,0.687,0.649,-7.006,0.0456,0.0639,0.0032,0.0726,0.586,100.012,237600,edm,2015,0
38,0.674,0.881,-4.15,0.0573,0.00792,0.576,0.127,0.0475,104.962,184716,edm,2019,0
40,0.586,0.859,-4.579,0.147,0.0161,0.0,0.223,0.557,140.076,159429,edm,2019,0
42,0.592,0.85,-2.916,0.084,0.268,3.46e-05,0.262,0.312,128.061,172500,edm,2019,0
9,0.492,0.993,-1.105,0.185,0.0266,0.00112,0.249,0.559,126.524,145512,edm,2019,0
45,0.89,0.683,-3.555,0.0698,0.00707,0.000127,0.0754,0.756,130.036,252923,edm,2019,0
14,0.464,0.873,-3.924,0.0721,0.0789,0.0224,0.329,0.414,129.931,220380,edm,2016,0
17,0.614,0.836,-7.943,0.0446,0.00349,0.804,0.115,0.427,126.993,192756,edm,2019,0
48,0.713,0.965,-3.844,0.0952,0.00478,0.348,0.0548,0.683,123.995,179693,edm,2019,0
45,0.763,0.727,-10.549,0.13,0.0433,0.000256,0.676,0.531,115.02,284308,edm,2014,0
45,0.683,0.69,-4.303,0.0712,0.000586,0.831,0.395,0.379,128.002,371260,edm,2013,0
51,0.466,0.869,-4.275,0.0529,0.0142,0.00241,0.115,0.185,126.113,187150,edm,2019,0
24,0.646,0.98,-2.341,0.0941,0.00087,0.644,0.656,0.406,130.009,228923,edm,2019,0
44,0.636,0.741,-4.857,0.146,0.116,0.744,0.707,0.376,128.324,142559,edm,2019,0
72,0.786,0.696,-5.796,0.0428,0.0234,0.0019,0.0839,0.306,121.974,280070,edm,2011,0
35,0.535,0.818,-6.381,0.0676,0.0096,3.49e-06,0.178,0.166,150.033,182800,edm,2019,0
92,0.511,0.566,-7.23,0.2,0.349,0.0,0.34,0.218,83.903,239836,edm,2018,0
61,0.596,0.738,-3.109,0.0411,0.109,0.0,0.0947,0.461,127.961,217347,edm,2020,0
50,0.455,0.786,-5.544,0.0669,0.142,0.000606,0.336,0.449,108.753,230573,edm,2017,0
66,0.575,0.831,-5.972,0.0356,0.00406,0.000449,0.111,0.377,127.991,223140,edm,2015,0
56,0.689,0.456,-12.307,0.0339,0.000455,0.882,0.07,0.238,126.0,232982,edm,2018,0
42,0.691,0.837,-8.546,0.0806,0.000279,0.00976,0.401,0.41,140.064,145357,edm,2019,0
13,0.956,0.445,-10.175,0.377,0.00332,0.0842,0.507,0.638,128.007,120000,edm,2018,0
0,0.697,0.866,-4.821,0.0482,0.0164,0.752,0.252,0.158,127.993,298475,edm,2015,0
75,0.422,0.711,-4.809,0.0385,0.0176,0.0,0.559,0.321,128.066,244453,edm,2019,0
16,0.686,0.906,-4.886,0.0475,0.00196,0.745,0.052,0.165,129.972,326827,edm,2014,0
0,0.655,0.756,-2.492,0.0533,0.00497,0.0756,0.115,0.122,127.991,326385,edm,2014,0
68,0.603,0.865,-6.913,0.034,0.00991,0.0227,0.203,0.287,123.987,189498,edm,2019,0
0,0.819,0.825,-6.657,0.0654,0.144,0.673,0.0951,0.539,114.992,286500,edm,2016,0
31,0.773,0.754,-7.119,0.075,0.000681,0.134,0.0613,0.701,125.033,113763,edm,2018,0
0,0.725,0.996,1.135,0.0877,0.152,0.0963,0.295,0.355,125.054,215055,edm,2016,0
34,0.496,0.814,-5.643,0.0488,0.0235,0.0,0.121,0.277,179.977,165333,edm,2016,0
44,0.518,0.783,-4.88,0.0406,0.215,9.53e-06,0.14,0.152,125.985,214067,edm,2013,0
34,0.66,0.472,-12.422,0.0732,0.0126,0.0,0.297,0.304,126.051,175238,edm,2019,0
47,0.66,0.786,-7.999,0.0375,0.00464,0.0475,0.315,0.288,122.997,196098,edm,2019,0
32,0.761,0.674,-4.341,0.257,0.00388,2.39e-06,0.291,0.41,126.097,125714,edm,2019,0
57,0.618,0.974,-3.102,0.0994,0.00302,0.267,0.0634,0.112,128.028,148125,edm,2019,0
0,0.583,0.985,-1.826,0.0425,0.0264,0.366,0.489,0.494,108.004,244444,edm,2015,0
36,0.659,0.875,-4.337,0.243,0.011,4.15e-05,0.267,0.517,128.252,174375,edm,2019,0
60,0.649,0.887,-2.782,0.0651,0.000838,0.49,0.295,0.427,128.04,217784,edm,2014,0
14,0.497,0.935,-3.708,0.0382,0.000106,0.819,0.102,0.173,131.979,224784,edm,2019,0
0,0.606,0.873,-3.746,0.0785,5.19e-05,0.35,0.087,0.303,128.007,333755,edm,2013,0
0,0.755,0.9,-4.573,0.168,0.0141,0.153,0.0905,0.164,128.028,297187,edm,2013,0
16,0.626,0.893,-6.868,0.0437,0.000314,0.5,0.319,0.314,128.02,127500,edm,2018,0
21,0.63,0.987,-1.853,0.134,0.0814,0.675,0.361,0.193,127.989,139414,edm,2019,0
52,0.655,0.899,-2.314,0.0372,0.00273,3.76e-05,0.34,0.707,126.021,175238,edm,2019,0
69,0.561,0.735,-6.847,0.0357,0.795,0.0,0.871,0.775,147.975,166673,edm,2019,0
0,0.735,0.948,-5.503,0.059,0.000339,0.853,0.289,0.794,128.038,175251,edm,2013,0
0,0.621,0.924,-5.16,0.0448,0.00635,0.797,0.187,0.64,127.916,188134,edm,2014,0
63,0.636,0.602,-5.546,0.0345,0.0176,0.000179,0.0818,0.291,122.021,222890,edm,2018,0
0,0.886,0.801,-4.781,0.0673,0.0139,0.0,0.136,0.557,117.16,151714,edm,2018,0
66,0.679,0.866,-3.754,0.0566,0.0337,0.0,0.0688,0.441,121.927,183934,edm,2019,0
51,0.587,0.854,-5.656,0.038,0.00152,0.761,0.438,0.132,122.022,200656,edm,2019,0
40,0.703,0.951,-7.562,0.0423,0.00112,0.939,0.102,0.0793,127.999,466000,edm,2018,0
71,0.475,0.815,-6.068,0.124,0.133,0.0,0.11,0.48,126.164,165947,edm,2019,0
54,0.732,0.8,-3.134,0.0665,0.0207,0.148,0.0835,0.491,124.002,182908,edm,2018,0
69,0.777,0.812,-3.206,0.0598,0.0125,0.00233,0.0264,0.283,103.023,185105,edm,2018,0
31,0.855,0.453,-8.888,0.0551,0.441,0.737,0.383,0.354,105.044,187429,edm,2019,0
40,0.761,0.549,-10.617,0.0495,0.861,0.149,0.109,0.667,133.995,125380,edm,2019,0
68,0.666,0.855,-5.318,0.236,0.222,0.0,0.502,0.769,125.943,177143,edm,2018,0
25,0.659,0.984,-6.021,0.0442,0.00394,0.0476,0.0637,0.681,136.999,205920,edm,2020,0
58,0.497,0.944,-3.701,0.0451,0.000186,0.333,0.483,0.318,150.024,179200,edm,2018,0
41,0.667,0.949,-3.228,0.054,0.00287,0.252,0.621,0.0567,127.953,235861,edm,2014,0
20,0.666,0.544,-6.948,0.0361,0.012,0.0,0.0798,0.395,75.018,154692,edm,2020,0
3,0.735,0.948,-5.503,0.059,0.000339,0.853,0.289,0.794,128.038,175251,edm,2020,0
0,0.666,0.932,-1.926,0.0412,0.0655,7.12e-05,0.19,0.645,105.921,213781,edm,2015,0
2,0.832,0.948,-3.979,0.0502,0.192,0.000117,0.0806,0.864,121.973,189957,edm,2017,0
38,0.684,0.609,-8.236,0.0369,0.853,0.902,0.102,0.204,117.973,268475,edm,2019,0
0,0.551,0.63,-9.104,0.0367,0.00308,0.00384,0.509,0.285,127.037,227758,edm,2015,0
52,0.841,0.608,-5.326,0.0402,0.00177,0.0525,0.0382,0.41,123.029,271298,edm,2017,0
0,0.728,0.418,-15.537,0.37,0.0333,0.676,0.555,0.338,123.748,226773,edm,2014,0
46,0.696,0.652,-6.826,0.0461,0.00326,0.67,0.0894,0.13,125.981,403810,edm,2011,0
9,0.547,0.372,-12.4,0.0355,0.00709,0.0,0.256,0.19,120.069,223000,edm,2019,0
1,0.587,0.905,-4.655,0.0419,0.000211,0.942,0.104,0.187,127.982,280990,edm,2014,0
32,0.939,0.403,-7.517,0.1,0.0769,0.0,0.0875,0.602,117.003,153320,edm,2019,0
1,0.803,0.738,-10.136,0.0547,4.13e-05,0.911,0.0514,0.343,123.029,444878,edm,2014,0
41,0.439,0.792,-5.937,0.34,0.197,2.97e-05,0.36,0.202,128.265,217200,edm,2018,0
37,0.635,0.597,-8.209,0.0538,0.0275,0.0268,0.097,0.889,63.972,214000,edm,2019,0
18,0.503,0.966,-3.925,0.0591,0.03,0.827,0.09,0.0378,128.015,283125,edm,2014,0
67,0.672,0.896,-5.278,0.0657,0.122,0.00418,0.0608,0.483,123.941,168508,edm,2019,0
30,0.562,0.782,-5.831,0.113,0.0405,4.3e-05,0.815,0.535,125.163,183555,edm,2019,0
45,0.805,0.962,-8.781,0.0672,0.000683,0.895,0.0806,0.674,126.027,365870,edm,2018,0
0,0.736,0.591,-10.594,0.241,0.599,0.00128,0.0595,0.184,119.97,187016,edm,2018,0
79,0.775,0.696,-5.184,0.0681,0.0559,0.00184,0.157,0.775,92.007,190570,edm,2020,0
41,0.744,0.651,-8.252,0.084,0.0309,0.494,0.661,0.19,138.004,351304,edm,2018,0
44,0.761,0.617,-12.175,0.0732,0.646,0.836,0.16,0.412,120.008,322303,edm,2019,0
38,0.331,0.861,-3.063,0.16,0.00675,0.00145,0.0876,0.126,68.729,195652,edm,2019,0
32,0.504,0.942,-4.814,0.053,0.0137,0.00162,0.084,0.0334,124.045,226452,edm,2019,0
68,0.657,0.827,-4.036,0.0734,0.000704,0.00534,0.065,0.69,145.889,190186,edm,2015,0
48,0.696,0.793,-4.504,0.0402,0.0116,0.000783,0.0626,0.374,110.061,168000,edm,2019,0
65,0.603,0.649,-5.848,0.0476,0.0105,0.0,0.243,0.672,124.073,177209,edm,2018,0
43,0.493,0.818,-6.252,0.0395,0.00121,0.497,0.824,0.0801,128.032,198387,edm,2015,0
5,0.534,0.711,-5.927,0.0368,0.05,0.0031,0.135,0.3,128.102,230635,edm,2015,0
0,0.772,0.825,-8.232,0.115,0.0214,0.85,0.305,0.101,126.015,230507,edm,2009,0
55,0.859,0.673,-6.212,0.253,0.0581,0.00989,0.556,0.23,125.033,218389,edm,2018,0
30,0.621,0.472,-12.291,0.393,0.615,0.136,0.0946,0.267,120.003,200533,edm,2019,0
63,0.84,0.719,-3.333,0.0887,0.0728,0.0188,0.112,0.494,111.993,231964,edm,2019,0
61,0.453,0.801,-3.546,0.106,0.131,0.0,0.861,0.664,149.745,184761,edm,2019,0
37,0.536,0.972,-2.387,0.0737,0.000169,0.801,0.149,0.431,128.02,306133,edm,2014,0
2,0.521,0.728,-5.005,0.0501,0.0352,1.53e-05,0.783,0.32,128.07,185640,edm,2015,0
0,0.552,0.852,-4.682,0.0342,0.000589,0.728,0.273,0.367,126.006,383452,edm,2014,0
42,0.536,0.832,-3.762,0.041,0.00768,0.0,0.054,0.175,130.069,216923,edm,2014,0
70,0.823,0.909,-4.508,0.0635,0.00779,0.0407,0.126,0.787,124.025,188175,edm,2019,0
0,0.742,0.93,-3.669,0.0654,0.00286,0.00779,0.0754,0.337,127.977,293307,edm,2014,0
28,0.609,0.989,-3.51,0.0867,0.000434,0.219,0.0715,0.0358,130.046,171697,edm,2014,0
42,0.657,0.73,-6.294,0.0633,0.118,4.21e-06,0.152,0.249,92.883,215448,edm,2019,0
20,0.587,0.869,-6.676,0.0488,0.0012,0.918,0.94,0.0384,137.995,205342,edm,2018,0
36,0.619,0.896,-8.908,0.0423,0.00946,0.786,0.11,0.458,125.989,420952,edm,2019,0
3,0.6,0.648,-5.247,0.0367,0.0608,0.0,0.138,0.28,120.006,206771,edm,2019,0
17,0.723,0.809,-3.081,0.0625,0.00346,0.00123,0.565,0.274,98.007,176561,edm,2015,0
41,0.527,0.851,-4.102,0.0509,0.0166,0.0,0.0493,0.49,96.962,206907,edm,2017,0
35,0.784,0.896,-7.604,0.211,0.711,0.0345,0.114,0.747,123.93,183871,edm,2018,0
0,0.554,0.867,-2.79,0.053,0.095,5.83e-05,0.102,0.418,150.066,202440,edm,2017,0
43,0.684,0.51,-10.653,0.0414,0.153,0.454,0.122,0.0771,120.028,214022,edm,2019,0
48,0.556,0.958,-3.3,0.0332,0.00388,0.00276,0.0975,0.241,126.072,165785,edm,2019,0
18,0.728,0.963,-5.025,0.135,0.0272,0.321,0.0748,0.846,127.982,120000,edm,2018,0
47,0.54,0.923,-6.288,0.0435,0.0013,0.783,0.339,0.134,124.993,174720,edm,2019,0
37,0.741,0.604,-12.379,0.0867,0.113,0.868,0.135,0.13,123.979,408400,edm,2017,0
41,0.793,0.627,-7.759,0.0616,0.0235,1.76e-05,0.295,0.421,128.05,241867,edm,2009,0
40,0.805,0.687,-8.755,0.0475,0.000444,0.874,0.0677,0.859,121.287,435097,edm,2019,0
67,0.619,0.881,-4.087,0.0335,0.00826,0.0941,0.0995,0.534,128.036,174375,edm,2019,0
15,0.477,0.927,-5.294,0.0832,0.00262,0.634,0.468,0.122,130.052,175393,edm,2019,0
31,0.722,0.949,-4.566,0.0536,0.00319,0.107,0.134,0.605,128.002,139219,edm,2019,0
27,0.516,0.922,-3.902,0.0753,0.00759,0.809,0.0966,0.253,127.854,176250,edm,2017,0
16,0.76,0.655,-10.838,0.0504,0.413,0.694,0.103,0.408,128.014,168750,edm,2019,0
39,0.692,0.957,-2.643,0.248,0.0268,2.82e-05,0.109,0.455,128.041,180107,edm,2017,0
37,0.728,0.933,-5.094,0.0443,0.0665,0.711,0.112,0.6,126.04,156026,edm,2019,0
36,0.748,0.899,-4.317,0.225,0.241,3.43e-05,0.0816,0.486,125.97,165754,edm,2019,0
94,0.88,0.751,-4.258,0.0874,0.177,6.43e-05,0.106,0.884,117.948,157606,edm,2019,0
28,0.702,0.818,-5.261,0.0935,0.00137,0.218,0.0655,0.372,128.006,300000,edm,2012,0
0,0.755,0.869,-4.286,0.305,0.117,3.53e-05,0.119,0.538,127.984,376895,edm,2013,0
48,0.957,0.362,-10.776,0.15,0.0667,0.655,0.412,0.793,119.011,387227,edm,2015,0
48,0.707,0.808,-9.887,0.0503,0.0355,0.0335,0.671,0.241,119.996,476050,edm,2013,0
47,0.62,0.814,-5.328,0.0476,0.0185,5.04e-06,0.337,0.606,124.057,205707,edm,2018,0
0,0.72,0.976,-2.135,0.0772,0.00107,0.0884,0.277,0.335,128.004,273398,edm,2015,0
51,0.646,0.902,-6.505,0.0428,0.00043,0.906,0.0663,0.293,125.001,279188,edm,2018,0
54,0.725,0.877,-4.09,0.0451,0.00365,0.181,0.0594,0.411,127.992,245002,edm,2014,0
39,0.675,0.87,-4.673,0.0866,0.0277,0.404,0.208,0.377,127.001,164409,edm,2019,0
63,0.601,0.726,-4.827,0.0804,0.0053,0.0,0.0638,0.256,124.078,208910,edm,2018,0
14,0.654,0.862,-6.652,0.0428,0.00661,0.0213,0.0829,0.295,127.996,221270,edm,2019,0
32,0.546,0.768,-3.528,0.0416,0.0447,0.0,0.195,0.427,128.035,217500,edm,2016,0
58,0.685,0.871,-6.258,0.0479,0.00139,7.28e-05,0.25,0.102,121.921,170040,edm,2019,0
16,0.576,0.914,-4.037,0.0634,0.047,0.0068,0.183,0.687,127.94,187500,edm,2013,0
0,0.871,0.68,-4.28,0.0856,0.0254,0.0071,0.0752,0.794,130.003,421533,edm,2008,0
76,0.647,0.795,-3.548,0.0372,0.0635,0.0,0.188,0.409,127.992,192402,edm,2019,0
52,0.569,0.789,-4.607,0.123,0.564,0.0,0.294,0.603,160.014,198012,edm,2016,0
62,0.388,0.971,-2.274,0.149,0.00143,0.091,0.433,0.175,194.956,156450,edm,2019,0
33,0.634,0.87,-3.737,0.0354,0.0296,0.000169,0.25,0.273,123.049,208781,edm,2018,0
3,0.456,0.905,-1.405,0.0737,0.000263,0.899,0.0954,0.084,128.078,295781,edm,2014,0
43,0.556,0.923,-3.65,0.147,0.0133,0.0,0.518,0.318,128.026,223960,edm,2014,0
34,0.532,0.659,-4.198,0.437,0.00505,0.287,0.307,0.586,127.339,176240,edm,2014,0
34,0.748,0.921,-4.387,0.0408,0.00597,0.0916,0.133,0.866,125.975,262857,edm,2019,0
76,0.53,0.422,-6.262,0.0342,0.407,0.0,0.107,0.349,119.964,221360,edm,2013,0
33,0.768,0.769,-8.019,0.0655,0.039,0.00285,0.108,0.546,126.014,156038,edm,2020,0
76,0.826,0.817,-4.081,0.0921,0.00502,1.09e-05,0.294,0.168,97.053,235497,edm,2019,0
34,0.602,0.959,-7.36,0.0493,0.0153,0.799,0.0934,0.239,127.995,213585,edm,2019,0
17,0.626,0.976,-3.856,0.0725,0.00152,0.105,0.389,0.35,126.052,131429,edm,2019,0
19,0.726,0.573,-10.329,0.0542,0.0213,0.00018,0.72,0.559,120.029,129500,edm,2019,0
13,0.656,0.983,-3.351,0.051,0.00723,0.718,0.0968,0.193,127.942,215625,edm,2013,0
1,0.662,0.831,-4.382,0.226,0.13,2.93e-05,0.225,0.379,126.121,174446,edm,2016,0
17,0.631,0.893,-5.733,0.0592,0.000214,0.0349,0.699,0.15,129.992,293538,edm,2015,0
72,0.587,0.92,-4.697,0.0914,0.0936,0.073,0.185,0.35,126.035,172381,edm,2019,0
58,0.765,0.733,-6.302,0.0582,0.205,1.28e-05,0.593,0.47,125.037,220800,edm,2019,0
0,0.692,0.968,-3.606,0.0459,0.00115,0.763,0.0732,0.415,127.956,247515,edm,2015,0
66,0.74,0.674,-4.374,0.0476,0.00903,0.238,0.154,0.231,126.017,153697,edm,2020,0
47,0.544,0.811,-2.271,0.0515,0.052,0.0,0.121,0.188,129.011,206320,edm,2016,0
0,0.562,0.981,-4.704,0.0951,0.00464,0.00598,0.834,0.0567,129.945,188308,edm,2015,0
16,0.902,0.697,-7.501,0.0838,0.141,0.000158,0.313,0.683,122.026,189165,edm,2020,0
30,0.718,0.683,-2.99,0.0456,0.00315,0.0348,0.106,0.519,127.988,361055,edm,2012,0
67,0.642,0.818,-4.552,0.032,0.0567,0.0,0.0919,0.59,124.957,253040,edm,2019,0
26,0.734,0.931,-3.694,0.0681,0.00488,0.183,0.506,0.331,125.967,126726,edm,2019,0
46,0.725,0.817,-5.356,0.102,0.00729,0.0337,0.135,0.652,128.014,198750,edm,2019,0
64,0.456,0.749,-4.844,0.0834,0.00463,0.0,0.192,0.253,137.958,203291,edm,2019,0
48,0.692,0.781,-4.666,0.0791,0.0252,0.0,0.102,0.411,120.011,133505,edm,2019,0
27,0.828,0.945,-3.725,0.216,0.0241,0.00401,0.437,0.586,126.002,164396,edm,2018,0
58,0.805,0.918,-3.1,0.0324,0.0174,0.786,0.0842,0.657,125.98,189048,edm,2019,0
45,0.806,0.64,-8.055,0.107,0.00144,0.851,0.295,0.184,123.004,255610,edm,2017,0
29,0.634,0.856,-2.893,0.184,0.00131,0.145,0.177,0.273,128.024,277515,edm,2016,0
36,0.685,0.863,-5.803,0.129,0.00353,0.169,0.108,0.449,128.025,183750,edm,2012,0
0,0.499,0.847,-4.803,0.116,0.0112,0.0,0.486,0.257,128.114,209243,edm,2014,0
38,0.761,0.681,-6.467,0.49,0.075,7.97e-06,0.622,0.209,127.993,143564,edm,2019,0
38,0.644,0.936,-2.925,0.099,0.00514,0.00236,0.143,0.255,118.007,201500,edm,2019,0
69,0.689,0.946,-3.814,0.0397,0.00658,0.00189,0.262,0.392,125.037,182400,edm,2019,0
2,0.754,0.856,-9.583,0.0522,0.0134,0.827,0.113,0.116,124.003,420000,edm,2018,0
40,0.858,0.943,-4.358,0.0663,0.000759,0.389,0.11,0.716,125.988,171429,edm,2019,0
45,0.867,0.811,-2.933,0.062,0.0061,0.0243,0.0648,0.687,135.099,230561,edm,2018,0
32,0.693,0.86,-3.526,0.0635,0.00353,0.0387,0.329,0.478,124.027,164516,edm,2019,0
58,0.576,0.797,-5.476,0.0499,0.0166,3.23e-05,0.21,0.137,110.051,205773,edm,2018,0
35,0.647,0.827,-4.163,0.0519,0.0158,0.000208,0.429,0.573,102.017,217981,edm,2017,0
17,0.399,0.916,-4.674,0.25,0.0129,0.00601,0.1,0.0393,170.276,163765,edm,2018,0
45,0.688,0.596,-7.278,0.0314,0.419,0.0,0.104,0.853,139.024,170026,edm,2019,0
36,0.69,0.854,-4.895,0.103,0.0114,0.793,0.0662,0.618,150.014,173600,edm,2019,0
24,0.839,0.603,-7.65,0.0486,0.0111,1.86e-06,0.132,0.515,115.992,236043,edm,2020,0
58,0.637,0.631,-6.132,0.0783,0.141,1.39e-06,0.0901,0.425,99.197,195492,edm,2019,0
52,0.435,0.751,-4.999,0.0599,0.128,0.0,0.253,0.346,124.332,224762,edm,2018,0
34,0.691,0.85,-2.965,0.0581,0.0168,0.00459,0.0646,0.348,128.02,337500,edm,2013,0
45,0.511,0.716,-4.028,0.0572,0.059,0.0,0.214,0.226,124.947,188160,edm,2019,0
72,0.617,0.85,-2.945,0.114,0.0287,0.0,0.159,0.35,127.883,165469,edm,2019,0
43,0.904,0.768,-4.961,0.237,0.141,0.0172,0.104,0.866,107.937,218797,edm,2011,0
39,0.466,0.585,-5.347,0.0432,0.288,0.0,0.212,0.289,126.054,203613,edm,2018,0
47,0.661,0.887,-3.996,0.0736,0.00108,0.757,0.0756,0.159,127.992,270000,edm,2014,0
30,0.643,0.97,-5.614,0.0462,0.0136,0.0409,0.0602,0.594,128.008,247500,edm,2019,0
10,0.594,0.978,-3.123,0.138,7e-05,0.000668,0.363,0.389,128.039,271253,edm,2014,0
13,0.63,0.958,-3.465,0.0758,0.0196,0.29,0.372,0.193,127.969,124233,edm,2019,0
19,0.754,0.434,-8.458,0.135,0.0746,0.768,0.104,0.278,126.991,151181,edm,2019,0
64,0.705,0.825,-2.927,0.215,0.00933,0.00511,0.221,0.269,129.855,202615,edm,2019,0
6,0.5,0.726,-4.124,0.0643,0.0362,0.0,0.441,0.397,125.904,210013,edm,2015,0
15,0.634,0.658,-10.435,0.0334,0.000968,0.343,0.077,0.314,128.009,356250,edm,2019,0
28,0.663,0.846,-6.495,0.102,0.0251,0.153,0.429,0.315,110.038,283471,edm,2019,0
88,0.694,0.758,-2.986,0.218,0.278,1.34e-06,0.102,0.371,192.091,185195,edm,2019,0
10,0.557,0.941,-4.14,0.0658,0.00689,0.801,0.112,0.0797,127.973,176250,edm,2019,0
53,0.628,0.8,-7.394,0.0691,0.0737,0.455,0.203,0.352,119.943,244000,edm,2019,0
46,0.663,0.866,-7.046,0.0369,0.00125,0.4,0.0346,0.283,122.997,425123,edm,2018,0
12,0.738,0.776,-4.808,0.0392,0.0234,0.0018,0.0775,0.608,127.984,215520,edm,2012,0
11,0.474,0.756,-2.973,0.0518,0.0747,0.0,0.0693,0.413,131.84,255066,edm,2015,0
61,0.682,0.91,-2.314,0.0431,0.00953,0.0673,0.0732,0.536,122.943,159500,edm,2019,0
61,0.478,0.818,-5.076,0.0377,0.00292,0.00789,0.438,0.163,127.953,226867,edm,2013,0
2,0.722,0.827,-6.501,0.0659,0.0844,9.14e-05,0.0654,0.346,121.896,197954,edm,2014,0
3,0.686,0.769,-8.446,0.0442,0.0385,0.921,0.111,0.0374,126.991,366619,edm,2016,0
24,0.671,0.799,-5.346,0.0519,0.0235,0.00404,0.352,0.312,127.965,216573,edm,2020,0
43,0.569,0.924,-3.433,0.074,0.00698,0.000464,0.426,0.0455,127.906,169680,edm,2019,0
45,0.952,0.846,-5.805,0.247,0.0515,1.26e-06,0.317,0.597,117.946,117053,edm,2019,0
76,0.743,0.733,-5.337,0.0375,0.00402,0.0,0.304,0.622,104.977,189467,edm,2017,0
9,0.606,0.993,-2.509,0.074,0.0372,0.0664,0.367,0.125,128.012,169760,edm,2010,0
1,0.755,0.698,-6.85,0.0483,0.0566,0.0166,0.112,0.81,122.984,285000,edm,2015,0
16,0.792,0.868,-7.454,0.0602,0.00181,0.907,0.0596,0.817,125.021,124800,edm,2018,0
64,0.636,0.836,-3.004,0.0427,0.00609,0.000157,0.0828,0.715,139.956,193253,edm,2016,0
98,0.896,0.586,-6.687,0.0559,0.104,0.0,0.79,0.642,116.971,196653,edm,2019,0
43,0.567,0.931,-3.593,0.188,0.265,0.00453,0.223,0.209,103.502,169511,edm,2019,0
0,0.486,0.706,-4.746,0.0435,0.239,0.0,0.138,0.375,172.006,154186,edm,2018,0
24,0.578,0.788,-12.179,0.0359,0.032,0.931,0.0757,0.0786,124.005,300000,edm,2019,0
40,0.816,0.97,-5.229,0.128,0.00107,0.832,0.32,0.893,127.007,261463,edm,2019,0
35,0.645,0.814,-5.934,0.0667,0.164,1.64e-06,0.213,0.519,145.036,190345,edm,2016,0
75,0.646,0.644,-6.763,0.031,0.0243,0.0,0.0888,0.251,99.999,221520,edm,2017,0
40,0.886,0.712,-5.928,0.11,0.0021,0.593,0.0282,0.49,123.018,273988,edm,2017,0
83,0.651,0.693,-4.722,0.0375,0.458,0.0,0.335,0.392,118.97,236765,edm,2019,0
32,0.655,0.711,-8.596,0.0347,0.00508,0.77,0.0815,0.498,120.007,208000,edm,2019,0
0,0.775,0.912,-3.19,0.209,0.077,0.000433,0.319,0.726,125.996,126190,edm,2018,0
40,0.538,0.977,-3.46,0.0545,0.0111,0.637,0.122,0.0808,128.001,192533,edm,2018,0
0,0.666,0.894,-4.422,0.0511,0.000108,0.721,0.169,0.0424,129.993,360168,edm,2013,0
13,0.448,0.817,-4.069,0.386,0.128,0.0,0.105,0.709,83.015,187973,edm,2016,0
58,0.722,0.922,-4.243,0.124,0.161,0.826,0.438,0.297,125.07,164160,edm,2019,0
52,0.645,0.833,-4.887,0.0532,0.0104,1.59e-05,0.124,0.177,125.015,237990,edm,2019,0
47,0.974,0.596,-7.835,0.226,0.156,0.513,0.418,0.92,121.513,240813,edm,2009,0
44,0.577,0.546,-10.666,0.146,0.434,0.0,0.107,0.375,95.087,152289,edm,2019,0
20,0.581,0.933,-4.176,0.0618,0.0135,0.377,0.52,0.0379,127.885,136875,edm,2019,0
27,0.545,0.774,-3.689,0.044,0.00148,0.933,0.559,0.212,128.026,301890,edm,2014,0
1,0.8,0.876,-6.815,0.305,0.0268,0.506,0.301,0.449,132.675,345896,edm,2006,0
38,0.51,0.785,-3.096,0.0495,0.0284,0.0,0.167,0.155,129.068,213853,edm,2016,0
55,0.83,0.403,-11.361,0.0451,0.136,0.816,0.109,0.4,124.001,376079,edm,2016,0
13,0.715,0.578,-7.401,0.0407,0.0271,0.0,0.246,0.657,123.009,201463,edm,2019,0
24,0.604,0.938,-4.29,0.0458,0.000313,0.0117,0.0621,0.135,127.994,285000,edm,2019,0
41,0.759,0.851,-3.796,0.158,0.0002,0.0941,0.16,0.151,125.968,177143,edm,2019,0
38,0.546,0.959,-4.678,0.074,0.00833,0.601,0.287,0.306,128.054,243865,edm,2019,0
13,0.761,0.592,-8.395,0.0458,0.00166,0.86,0.404,0.0738,125.003,409991,edm,2018,0
64,0.685,0.807,-5.095,0.0459,0.00231,0.00936,0.0678,0.149,137.976,189878,edm,2019,0
19,0.683,0.728,-6.377,0.0402,0.31,0.826,0.0742,0.966,127.993,136875,edm,2019,0
48,0.368,0.823,-6.245,0.0804,0.00234,1.91e-06,0.174,0.323,128.004,195467,edm,2013,0
36,0.572,0.916,-3.733,0.107,0.000588,0.00772,0.373,0.4,150.04,193669,edm,2019,0
38,0.85,0.53,-8.546,0.125,0.136,0.0763,0.271,0.288,124.003,183904,edm,2018,0
41,0.694,0.738,-5.02,0.115,0.00523,0.281,0.0865,0.485,125.079,195960,edm,2019,0
30,0.7,0.882,-9.55,0.0529,0.0206,0.862,0.081,0.243,129.995,238147,edm,2019,0
48,0.619,0.979,-6.194,0.108,0.0277,0.06,0.296,0.13,130.009,238128,edm,2015,0
50,0.688,0.678,-10.087,0.0499,0.0132,0.864,0.0823,0.157,126.012,468822,edm,2018,0
42,0.765,0.719,-7.283,0.0581,0.305,0.000468,0.17,0.458,125.988,165079,edm,2018,0
20,0.636,0.953,-3.74,0.0353,0.0244,0.0164,0.108,0.397,142.011,273803,edm,2016,0
45,0.688,0.83,-5.742,0.0543,0.00308,0.000966,0.219,0.632,122.039,216125,edm,2019,0
41,0.574,0.605,-6.193,0.0397,0.0963,0.0,0.206,0.242,127.952,197344,edm,2019,0
41,0.706,0.39,-16.294,0.0463,0.0513,0.874,0.0941,0.563,128.02,247500,edm,2019,0
9,0.662,0.81,-4.442,0.0441,0.00127,0.00653,0.0886,0.224,128.007,216967,edm,2015,0
65,0.614,0.972,-3.927,0.088,0.00125,0.0186,0.328,0.411,127.966,170625,edm,2014,0
42,0.737,0.932,-3.772,0.0786,0.00202,0.0503,0.115,0.0736,128.001,286754,edm,2014,0
62,0.638,0.725,-7.232,0.0326,0.0991,1.12e-05,0.348,0.426,104.929,175429,edm,2019,0
55,0.644,0.915,-3.907,0.0397,0.0336,0.0148,0.0647,0.529,124.953,173680,edm,2016,0
31,0.414,0.72,-6.128,0.145,0.00388,2.72e-06,0.146,0.34,167.859,201506,edm,2017,0
48,0.494,0.81,-4.37,0.0533,0.0564,0.0,0.104,0.426,104.913,173440,edm,2017,0
48,0.851,0.462,-5.463,0.163,0.00569,0.816,0.0446,0.185,128.032,223000,edm,2015,0
35,0.667,0.754,-5.093,0.207,0.218,3.73e-05,0.292,0.403,123.024,223913,edm,2019,0
52,0.747,0.973,-6.415,0.037,0.000362,0.565,0.308,0.983,128.127,412973,edm,2020,0
21,0.833,0.918,-5.601,0.0914,0.137,0.0698,0.239,0.481,124.993,175000,edm,2019,0
63,0.623,0.84,-5.446,0.123,0.0173,0.0,0.363,0.539,123.068,189268,edm,2019,0
0,0.771,0.84,-5.164,0.0492,0.000398,0.867,0.117,0.168,129.001,324383,edm,2013,0
41,0.661,0.869,-4.314,0.0388,0.00445,0.851,0.0343,0.374,139.99,198466,edm,2014,0
57,0.567,0.992,-2.687,0.273,0.000465,0.00646,0.213,0.0999,128.024,153784,edm,2015,0
60,0.692,0.666,-7.998,0.0449,0.0259,1.92e-05,0.347,0.259,89.995,156000,edm,2018,0
77,0.36,0.89,-5.645,0.0383,0.0171,0.252,0.146,0.0897,106.554,185916,edm,2019,0
53,0.726,0.697,-6.257,0.0404,0.0997,0.00733,0.0823,0.54,120.004,202586,edm,2015,0
35,0.54,0.601,-8.627,0.192,0.0907,0.000104,0.0905,0.133,129.144,219855,edm,2018,0
40,0.603,0.953,-3.838,0.0382,0.084,0.878,0.308,0.209,128.032,213750,edm,2019,0
53,0.639,0.591,-3.905,0.0344,0.128,6.69e-06,0.159,0.305,128.002,225000,edm,2019,0
50,0.582,0.835,-4.899,0.222,0.133,0.0,0.102,0.496,160.09,189509,edm,2017,0
23,0.641,0.734,-8.714,0.0436,0.00222,0.248,0.0966,0.157,150.024,236800,edm,2019,0
56,0.552,0.831,-5.217,0.0298,0.0391,2.93e-06,0.0632,0.144,129.889,204360,edm,2013,0
37,0.593,0.87,-4.014,0.0656,0.0277,0.0,0.1,0.577,125.045,202560,edm,2019,0
39,0.696,0.93,-4.918,0.0515,0.0128,0.624,0.0881,0.505,127.992,208196,edm,2016,0
26,0.594,0.915,-3.575,0.0703,0.0847,0.0,0.874,0.231,128.055,158682,edm,2019,0
23,0.547,0.662,-6.076,0.101,0.0417,0.0,0.106,0.132,93.904,217838,edm,2017,0
47,0.676,0.903,-3.872,0.055,0.00457,0.617,0.138,0.642,125.0,189765,edm,2019,0
36,0.562,0.472,-8.188,0.121,0.037,0.000108,0.385,0.273,149.96,216560,edm,2017,0
44,0.774,0.573,-9.315,0.0647,0.0158,0.0628,0.132,0.475,101.976,214118,edm,2019,0
10,0.696,0.972,-3.731,0.24,0.000483,0.00858,0.0713,0.368,127.918,152555,edm,2016,0
6,0.685,0.902,-2.778,0.0429,0.016,5.01e-06,0.147,0.472,104.979,168000,edm,2019,0
11,0.672,0.824,-5.849,0.031,0.147,0.000253,0.369,0.412,125.982,194286,edm,2019,0
28,0.621,0.967,-4.907,0.335,0.0091,0.255,0.334,0.34,135.04,235572,edm,2019,0
20,0.704,0.899,-3.503,0.0876,0.00425,0.174,0.124,0.155,128.026,351749,edm,2015,0
79,0.644,0.548,-5.416,0.0286,0.0209,8.68e-06,0.134,0.166,90.042,253813,edm,2007,0
38,0.545,0.702,-6.269,0.0473,0.0399,0.0,0.118,0.329,95.989,211250,edm,2019,0
58,0.679,0.933,-3.671,0.0494,0.00391,4.75e-05,0.109,0.328,120.08,165227,edm,2017,0
77,0.891,0.625,-7.861,0.0558,0.00261,0.000176,0.0504,0.548,134.967,267067,edm,2016,0
58,0.522,0.941,-3.357,0.25,0.00621,3.63e-06,0.956,0.0994,130.088,202154,edm,2017,0
22,0.851,0.868,-3.138,0.0845,0.000257,0.755,0.0336,0.571,128.009,146250,edm,2019,0
39,0.677,0.917,-5.069,0.0407,0.00871,0.231,0.681,0.43,128.008,355398,edm,2014,0
28,0.605,0.881,-5.526,0.0583,0.00215,0.746,0.448,0.159,129.99,190279,edm,2019,0
0,0.592,0.874,-2.061,0.155,0.0675,0.000805,0.134,0.678,127.998,216562,edm,2013,0
37,0.626,0.769,-4.072,0.0499,0.00142,0.0108,0.144,0.118,125.996,247387,edm,2019,0
32,0.746,0.947,-5.984,0.057,0.201,0.574,0.55,0.51,125.013,214445,edm,2019,0
51,0.838,0.765,-2.332,0.0462,0.0514,0.00021,0.0297,0.905,100.021,195988,edm,2017,0
28,0.619,0.737,-4.333,0.0435,0.00852,0.000103,0.46,0.385,124.941,211200,edm,2019,0
24,0.653,0.983,-4.434,0.0753,0.00161,0.795,0.293,0.474,128.013,207129,edm,2019,0
33,0.784,0.714,-3.167,0.0753,0.00763,0.744,0.0937,0.41,125.027,143160,edm,2019,0
62,0.744,0.728,-6.971,0.0755,0.504,0.0,0.472,0.608,84.003,212480,edm,2019,0
60,0.794,0.896,-1.514,0.0677,0.00371,0.615,0.0876,0.5,125.999,190476,edm,2015,0
17,0.813,0.709,-6.414,0.0884,0.00775,0.833,0.598,0.714,124.01,294194,edm,2019,0
25,0.695,0.899,-3.755,0.0323,0.0689,1.65e-06,0.0834,0.598,124.012,199360,edm,2018,0
56,0.627,0.778,-4.317,0.0409,0.0214,0.0,0.126,0.366,127.977,225742,edm,2019,0
55,0.355,0.789,-4.358,0.165,0.0148,0.0,0.0355,0.169,80.444,237686,edm,2019,0
5,0.691,0.76,-9.434,0.0387,0.000768,0.869,0.159,0.0435,123.005,503419,edm,2015,0
40,0.637,0.837,-6.12,0.0372,0.0098,0.0296,0.129,0.0517,122.969,213978,edm,2019,0
71,0.608,0.47,-6.73,0.0428,0.226,0.0,0.0963,0.241,81.0,227275,edm,2019,0
47,0.594,0.65,-5.073,0.0404,0.014,0.0142,0.267,0.106,126.0,255484,edm,2015,0
42,0.743,0.832,-4.644,0.0733,0.0299,0.0104,0.123,0.227,127.996,171562,edm,2018,0
44,0.682,0.799,-4.302,0.122,0.0981,0.0,0.315,0.864,107.892,177143,edm,2018,0
50,0.494,0.817,-7.631,0.175,0.105,0.00217,0.207,0.187,127.915,225000,edm,2020,0
67,0.447,0.684,-4.721,0.09,0.175,0.0,0.478,0.437,125.655,175312,edm,2019,0
32,0.502,0.91,-4.627,0.039,0.00107,0.701,0.315,0.296,135.012,164889,edm,2019,0
62,0.746,0.817,-5.226,0.0612,0.00389,0.00236,0.158,0.343,123.022,181463,edm,2019,0
0,0.757,0.885,-5.109,0.146,0.000921,0.919,0.0484,0.258,128.009,225000,edm,2014,0
28,0.663,0.775,-4.517,0.0384,0.105,0.00356,0.371,0.16,127.97,335701,edm,2017,0
58,0.62,0.731,-5.881,0.03,0.00409,0.751,0.11,0.107,123.994,184000,edm,2019,0
45,0.684,0.642,-9.127,0.0285,0.0181,0.00626,0.139,0.316,119.974,192125,edm,2019,0
42,0.766,0.446,-6.749,0.0343,0.396,0.000204,0.025,0.742,96.99,179650,edm,2019,0
10,0.827,0.712,-7.676,0.0556,0.00805,2.47e-06,0.0878,0.133,128.006,157500,edm,2016,0
24,0.648,0.857,-3.53,0.112,0.0206,2.28e-06,0.808,0.52,126.981,166299,edm,2019,0
62,0.44,0.867,-4.402,0.061,0.552,9.45e-06,0.115,0.452,123.43,203226,edm,2019,0
63,0.752,0.84,-4.451,0.0373,0.00486,0.0109,0.0916,0.461,124.002,279800,edm,2019,0
70,0.732,0.85,-5.999,0.0444,0.114,2.02e-06,0.0388,0.372,124.024,193548,edm,2019,0
75,0.413,0.856,-4.078,0.0808,0.0289,0.00571,0.343,0.35,128.017,212960,edm,2014,0
38,0.813,0.885,-2.481,0.215,0.0015,0.000977,0.0954,0.351,124.016,209032,edm,2019,0
9,0.585,0.564,-5.794,0.0838,0.00256,0.000374,0.39,0.197,128.051,347109,edm,2012,0
90,0.883,0.668,-2.957,0.113,0.11,0.000529,0.0734,0.676,87.972,226533,edm,2019,0
0,0.789,0.808,-9.707,0.0968,8.09e-05,0.491,0.0477,0.64,125.022,343685,edm,2009,0
15,0.536,0.771,-2.028,0.309,0.322,0.901,0.0653,0.133,128.087,172266,edm,2012,0
53,0.591,0.759,-3.785,0.0404,0.0484,1.23e-06,0.108,0.235,130.043,203077,edm,2019,0
48,0.376,0.654,-5.531,0.171,0.435,0.0,0.258,0.571,77.777,224480,latin,2009,0
28,0.664,0.518,-7.443,0.0343,0.455,0.0,0.149,0.534,102.01,200224,latin,2020,0
51,0.709,0.47,-8.718,0.272,0.128,5.48e-06,0.416,0.543,170.014,218294,latin,2019,0
49,0.776,0.857,-5.824,0.0598,0.29,4.47e-06,0.125,0.552,95.02,254027,latin,2006,0
57,0.884,0.743,-7.65,0.112,0.116,0.00011,0.127,0.781,95.997,212480,latin,2003,0
67,0.766,0.763,-5.702,0.205,0.376,0.000176,0.1,0.732,186.004,248160,latin,2019,0
76,0.829,0.51,-9.334,0.0369,0.00821,0.0014,0.0829,0.45,119.993,208133,latin,2014,0
0,0.706,0.763,-6.318,0.163,0.264,0.0,0.0749,0.821,89.92,217627,latin,2009,0
49,0.692,0.885,-3.132,0.0466,0.425,0.00256,0.239,0.923,126.228,208640,latin,1998,0
73,0.783,0.537,-2.921,0.0795,0.278,0.0,0.229,0.393,113.988,222866,latin,2018,0
55,0.774,0.783,-4.544,0.351,0.139,0.0,0.622,0.683,101.981,144116,latin,2019,0
0,0.722,0.785,-8.895,0.122,0.176,0.00081,0.121,0.668,127.881,165224,latin,2008,0
0,0.804,0.931,-5.631,0.156,0.16,0.0,0.0903,0.764,104.992,235860,latin,2015,0
76,0.657,0.695,-4.493,0.0321,0.0108,0.0,0.0822,0.683,65.997,212107,latin,2009,0
0,0.949,0.455,-4.239,0.0555,0.0306,7.72e-06,0.0713,0.738,100.981,231627,latin,2010,0
71,0.754,0.804,-3.177,0.0853,0.00332,0.0,0.0329,0.818,119.968,203867,latin,2010,0
82,0.749,0.925,-5.034,0.227,0.241,0.0,0.52,0.641,86.989,263373,latin,2010,0
2,0.631,0.67,-6.958,0.153,0.0247,0.0,0.128,0.884,213.99,185013,latin,2008,0
79,0.851,0.701,-3.649,0.0396,0.311,0.000211,0.163,0.527,98.039,173827,latin,2019,0
67,0.594,0.789,-4.469,0.0522,0.213,0.0,0.0732,0.576,179.95,253333,latin,2019,0
0,0.706,0.845,-4.473,0.176,0.53,0.0,0.249,0.887,81.499,208480,latin,2015,0
46,0.808,0.873,-2.912,0.238,0.0418,0.0,0.0818,0.913,109.987,245827,latin,2016,0
41,0.772,0.633,-6.231,0.0358,0.285,0.0,0.297,0.63,98.091,153673,latin,2019,0
75,0.758,0.629,-5.579,0.0852,0.463,1.8e-06,0.113,0.575,97.006,203923,latin,2019,0
0,0.675,0.919,-6.075,0.0366,0.0606,0.00653,0.103,0.726,97.017,252773,latin,2012,0
64,0.617,0.771,-5.586,0.112,0.0384,3.32e-06,0.162,0.553,180.002,267747,latin,2008,0
51,0.765,0.816,-3.99,0.0595,0.124,8.06e-05,0.197,0.624,89.005,212027,latin,2016,0
53,0.585,0.746,-5.108,0.309,0.089,0.0,0.0697,0.459,177.738,185002,latin,2019,0
71,0.694,0.63,-6.84,0.162,0.0998,0.000635,0.12,0.341,90.045,189493,latin,2018,0
52,0.66,0.491,-8.368,0.0697,0.828,0.0,0.151,0.322,124.027,263640,latin,2019,0
65,0.592,0.487,-9.052,0.251,0.485,0.0,0.0768,0.638,170.285,205569,latin,2017,0
32,0.738,0.799,-3.182,0.0722,0.0197,0.0,0.116,0.553,94.009,189894,latin,2018,0
76,0.742,0.858,-4.946,0.0483,0.0826,0.0,0.364,0.64,95.049,194742,latin,2017,0
52,0.733,0.633,-6.218,0.159,0.371,7.14e-05,0.107,0.73,99.988,195136,latin,2019,0
62,0.691,0.829,-4.627,0.158,0.102,0.000177,0.0698,0.564,172.161,163294,latin,2018,0
72,0.729,0.805,-3.83,0.184,0.19,0.225,0.0909,0.345,191.994,225373,latin,2019,0
39,0.764,0.624,-9.586,0.0399,0.547,0.833,0.108,0.485,112.016,244660,latin,2019,0
7,0.728,0.601,-7.038,0.034,0.00552,0.0,0.312,0.461,92.029,211424,latin,2020,0
66,0.808,0.697,-5.899,0.241,0.041,0.0,0.0546,0.554,95.06,232020,latin,2004,0
68,0.593,0.787,-3.67,0.34,0.303,0.0,0.0917,0.495,191.772,204064,latin,2019,0
38,0.726,0.676,-6.314,0.0349,0.102,0.00192,0.265,0.752,116.991,127838,latin,2018,0
62,0.732,0.555,-7.973,0.0326,0.625,0.0,0.112,0.729,114.981,206612,latin,2019,0
53,0.886,0.637,-7.654,0.0766,0.213,0.00747,0.0667,0.617,102.026,191941,latin,2019,0
12,0.822,0.809,-7.84,0.0845,0.0249,0.000702,0.0887,0.803,95.025,212400,latin,2004,0
45,0.526,0.875,-2.403,0.0379,0.205,2.65e-06,0.34,0.467,128.019,185156,latin,2019,0
15,0.704,0.425,-11.724,0.0286,0.0185,0.000162,0.0837,0.323,101.58,198733,latin,1990,0
51,0.648,0.712,-8.184,0.0341,0.203,0.0,0.24,0.451,94.971,212213,latin,2019,0
50,0.656,0.723,-5.744,0.0509,0.0267,0.0,0.0951,0.498,136.128,206489,latin,2019,0
0,0.726,0.784,-6.053,0.239,0.0607,0.0,0.112,0.651,192.068,171147,latin,2005,0
60,0.588,0.61,-5.008,0.234,0.534,0.0,0.303,0.645,99.926,204081,latin,2016,0
75,0.837,0.784,-4.531,0.101,0.175,0.0,0.0897,0.748,94.036,217653,latin,2018,0
69,0.661,0.676,-6.377,0.139,0.134,1.68e-06,0.109,0.494,171.951,184889,latin,2019,0
31,0.642,0.803,-3.663,0.0415,0.429,0.378,0.102,0.646,113.401,150483,latin,2019,0
82,0.864,0.869,-2.963,0.139,0.146,0.0,0.063,0.853,99.988,219933,latin,2019,0
35,0.794,0.798,-4.791,0.0602,0.0651,9.18e-05,0.233,0.629,105.069,228571,latin,2020,0
74,0.585,0.62,-8.09,0.0327,0.0426,0.00224,0.15,0.281,101.939,172227,latin,2019,0
42,0.877,0.503,-8.732,0.328,0.263,0.00231,0.178,0.579,90.066,173333,latin,2017,0
69,0.611,0.791,-3.558,0.173,0.19,3.02e-06,0.12,0.658,192.07,245000,latin,2018,0
0,0.746,0.733,-6.376,0.124,0.378,0.0,0.124,0.539,100.168,165026,latin,2015,0
67,0.68,0.942,-4.21,0.0628,0.175,0.0013,0.117,0.65,123.99,229813,latin,2018,0
60,0.785,0.582,-4.877,0.237,0.191,0.0,0.2,0.861,71.774,231360,latin,2007,0
91,0.676,0.771,-3.675,0.0483,0.0237,7e-06,0.102,0.569,99.048,207133,latin,2019,0
20,0.842,0.874,-11.12,0.221,0.0345,0.694,0.295,0.504,90.734,209827,latin,1993,0
50,0.717,0.614,-7.082,0.0328,0.13,0.000312,0.169,0.42,123.999,176347,latin,2016,0
74,0.761,0.838,-3.073,0.0502,0.4,0.0,0.176,0.71,93.974,222560,latin,2016,0
3,0.687,0.778,-6.623,0.101,0.209,0.0,0.117,0.865,172.047,240733,latin,2012,0
61,0.865,0.699,-4.921,0.0668,0.334,0.0,0.104,0.536,95.016,208840,latin,2018,0
40,0.658,0.334,-13.731,0.129,0.408,1.25e-05,0.67,0.641,80.684,191141,latin,2019,0
72,0.724,0.904,-3.354,0.0966,0.0786,0.0,0.226,0.846,90.999,200813,latin,2016,0
44,0.762,0.785,-5.124,0.0343,0.0599,0.0,0.107,0.674,115.027,165391,latin,2019,0
50,0.754,0.716,-6.165,0.0633,0.121,0.00266,0.661,0.668,95.018,157000,latin,2019,0
47,0.686,0.837,-3.8,0.0406,0.00887,8.87e-05,0.383,0.197,109.023,255413,latin,2019,0
36,0.754,0.66,-5.358,0.0271,0.19,0.0,0.122,0.729,103.963,211091,latin,2019,0
54,0.548,0.701,-4.862,0.0914,0.0178,1.34e-05,0.134,0.309,104.237,189029,latin,2017,0
7,0.746,0.993,-2.134,0.0499,0.0866,0.0548,0.0689,0.972,122.046,202827,latin,2010,0
39,0.571,0.747,-5.564,0.388,0.144,0.0,0.233,0.359,103.082,318933,latin,2015,0
74,0.887,0.765,-5.207,0.0669,0.00915,0.000872,0.0907,0.456,102.958,177186,latin,2019,0
87,0.794,0.32,-12.92,0.173,0.853,0.134,0.112,0.241,174.088,342040,latin,2020,0
77,0.747,0.74,-4.325,0.191,0.0165,9.94e-05,0.101,0.552,176.059,158800,latin,2018,0
79,0.847,0.736,-4.542,0.266,0.0532,0.000142,0.0302,0.876,160.012,171000,latin,2019,0
32,0.809,0.807,-4.284,0.0744,0.0301,0.0,0.0814,0.598,106.983,224760,latin,2017,0
40,0.716,0.656,-7.867,0.0883,0.135,0.0,0.212,0.424,101.09,183071,latin,2015,0
57,0.838,0.72,-4.135,0.0483,0.0862,0.00697,0.0772,0.204,122.99,251987,latin,2014,0
56,0.629,0.88,-6.695,0.156,0.00879,0.0,0.814,0.757,93.013,258613,latin,2010,0
70,0.692,0.855,-4.77,0.0725,0.24,0.0,0.0967,0.777,94.984,228147,latin,2017,0
64,0.822,0.466,-8.432,0.0407,0.284,0.00506,0.152,0.595,141.975,188416,latin,2019,0
13,0.683,0.838,-9.433,0.0358,0.0355,0.00157,0.0627,0.874,115.879,255333,latin,2014,0
46,0.579,0.776,-6.594,0.0478,0.0023,3.36e-06,0.255,0.565,123.95,177170,latin,2016,0
0,0.502,0.944,-1.884,0.148,0.116,0.0,0.293,0.899,195.804,229179,latin,2015,0
8,0.429,0.774,-8.846,0.0493,0.032,0.709,0.37,0.0671,119.975,263755,latin,2016,0
90,0.734,0.836,-4.803,0.0735,0.017,1.64e-05,0.179,0.623,80.002,270741,latin,2019,0
8,0.6,0.854,-4.234,0.0351,0.18,0.0,0.0862,0.396,95.016,221442,latin,2015,0
53,0.744,0.837,-5.082,0.0703,0.336,0.0,0.229,0.706,92.04,293773,latin,2011,0
60,0.831,0.89,-7.635,0.0791,0.173,4.07e-05,0.352,0.76,94.007,167288,latin,2013,0
40,0.837,0.776,-6.505,0.0617,0.0415,4.27e-06,0.236,0.466,121.99,178121,latin,2019,0
79,0.81,0.716,-2.3,0.0694,0.0478,0.0,0.0678,0.689,96.029,158480,latin,2019,0
29,0.644,0.68,-8.666,0.0362,0.000968,0.0355,0.497,0.778,113.913,271760,latin,2014,0
79,0.591,0.705,-6.519,0.079,0.381,0.000116,0.131,0.27,121.799,215316,latin,2019,0
25,0.794,0.681,-8.14,0.0464,0.031,0.801,0.327,0.269,122.998,401311,latin,2019,0
56,0.777,0.78,-6.146,0.102,0.0464,0.00014,0.0999,0.559,98.02,183359,latin,2019,0
84,0.614,0.379,-10.48,0.0476,0.607,0.000464,0.0986,0.201,107.989,258987,latin,2014,0
56,0.612,0.761,-6.783,0.307,0.0935,0.355,0.146,0.46,124.928,210376,latin,2020,0
71,0.708,0.761,-3.02,0.093,0.0105,8.51e-06,0.0462,0.71,188.124,180480,latin,2019,0
78,0.932,0.778,-3.384,0.0638,0.212,0.0,0.168,0.933,124.996,188613,latin,2019,0
45,0.705,0.653,-5.977,0.103,0.098,0.0,0.14,0.627,99.996,168019,latin,2019,0
33,0.85,0.639,-7.456,0.311,0.457,0.0,0.24,0.604,93.989,209453,latin,2016,0
7,0.593,0.906,-7.32,0.254,0.0045,0.00376,0.12,0.599,150.005,202000,latin,2020,0
26,0.651,0.848,-7.431,0.0409,0.132,0.00394,0.356,0.774,126.968,245600,latin,2020,0
57,0.141,1.0,-14.729,0.117,0.594,0.994,0.571,1e-05,102.045,241375,latin,2019,0
40,0.622,0.838,-6.363,0.0313,0.00807,0.0,0.167,0.164,123.083,195122,latin,2019,0
0,0.663,0.751,-5.694,0.0297,0.239,0.0,0.106,0.961,114.961,205961,latin,2016,0
72,0.685,0.75,-4.818,0.0837,0.0436,0.0,0.272,0.688,105.054,138283,latin,2020,0
82,0.686,0.457,-8.322,0.0468,0.595,0.0,0.105,0.718,150.953,242187,latin,2008,0
83,0.747,0.647,-3.234,0.0737,0.113,0.0,0.112,0.478,87.988,233113,latin,2019,0
48,0.863,0.838,-4.593,0.24,0.138,2.77e-06,0.0533,0.756,97.997,234006,latin,2017,0
30,0.594,0.502,-5.915,0.241,0.511,0.0,0.137,0.223,191.968,245000,latin,2019,0
62,0.801,0.773,-6.651,0.0896,0.563,0.00425,0.103,0.796,94.988,225693,latin,2016,0
0,0.733,0.873,-5.431,0.043,0.0976,0.00326,0.795,0.616,117.985,237627,latin,2011,0
70,0.863,0.686,-4.512,0.253,0.327,0.0,0.0724,0.463,94.026,195351,latin,2019,0
58,0.809,0.876,-4.802,0.155,0.154,0.00527,0.0525,0.528,95.984,207200,latin,2017,0
76,0.772,0.732,-3.713,0.213,0.307,5.14e-06,0.106,0.295,100.048,254383,latin,2018,0
67,0.708,0.777,-4.822,0.0434,0.2,0.0,0.184,0.775,100.002,231644,latin,2019,0
67,0.647,0.81,-5.804,0.0521,0.0658,0.00236,0.237,0.648,108.011,172222,latin,2018,0
73,0.7,0.904,-2.826,0.0568,0.2,0.000471,0.182,0.817,173.975,189296,latin,2019,0
40,0.787,0.646,-5.502,0.0554,0.0988,0.0,0.083,0.601,90.036,186960,latin,2019,0
52,0.849,0.783,-5.419,0.164,0.391,0.0,0.311,0.645,95.0,192293,latin,2006,0
42,0.655,0.543,-9.48,0.0942,0.0625,0.899,0.0922,0.384,199.886,194437,latin,2018,0
68,0.855,0.512,-8.165,0.0534,0.146,0.000854,0.107,0.144,146.075,224512,latin,2018,0
80,0.637,0.843,-5.413,0.0432,0.0151,0.0,0.0876,0.434,109.012,220733,latin,2010,0
0,0.682,0.963,-4.046,0.057,0.0186,0.0719,0.344,0.71,118.937,345800,latin,2020,0
24,0.629,0.527,-14.065,0.0493,0.00365,0.226,0.0885,0.649,121.495,464533,latin,2011,0
54,0.782,0.53,-8.349,0.0561,0.378,0.0254,0.115,0.543,119.964,180255,latin,2019,0
55,0.694,0.665,-7.307,0.0741,0.12,0.00013,0.1,0.0702,110.026,181760,latin,2019,0
0,0.663,0.783,-8.916,0.135,0.000977,0.00381,0.311,0.756,127.925,97437,latin,2008,0
59,0.574,0.797,-5.249,0.0813,0.337,0.0,0.0903,0.535,113.934,220416,latin,2019,0
0,0.857,0.693,-7.825,0.151,0.245,2.22e-05,0.147,0.875,98.027,229645,latin,2010,0
71,0.685,0.731,-5.503,0.414,0.0292,0.0,0.369,0.266,145.245,247867,latin,2016,0
32,0.698,0.691,-5.654,0.0394,0.397,0.0,0.0684,0.495,109.9,206477,latin,2019,0
47,0.63,0.511,-6.197,0.0388,0.466,0.0,0.142,0.92,168.833,194115,latin,2007,0
40,0.676,0.661,-7.782,0.453,0.388,0.647,0.0799,0.677,85.054,83294,latin,2019,0
85,0.711,0.757,-4.188,0.29,0.268,0.0,0.367,0.724,174.013,218587,latin,2019,0
85,0.695,0.719,-5.938,0.0903,0.227,0.000171,0.0884,0.781,180.074,175187,latin,2019,0
80,0.647,0.514,-10.05,0.0593,0.0655,0.0,0.398,0.387,79.974,240693,latin,1995,0
69,0.722,0.787,-4.013,0.0734,0.0785,6.46e-06,0.124,0.852,92.022,210286,latin,2017,0
62,0.772,0.843,-4.645,0.0481,0.0204,7.43e-06,0.0885,0.822,104.992,207800,latin,2019,0
0,0.722,0.878,-5.484,0.0451,0.205,4.54e-06,0.101,0.454,110.006,213612,latin,2020,0
76,0.722,0.852,-3.436,0.093,0.0276,0.0,0.1,0.775,179.962,212133,latin,2019,0
10,0.62,0.843,-10.686,0.0397,4.93e-05,0.0443,0.0865,0.858,124.184,266400,latin,2007,0
30,0.694,0.81,-11.911,0.0764,0.0371,0.00044,0.107,0.528,118.899,464267,latin,2020,0
90,0.548,0.816,-4.209,0.0465,0.122,0.0,0.335,0.557,95.39,174000,latin,2019,0
0,0.857,0.772,-3.076,0.291,0.167,0.0,0.0721,0.727,90.034,253600,latin,2015,0
68,0.906,0.5,-5.364,0.0863,0.307,7.59e-05,0.0576,0.417,93.993,248326,latin,2019,0
74,0.722,0.738,-6.073,0.247,0.328,1.47e-05,0.198,0.748,198.075,184720,latin,2018,0
85,0.64,0.648,-8.113,0.187,0.124,0.0,0.0802,0.548,92.977,197867,latin,2019,0
4,0.793,0.722,-3.928,0.0383,0.000601,0.00287,0.0914,0.644,120.012,181000,latin,2016,0
43,0.6,0.848,-3.967,0.0433,0.0157,0.0,0.243,0.437,124.082,213223,latin,2016,0
0,0.57,0.878,-6.131,0.0955,0.146,7.78e-06,0.227,0.158,125.98,217635,latin,2016,0
38,0.633,0.444,-9.817,0.0297,0.415,0.011,0.132,0.583,109.962,210000,latin,2019,0
84,0.596,0.854,-5.114,0.463,0.0169,0.0,0.124,0.152,120.274,203418,latin,2018,0
52,0.596,0.656,-6.701,0.0283,0.028,0.569,0.11,0.198,86.489,339956,latin,2013,0
69,0.734,0.583,-11.764,0.0414,0.0867,0.259,0.0979,0.144,105.013,224698,latin,2019,0
62,0.777,0.72,-6.162,0.0803,0.778,0.0,0.069,0.96,163.905,266787,latin,2008,0
63,0.713,0.35,-9.957,0.0821,0.351,0.0,0.228,0.503,130.128,164820,latin,2019,0
47,0.738,0.562,-5.435,0.0347,0.633,0.0,0.102,0.476,127.452,241440,latin,2009,0
62,0.565,0.7,-5.748,0.051,0.251,0.0,0.271,0.546,94.972,241400,latin,2019,0
44,0.796,0.696,-4.384,0.382,0.389,0.0,0.0989,0.768,187.832,322573,latin,2020,0
73,0.582,0.659,-7.511,0.114,0.543,0.0,0.0656,0.583,155.957,239972,latin,2019,0
43,0.776,0.852,-5.904,0.0684,0.0478,0.0122,0.12,0.224,113.984,330526,latin,2019,0
75,0.775,0.679,-4.985,0.135,0.18,7.26e-05,0.068,0.619,166.008,193456,latin,2017,0
83,0.681,0.648,-5.021,0.38,0.524,0.0,0.104,0.687,172.019,286507,latin,2019,0
57,0.72,0.817,-4.344,0.109,0.263,0.0,0.103,0.703,100.02,184500,latin,2019,0
45,0.677,0.62,-5.174,0.177,0.246,0.0,0.0987,0.66,99.811,177653,latin,2018,0
65,0.808,0.682,-7.128,0.0963,0.171,1.42e-06,0.464,0.491,89.987,235627,latin,2006,0
37,0.469,0.676,-7.456,0.175,0.546,1.48e-06,0.532,0.557,99.118,194400,latin,2019,0
80,0.748,0.788,-7.055,0.0334,0.0591,0.0,0.0863,0.884,120.076,235493,latin,2015,0
49,0.708,0.845,-3.332,0.139,0.218,0.0,0.19,0.565,91.996,222507,latin,2017,0
49,0.788,0.438,-12.123,0.505,0.876,0.893,0.186,0.555,96.635,188000,latin,2018,0
86,0.743,0.709,-3.922,0.0879,0.0451,5.18e-06,0.0809,0.831,170.001,258600,latin,2019,0
37,0.818,0.68,-5.175,0.101,0.24,0.000202,0.149,0.69,132.962,231575,latin,2020,0
43,0.723,0.622,-6.624,0.0648,0.0396,0.0,0.161,0.128,104.07,162692,latin,2019,0
39,0.709,0.802,-4.269,0.0853,0.651,3.14e-06,0.0507,0.857,177.066,257484,latin,2019,0
3,0.824,0.754,-6.418,0.0377,0.114,0.0,0.368,0.831,97.002,210933,latin,2004,0
0,0.791,0.788,-6.48,0.079,0.0502,0.0,0.173,0.719,89.987,205440,latin,2020,0
34,0.786,0.434,-15.184,0.476,0.0143,0.000988,0.657,0.531,96.868,283469,latin,1998,0
21,0.8,0.869,-4.3,0.0596,0.00144,0.82,0.036,0.237,123.987,423871,latin,2012,0
45,0.795,0.86,-5.783,0.0469,0.298,2.02e-05,0.336,0.819,102.04,174976,latin,2019,0
67,0.855,0.668,-4.892,0.0644,0.0242,0.0,0.102,0.803,125.846,210307,latin,2009,0
54,0.799,0.352,-9.943,0.159,0.844,0.903,0.115,0.435,83.564,152195,latin,2014,0
38,0.667,0.941,-3.243,0.0414,0.63,0.0002,0.325,0.747,173.875,267333,latin,2019,0
86,0.815,0.518,-6.594,0.0897,0.223,0.0,0.104,0.877,151.891,177667,latin,2018,0
50,0.861,0.761,-4.249,0.217,0.114,0.000219,0.202,0.936,130.061,195573,latin,2019,0
49,0.822,0.744,-6.096,0.0938,0.173,7.08e-05,0.0692,0.748,94.039,206987,latin,2006,0
0,0.738,0.862,-3.939,0.196,0.06,0.0,0.432,0.932,170.017,187441,latin,2013,0
82,0.901,0.4,-8.575,0.126,0.051,0.0,0.0599,0.346,135.984,197573,latin,2019,0
42,0.643,0.827,-9.572,0.185,0.059,0.941,0.37,0.891,83.032,163396,latin,2018,0
29,0.89,0.962,-4.608,0.196,0.00309,0.413,0.0976,0.261,127.006,213947,latin,2009,0
77,0.679,0.831,-1.866,0.109,0.159,1.1e-06,0.097,0.88,88.792,219520,latin,2019,0
31,0.75,0.822,-3.75,0.0394,0.0883,0.00558,0.118,0.693,89.997,258717,latin,2018,0
47,0.611,0.672,-8.793,0.101,0.0156,5.66e-06,0.125,0.388,104.805,168000,latin,2019,0
6,0.845,0.609,-6.896,0.0753,0.164,0.0,0.219,0.42,79.963,254373,latin,2020,0
69,0.695,0.869,-5.066,0.0483,0.41,0.0,0.237,0.58,124.989,234507,latin,2012,0
47,0.818,0.734,-7.882,0.0613,0.0014,0.00177,0.0754,0.348,119.999,190133,latin,2019,0
65,0.8,0.845,-4.189,0.0574,0.124,1.13e-06,0.387,0.843,96.998,219600,latin,2019,0
2,0.74,0.65,-5.849,0.136,0.0585,0.0,0.0793,0.808,172.081,269240,latin,2011,0
53,0.821,0.775,-2.9,0.0604,0.415,7.78e-06,0.0673,0.401,101.995,161400,latin,2019,0
77,0.622,0.796,-2.999,0.172,0.667,0.0,0.106,0.62,197.705,169813,latin,2019,0
43,0.461,0.472,-8.073,0.0322,0.426,0.0259,0.121,0.188,115.052,237263,latin,2019,0
82,0.691,0.773,-3.812,0.0355,0.236,0.0,0.329,0.85,92.992,188468,latin,2019,0
83,0.662,0.714,-5.68,0.121,0.312,0.0,0.179,0.464,147.997,212120,latin,2017,0
35,0.783,0.803,-4.77,0.0983,0.0445,9.9e-06,0.065,0.841,119.988,222910,latin,2019,0
0,0.818,0.785,-6.819,0.0753,0.117,0.00091,0.0984,0.571,129.957,287413,latin,2013,0
48,0.757,0.505,-10.934,0.0358,0.00552,0.0182,0.13,0.693,128.979,371267,latin,1982,0
0,0.576,0.783,-4.607,0.0792,0.195,1.42e-05,0.106,0.634,89.879,234773,latin,2003,0
69,0.702,0.914,-2.934,0.0376,0.153,0.0,0.0625,0.563,96.991,190916,latin,2018,0
11,0.535,0.886,-3.106,0.045,0.000304,2.26e-06,0.257,0.445,126.012,215160,latin,2008,0
70,0.699,0.917,-4.897,0.115,0.078,0.0,0.065,0.889,130.04,198787,latin,2010,0
6,0.867,0.968,-3.826,0.0598,0.0172,0.907,0.147,0.11,127.017,295123,latin,2014,0
44,0.226,0.442,-36.624,0.0562,0.0509,0.136,0.0791,0.0234,77.998,93010,latin,2015,0
50,0.73,0.648,-5.867,0.111,0.487,3.1e-05,0.0843,0.493,100.156,180296,latin,2019,0
2,0.717,0.788,-3.621,0.0972,0.178,0.000131,0.105,0.888,173.934,226840,latin,2014,0
61,0.826,0.776,-3.442,0.0566,0.0853,0.000318,0.0806,0.618,93.05,175326,latin,2019,0
2,0.771,0.638,-6.346,0.0378,0.129,0.0579,0.236,0.653,98.0,219733,latin,2019,0
54,0.62,0.865,-5.928,0.0775,0.159,0.0,0.152,0.934,192.1,184653,latin,2019,0
50,0.228,0.999,-16.145,0.0562,0.47,0.924,0.852,1e-05,108.354,177485,latin,2019,0
57,0.77,0.63,-13.213,0.0516,0.00965,0.000346,0.261,0.5,100.004,239049,latin,2013,0
58,0.806,0.738,-4.75,0.162,0.221,0.0011,0.156,0.808,176.098,273160,latin,2007,0
52,0.759,0.654,-7.553,0.181,0.3,0.0,0.648,0.486,89.99,173507,latin,2006,0
64,0.765,0.721,-5.166,0.0917,0.0278,0.0,0.12,0.691,105.992,159248,latin,2019,0
64,0.833,0.831,-3.799,0.0733,0.0436,0.000346,0.214,0.847,96.024,225107,latin,2019,0
3,0.621,0.893,-4.146,0.0431,0.0105,0.000115,0.0994,0.459,105.005,214270,latin,2016,0
97,0.784,0.43,-8.756,0.0364,0.123,0.0,0.0887,0.236,127.087,159382,latin,2018,0
34,0.758,0.957,-3.517,0.0879,0.0428,0.000503,0.0578,0.871,125.009,216810,latin,2019,0
42,0.443,0.617,-5.691,0.0397,0.56,0.0,0.298,0.664,90.023,239113,latin,2019,0
74,0.727,0.824,-2.983,0.0508,0.0132,0.00145,0.0631,0.805,96.063,211920,latin,2019,0
61,0.798,0.746,-4.16,0.101,0.137,1.54e-05,0.0478,0.541,100.036,177369,latin,2019,0
33,0.698,0.655,-9.126,0.0587,0.483,0.131,0.105,0.227,91.987,231473,latin,2019,0
68,0.777,0.911,-3.223,0.173,0.246,0.0,0.257,0.704,96.017,238813,latin,2017,0
57,0.859,0.653,-6.577,0.0656,0.0679,6.52e-06,0.321,0.774,130.018,184065,latin,2019,0
87,0.717,0.653,-5.634,0.0658,0.229,0.0,0.101,0.412,106.966,207320,latin,2019,0
39,0.542,0.845,-5.148,0.0491,0.162,0.0,0.594,0.227,128.068,194000,latin,2017,0
69,0.785,0.901,-3.205,0.0553,0.0867,0.000271,0.0903,0.6,113.289,203333,latin,2009,0
63,0.887,0.87,-5.267,0.119,0.0145,0.0,0.015,0.838,126.047,190560,latin,2009,0
72,0.505,0.71,-3.015,0.0321,0.19,0.00025,0.329,0.428,89.938,175200,latin,2012,0
38,0.811,0.889,-3.966,0.169,0.0437,0.0,0.185,0.932,137.979,184360,latin,2014,0
49,0.815,0.826,-5.217,0.155,0.283,0.0,0.256,0.737,95.031,183053,latin,2006,0
44,0.75,0.879,-3.606,0.0412,0.503,6.35e-05,0.104,0.898,105.012,238712,latin,2019,0
0,0.883,0.722,-5.862,0.0844,0.104,0.0127,0.043,0.964,110.0,317280,latin,2006,0
63,0.675,0.601,-4.733,0.116,0.00372,0.0,0.0458,0.931,127.938,201040,latin,2010,0
70,0.479,0.477,-6.886,0.0363,0.127,0.0,0.15,0.127,151.97,288893,latin,2011,0
76,0.744,0.859,-3.166,0.0795,0.0256,6.27e-05,0.0881,0.787,91.977,232787,latin,2017,0
55,0.795,0.623,-5.375,0.0461,0.565,1.09e-05,0.062,0.96,93.03,205813,latin,2020,0
56,0.743,0.459,-12.945,0.0464,0.524,0.882,0.128,0.305,103.008,224000,latin,2017,0
75,0.725,0.703,-4.641,0.0466,0.0632,0.000251,0.14,0.638,106.032,175827,latin,2019,0
72,0.681,0.788,-4.323,0.0785,0.0482,0.0,0.0753,0.839,170.019,220117,latin,2018,0
86,0.599,0.448,-6.312,0.0232,0.163,0.0,0.106,0.168,95.05,263400,latin,2017,0
33,0.565,0.547,-8.626,0.402,0.135,3.39e-06,0.134,0.278,164.247,167904,latin,2019,0
58,0.923,0.679,-14.019,0.0888,0.428,0.000131,0.0908,0.965,103.017,251293,latin,1993,0
28,0.618,0.96,-4.156,0.077,0.0116,8.42e-06,0.703,0.874,90.071,209224,latin,2017,0
55,0.731,0.687,-7.399,0.0586,0.232,2.33e-05,0.265,0.577,99.995,198053,latin,2017,0
42,0.703,0.884,-2.973,0.038,0.584,0.0,0.0726,0.926,100.016,213060,latin,2019,0
58,0.673,0.752,-3.572,0.0561,0.241,4.51e-05,0.0813,0.797,175.997,201818,latin,2019,0
47,0.751,0.896,-3.999,0.0456,0.0222,0.000241,0.135,0.247,125.986,209551,latin,2017,0
40,0.843,0.398,-12.887,0.155,0.894,0.706,0.104,0.482,136.018,84751,latin,2019,0
38,0.8,0.608,-9.858,0.0501,0.065,0.344,0.128,0.416,105.007,192000,latin,2019,0
1,0.69,0.812,-5.219,0.0418,0.0355,0.0,0.0871,0.899,100.016,200907,latin,2013,0
64,0.673,0.915,-4.002,0.102,0.224,0.0,0.933,0.41,92.013,237508,latin,2019,0
0,0.671,0.6,-10.818,0.191,0.0385,0.000966,0.239,0.536,127.963,203938,latin,2008,0
36,0.856,0.566,-13.028,0.0721,0.206,0.0,0.267,0.949,96.987,179232,latin,2016,0
23,0.794,0.817,-3.724,0.0312,0.48,0.0,0.123,0.61,134.002,176089,latin,2019,0
47,0.824,0.712,-6.797,0.0818,0.183,0.0,0.0958,0.553,89.971,183680,latin,2018,0
90,0.548,0.816,-4.209,0.0465,0.122,0.0,0.335,0.557,95.39,174000,latin,2019,0
0,0.611,0.778,-10.721,0.0356,0.0184,0.007,0.146,0.624,124.079,291227,latin,2010,0
67,0.847,0.573,-6.032,0.253,0.00739,0.0149,0.0845,0.332,99.919,137595,latin,2017,0
75,0.747,0.825,-2.903,0.0566,0.0487,0.0,0.107,0.866,94.006,219773,latin,2019,0
85,0.748,0.524,-5.599,0.0338,0.414,0.0,0.111,0.661,95.01,244960,latin,2016,0
74,0.856,0.523,-7.5,0.419,0.228,0.0,0.0895,0.378,89.912,194700,latin,2019,0
10,0.893,0.639,-7.857,0.0549,0.00226,0.000315,0.0382,0.579,134.963,267024,latin,2015,0
20,0.793,0.729,-4.77,0.0394,0.08,3.1e-05,0.317,0.488,121.972,195547,latin,2016,0
85,0.689,0.516,-5.857,0.0444,0.513,0.0,0.163,0.209,124.876,190920,latin,2018,0
8,0.779,0.847,-6.468,0.0964,0.00481,0.596,0.1,0.46,126.022,240015,latin,2016,0
45,0.711,0.873,-8.613,0.0393,0.0165,0.742,0.16,0.795,120.002,210875,latin,2019,0
12,0.781,0.919,-2.644,0.17,0.00148,1.56e-05,0.601,0.777,110.007,235636,latin,2016,0
44,0.419,0.454,-7.679,0.0536,0.227,0.0,0.158,0.396,178.586,186322,latin,2019,0
34,0.573,0.557,-10.764,0.0265,0.00843,0.519,0.324,0.413,94.34,269363,latin,2019,0
57,0.643,0.614,-7.455,0.296,0.0586,0.000272,0.199,0.587,195.855,173256,latin,2019,0
79,0.671,0.939,-3.206,0.161,0.192,0.0,0.298,0.529,129.023,252307,latin,2011,0
49,0.807,0.755,-6.341,0.0312,0.198,1.02e-05,0.222,0.869,130.016,186387,latin,2019,0
56,0.544,0.978,-2.479,0.105,0.0201,0.00236,0.84,0.732,120.069,357053,latin,2017,0
36,0.689,0.778,-5.148,0.11,0.0216,0.22,0.107,0.235,106.228,202555,latin,2017,0
4,0.797,0.881,-4.799,0.181,0.00506,0.392,0.189,0.352,126.005,358100,latin,2014,0
44,0.771,0.881,-4.335,0.0909,0.0666,0.00127,0.306,0.536,94.015,210813,latin,2016,0
19,0.527,0.808,-5.863,0.243,0.00947,0.00244,0.103,0.597,124.995,261120,latin,2015,0
59,0.735,0.761,-4.219,0.0497,0.0548,1.78e-06,0.0482,0.79,94.031,198679,latin,2019,0
49,0.71,0.536,-10.84,0.0427,0.162,0.000275,0.135,0.919,146.947,206752,latin,2019,0
44,0.786,0.797,-4.616,0.0338,0.22,4.17e-05,0.521,0.972,113.999,187000,latin,2018,0
69,0.715,0.817,-6.227,0.0532,0.0325,1.61e-06,0.851,0.871,133.858,321573,latin,1989,0
4,0.744,0.894,-3.685,0.0769,0.0627,3.71e-06,0.108,0.729,92.018,208947,latin,2018,0
52,0.838,0.826,-4.371,0.0895,0.0423,3.13e-06,0.352,0.663,99.99,199293,latin,2019,0
44,0.701,0.675,-5.956,0.0394,0.021,0.00301,0.249,0.439,119.993,322500,latin,2015,0
71,0.708,0.761,-3.02,0.093,0.0105,8.51e-06,0.0462,0.71,188.124,180480,latin,2019,0
52,0.691,0.868,-4.076,0.0536,0.0206,0.0,0.226,0.811,114.975,211172,latin,2015,0
26,0.675,0.928,-2.895,0.0374,0.0642,0.0012,0.0559,0.72,134.951,422027,latin,2020,0
44,0.793,0.929,-4.463,0.112,0.0124,0.0,0.0691,0.806,124.992,235616,latin,2018,0
72,0.658,0.623,-6.934,0.0398,0.0683,0.0,0.321,0.207,100.436,250747,latin,2017,0
73,0.615,0.868,-3.606,0.07,0.00131,1.54e-06,0.671,0.475,108.017,189387,latin,2015,0
0,0.828,0.944,-4.083,0.0642,0.237,0.0,0.0588,0.786,109.911,170293,latin,2005,0
9,0.771,0.785,-3.915,0.0832,0.064,1.27e-05,0.085,0.334,111.065,183003,latin,2016,0
4,0.799,0.84,-8.583,0.0741,0.0148,0.00637,0.286,0.42,90.987,216264,latin,2020,0
79,0.601,0.794,-5.844,0.0671,0.00987,1.36e-06,0.388,0.244,114.066,217467,latin,2018,0
31,0.75,0.822,-3.75,0.0394,0.0883,0.00558,0.118,0.693,89.997,258717,latin,2018,0
9,0.731,0.727,-5.608,0.0356,0.0295,4.56e-06,0.171,0.601,120.968,160009,latin,2016,0
30,0.61,0.665,-6.6,0.0985,0.0652,1.78e-06,0.0832,0.667,182.001,170604,latin,2019,0
62,0.866,0.399,-10.938,0.0745,0.117,0.0,0.0689,0.713,129.047,223256,latin,2019,0
8,0.647,0.676,-5.727,0.166,0.0891,0.0,0.377,0.437,175.956,212347,latin,2011,0
40,0.878,0.619,-5.56,0.102,0.0533,0.0,0.113,0.639,136.041,157067,latin,2019,0
28,0.773,0.69,-8.322,0.0858,0.00266,0.00769,0.0925,0.259,124.022,255518,latin,2017,0
65,0.759,0.812,-3.95,0.0593,0.122,4.51e-05,0.192,0.661,88.995,211627,latin,2016,0
40,0.643,0.774,-8.599,0.0343,0.284,3.14e-06,0.182,0.825,99.978,206400,latin,2019,0
0,0.706,0.543,-5.338,0.352,0.728,0.0,0.112,0.502,180.03,186667,latin,2019,0
1,0.674,0.924,-4.879,0.114,0.287,0.0,0.256,0.644,120.069,217480,latin,2009,0
69,0.697,0.648,-7.123,0.128,0.425,0.0,0.191,0.313,186.125,199813,latin,2017,0
64,0.708,0.709,-7.555,0.0472,0.582,0.000516,0.0717,0.962,96.046,221008,latin,1996,0
13,0.775,0.78,-7.657,0.0348,0.0368,0.79,0.125,0.664,115.99,186507,latin,2017,0
56,0.807,0.781,-6.028,0.158,0.0784,0.0,0.105,0.536,95.009,192000,latin,2004,0
18,0.688,0.62,-8.029,0.22,0.753,5.27e-06,0.158,0.727,170.018,360960,latin,2019,0
45,0.792,0.904,-4.707,0.0818,0.0994,0.0,0.0908,0.651,95.011,184421,latin,2020,0
60,0.752,0.627,-8.242,0.0308,0.0165,0.000113,0.123,0.686,122.003,210707,latin,2015,0
73,0.715,0.874,-3.576,0.0548,0.126,0.000162,0.105,0.652,96.995,214293,latin,2019,0
45,0.796,0.712,-4.47,0.0541,0.0424,0.00032,0.455,0.478,94.97,211093,latin,2009,0
55,0.883,0.626,-7.541,0.0853,0.0648,4.24e-06,0.0594,0.565,107.023,209453,latin,2016,0
48,0.359,0.582,-7.128,0.0277,0.419,0.0,0.122,0.215,97.121,173160,latin,2020,0
62,0.642,0.639,-5.134,0.0529,0.027,0.0,0.0871,0.874,165.977,221520,latin,2014,0
62,0.591,0.702,-5.59,0.0289,0.225,0.0,0.414,0.501,104.003,217653,latin,2019,0
54,0.609,0.703,-7.262,0.247,0.125,6.28e-06,0.106,0.754,99.385,177296,latin,2019,0
51,0.841,0.808,-5.55,0.0749,0.0711,3.36e-06,0.0816,0.66,95.0,195680,latin,2006,0
79,0.703,0.776,-3.075,0.2,0.0746,0.0,0.123,0.483,182.136,215087,latin,2019,0
50,0.723,0.71,-6.305,0.111,0.0056,0.0,0.408,0.558,116.095,157241,latin,2018,0
43,0.524,0.735,-9.708,0.0387,0.0097,0.0139,0.0615,0.866,119.907,257827,latin,2020,0
3,0.825,0.852,-6.471,0.0789,0.0282,0.000264,0.13,0.813,95.028,214354,latin,2014,0
97,0.784,0.43,-8.756,0.0364,0.123,0.0,0.0887,0.236,127.087,159382,latin,2018,0
71,0.658,0.863,-3.575,0.0352,0.287,1.53e-05,0.16,0.967,96.499,268440,latin,2019,0
83,0.817,0.539,-6.349,0.0621,0.0141,0.000496,0.099,0.158,97.062,210368,latin,2018,0
43,0.854,0.65,-5.339,0.105,0.00794,3.43e-05,0.0692,0.916,115.001,233493,latin,2016,0
93,0.886,0.672,-4.394,0.188,0.0363,8.78e-06,0.101,0.526,91.976,192024,latin,2019,0
55,0.65,0.741,-5.459,0.0319,0.0886,1.81e-05,0.119,0.603,90.998,219427,latin,2016,0
29,0.47,0.379,-10.6,0.045,0.901,0.00105,0.108,0.573,112.883,237972,latin,2019,0
75,0.0771,1.0,-16.54,0.0508,0.902,0.613,0.845,1e-05,171.623,170000,latin,2019,0
39,0.643,0.775,-4.622,0.184,0.126,0.0,0.142,0.503,193.747,160825,latin,2019,0
79,0.95,0.59,-6.508,0.29,0.00534,0.0,0.11,0.219,130.003,183527,latin,2018,0
79,0.901,0.522,-8.304,0.33,0.0114,0.0,0.259,0.329,104.053,127947,latin,2018,0
48,0.287,0.999,-14.393,0.2,0.808,0.971,0.772,0.0139,101.85,290281,latin,2019,0
45,0.753,0.65,-9.548,0.0471,0.0116,3.09e-06,0.109,0.639,93.999,219133,latin,2006,0
29,0.485,0.321,-11.356,0.0307,0.275,0.00786,0.153,0.0734,119.902,205379,latin,2020,0
91,0.881,0.457,-8.191,0.156,0.0327,0.0,0.231,0.296,136.97,198913,latin,2019,0
57,0.688,0.888,-5.323,0.0584,0.0313,0.0,0.0944,0.927,111.06,218440,latin,2001,0
2,0.819,0.759,-4.115,0.147,0.0196,6.53e-06,0.0613,0.88,108.026,269147,latin,2013,0
62,0.559,0.523,-5.963,0.0283,0.613,0.0,0.174,0.551,124.812,216660,latin,2019,0
73,0.655,0.722,-4.726,0.048,0.556,0.0,0.133,0.298,90.099,208208,latin,2020,0
45,0.692,0.852,-4.587,0.0686,0.0093,0.00035,0.0225,0.895,128.026,234000,latin,2012,0
0,0.803,0.946,-3.989,0.062,0.0759,0.055,0.131,0.899,96.012,223613,latin,2004,0
41,0.25,0.406,-8.458,0.0315,0.356,7.08e-06,0.103,0.112,167.964,306875,latin,2017,0
46,0.638,0.781,-6.848,0.0285,0.0118,0.00953,0.349,0.25,122.985,194641,latin,2015,0
7,0.795,0.856,-6.765,0.0432,0.000461,0.797,0.121,0.288,125.999,275627,latin,2017,0
79,0.655,0.797,-4.787,0.153,0.198,0.0,0.067,0.839,177.928,229360,latin,2019,0
82,0.584,0.698,-3.961,0.106,0.09,6.87e-05,0.171,0.765,166.047,204787,latin,2019,0
53,0.776,0.735,-5.34,0.0502,0.139,0.0,0.0693,0.663,93.017,188472,latin,2018,0
33,0.458,0.374,-10.066,0.0281,0.894,0.000471,0.281,0.248,80.934,220223,latin,2019,0
6,0.798,0.721,-4.586,0.158,0.152,0.0,0.0814,0.509,88.04,230320,latin,2019,0
63,0.752,0.698,-5.775,0.211,0.263,0.0,0.189,0.587,173.974,192333,latin,2018,0
36,0.799,0.304,-8.81,0.282,0.63,0.00531,0.0858,0.336,91.014,180330,latin,2017,0
0,0.793,0.546,-10.045,0.389,0.105,0.0,0.0834,0.343,99.936,160067,latin,1997,0
77,0.861,0.599,-4.205,0.246,0.183,0.0,0.0921,0.869,102.119,186893,latin,2019,0
73,0.707,0.87,-2.958,0.103,0.246,1.97e-06,0.0664,0.801,173.939,262269,latin,2019,0
48,0.662,0.836,-6.318,0.355,0.0846,0.0,0.675,0.905,90.126,376786,latin,2016,0
75,0.475,0.432,-7.844,0.0302,0.183,0.0,0.161,0.648,94.605,153467,latin,1997,0
0,0.628,0.924,-5.558,0.0354,0.0072,2.99e-05,0.0715,0.592,132.979,240000,latin,2005,0
37,0.485,0.621,-8.115,0.0356,0.507,6.28e-05,0.162,0.414,115.914,138364,latin,2019,0
54,0.444,0.905,-17.81,0.31,0.162,0.169,0.358,0.0534,149.907,203707,latin,2017,0
42,0.753,0.867,-3.901,0.0573,0.36,0.0,0.102,0.817,107.95,200162,latin,2015,0
73,0.612,0.921,-2.879,0.0848,0.0183,0.0,0.0576,0.453,139.986,202173,latin,2015,0
72,0.56,0.872,-4.269,0.14,0.0239,7.52e-06,0.371,0.681,126.053,205933,latin,2012,0
4,0.671,0.749,-4.371,0.0294,0.00624,0.00697,0.0883,0.442,109.932,182798,latin,2018,0
44,0.933,0.452,-9.049,0.0735,0.645,4.52e-06,0.0795,0.793,123.04,177002,latin,2019,0
70,0.897,0.612,-10.489,0.211,0.0297,0.186,0.0894,0.767,102.305,208267,latin,1993,0
43,0.713,0.848,-5.309,0.0785,0.568,0.0077,0.544,0.87,90.011,176030,latin,2019,0
47,0.766,0.693,-5.361,0.0465,0.32,0.0,0.267,0.53,117.937,149492,latin,2019,0
55,0.648,0.951,-1.565,0.233,0.527,0.0,0.0707,0.966,165.364,216503,latin,2017,0
39,0.81,0.865,-4.964,0.0713,0.0286,0.00295,0.297,0.506,126.029,161527,latin,2019,0
44,0.697,0.979,-7.262,0.0538,0.0199,0.0127,0.317,0.583,119.083,233493,latin,2000,0
54,0.5,0.502,-11.775,0.0424,0.18,0.0887,0.729,0.362,93.361,292147,latin,2014,0
97,0.704,0.225,-14.454,0.0994,0.902,0.657,0.106,0.243,120.006,245426,latin,2019,0
79,0.847,0.736,-4.542,0.266,0.0532,0.000142,0.0302,0.876,160.012,171000,latin,2019,0
62,0.717,0.929,-4.956,0.053,0.233,0.0,0.359,0.586,94.995,216320,latin,2016,0
69,0.736,0.595,-6.428,0.0661,0.634,1.87e-05,0.126,0.516,125.913,218014,latin,2019,0
56,0.794,0.749,-7.926,0.101,0.19,0.0,0.11,0.728,96.032,235640,latin,2010,0
0,0.693,0.838,-4.63,0.144,0.121,0.0,0.188,0.731,99.746,244840,latin,2010,0
50,0.748,0.406,-7.462,0.0343,0.211,0.0,0.042,0.386,79.988,158062,latin,2018,0
66,0.751,0.82,-4.493,0.125,0.0811,0.000283,0.155,0.909,192.077,196240,latin,2019,0
74,0.628,0.69,-5.828,0.0511,0.446,0.0,0.112,0.662,179.911,205907,latin,2017,0
36,0.853,0.73,-6.326,0.046,0.396,6.78e-05,0.107,0.921,93.993,173992,latin,2019,0
67,0.58,0.75,-4.421,0.194,0.159,0.0,0.274,0.728,86.938,229107,latin,2009,0
65,0.66,0.852,-3.573,0.0378,0.016,0.0,0.203,0.594,103.988,151278,latin,2019,0
67,0.294,0.505,-8.106,0.042,0.12,0.0,0.0977,0.357,85.332,209893,latin,2019,0
74,0.706,0.751,-6.323,0.0708,0.173,0.0,0.168,0.195,91.031,182307,latin,2009,0
71,0.752,0.82,-2.976,0.0461,0.0134,0.000804,0.0692,0.822,95.987,211520,latin,2019,0
10,0.471,0.639,-7.989,0.0885,0.593,0.0,0.717,0.472,149.146,317027,latin,1998,0
3,0.755,0.383,-10.641,0.526,0.89,0.457,0.129,0.333,79.853,93000,latin,2019,0
30,0.823,0.846,-4.529,0.107,0.204,2.38e-05,0.0872,0.925,106.54,279573,latin,2019,0
40,0.694,0.955,-2.872,0.0676,0.256,0.000874,0.138,0.713,123.982,227709,latin,2015,0
60,0.742,0.873,-3.373,0.082,0.232,1.17e-05,0.114,0.899,90.004,285333,latin,2012,0
45,0.564,0.642,-8.109,0.0468,0.417,0.0,0.0622,0.843,88.052,314867,latin,1993,0
50,0.814,0.944,-2.758,0.0532,0.544,7.91e-06,0.0642,0.961,130.082,197333,latin,2004,0
64,0.813,0.787,-4.098,0.177,0.216,0.0,0.0602,0.451,130.065,199642,latin,2017,0
0,0.683,0.935,-1.503,0.0336,0.00984,0.0109,0.122,0.418,125.997,207619,latin,2016,0
48,0.71,0.897,-3.802,0.0372,0.175,0.0,0.0918,0.33,137.972,257507,latin,2010,0
85,0.711,0.757,-4.188,0.29,0.268,0.0,0.367,0.724,174.013,218587,latin,2019,0
73,0.701,0.778,-5.076,0.201,0.125,0.0,0.0828,0.609,99.956,199720,latin,2019,0
0,0.749,0.867,-7.057,0.0334,0.0817,0.00137,0.296,0.96,89.969,196105,latin,2014,0
34,0.578,0.497,-8.082,0.0407,0.55,0.0,0.204,0.515,139.687,228307,latin,2003,0
48,0.55,0.925,-4.573,0.0882,0.0352,0.000179,0.29,0.358,121.823,177320,latin,2015,0
39,0.745,0.538,-8.922,0.136,0.385,0.0,0.0796,0.927,145.662,291533,latin,2019,0
78,0.885,0.857,-2.279,0.204,0.205,0.0,0.671,0.818,90.025,262000,latin,2019,0
87,0.737,0.86,-2.652,0.0593,0.11,1.94e-06,0.0574,0.656,93.989,193227,latin,2019,0
21,0.731,0.704,-6.226,0.214,0.0569,0.0,0.0619,0.783,95.961,192805,latin,2015,0
84,0.794,0.79,-3.855,0.0599,0.144,0.0,0.0893,0.577,91.984,307547,latin,2019,0
70,0.634,0.69,-7.804,0.052,0.0771,0.0,0.132,0.645,94.988,253307,latin,2009,0
0,0.77,0.864,-4.16,0.139,0.236,0.0,0.107,0.737,94.001,220787,latin,2015,0
74,0.421,0.653,-4.85,0.398,0.0135,0.0,0.114,0.733,78.6,175424,latin,2019,0
5,0.924,0.615,-8.299,0.256,0.146,5.68e-06,0.163,0.879,91.97,188493,latin,2006,0
19,0.675,0.882,-14.319,0.0562,0.18,0.00267,0.0965,0.708,116.707,427107,latin,2020,0
47,0.676,0.903,-5.856,0.0534,0.0333,1.58e-06,0.281,0.349,119.98,228000,latin,2016,0
47,0.708,0.8,-5.072,0.0427,0.0513,1.02e-05,0.317,0.484,122.062,200467,latin,2017,0
39,0.742,0.753,-8.877,0.172,0.0304,1.82e-06,0.352,0.734,149.962,245867,latin,2009,0
77,0.747,0.74,-4.325,0.191,0.0165,9.94e-05,0.101,0.552,176.059,158800,latin,2018,0
2,0.632,0.507,-10.148,0.032,0.684,0.0,0.0842,0.315,95.044,180332,latin,2017,0
38,0.906,0.497,-7.062,0.332,0.000886,0.0684,0.107,0.17,100.026,138612,latin,2017,0
35,0.694,0.579,-8.648,0.0721,0.586,0.0,0.214,0.788,74.958,108669,latin,2019,0
28,0.888,0.882,-3.953,0.106,0.0178,0.871,0.139,0.69,100.008,180000,latin,2016,0
48,0.642,0.913,-5.249,0.0517,0.0291,0.00054,0.355,0.474,120.035,192092,latin,2015,0
39,0.72,0.824,-4.066,0.185,0.0199,0.0,0.389,0.589,88.987,261023,latin,2015,0
51,0.655,0.763,-6.751,0.142,0.0631,0.0,0.0775,0.452,115.033,178825,latin,2020,0
59,0.646,0.692,-6.051,0.0396,0.0868,0.000423,0.153,0.532,100.021,139250,latin,2019,0
70,0.457,0.948,-3.364,0.0354,0.0191,0.0,0.0536,0.878,148.0,208960,latin,2012,0
67,0.76,0.893,-3.913,0.0639,0.0758,8.21e-05,0.321,0.948,107.994,218507,latin,2008,0
47,0.654,0.306,-10.326,0.0691,0.537,1.94e-05,0.0946,0.152,184.228,274196,latin,2018,0
69,0.835,0.536,-8.645,0.0478,0.555,0.000386,0.111,0.107,104.989,195173,latin,2015,0
33,0.669,0.586,-5.394,0.122,0.561,0.0,0.235,0.347,100.043,206494,latin,2019,0
38,0.646,0.867,-4.468,0.27,0.103,0.0,0.163,0.892,88.241,225333,latin,2010,0
59,0.721,0.836,-5.247,0.0543,0.0641,0.0017,0.392,0.556,119.997,171979,latin,2019,0
49,0.486,0.854,-4.859,0.0569,0.0739,1.07e-05,0.358,0.469,123.942,208548,latin,2016,0
55,0.458,0.34,-9.16,0.0274,0.708,0.0,0.107,0.546,88.931,258938,latin,2019,0
85,0.67,0.668,-4.306,0.0422,0.536,0.0,0.133,0.608,88.033,179053,latin,2019,0
55,0.746,0.588,-10.579,0.044,0.689,0.0,0.105,0.787,114.006,217731,latin,2019,0
32,0.821,0.735,-8.084,0.164,0.0545,0.0,0.122,0.538,110.057,178909,latin,2018,0
80,0.774,0.753,-5.445,0.0517,0.153,0.0,0.0371,0.896,119.002,219147,latin,2016,0
46,0.65,0.722,-4.453,0.308,0.466,1.42e-05,0.123,0.901,91.776,194760,latin,2019,0
73,0.757,0.832,-3.674,0.229,0.127,0.0,0.167,0.53,180.05,182400,latin,2019,0
28,0.764,0.58,-15.2,0.093,0.00219,0.0551,0.146,0.81,121.343,376573,latin,1989,0
35,0.81,0.764,-5.7,0.0981,0.549,1.23e-06,0.0925,0.697,110.063,194182,latin,2019,0
55,0.791,0.863,-2.587,0.237,0.0162,0.000212,0.0698,0.803,170.088,229027,latin,2016,0
75,0.758,0.629,-5.579,0.0852,0.463,1.8e-06,0.113,0.575,97.006,203923,latin,2019,0
59,0.612,0.657,-7.577,0.187,0.0788,0.0,0.24,0.149,172.0,193000,latin,2019,0
86,0.725,0.79,-2.331,0.197,0.0711,1.14e-06,0.0602,0.763,175.988,287773,latin,2019,0
38,0.842,0.608,-8.07,0.0838,0.187,0.00131,0.066,0.807,95.487,176688,latin,2019,0
81,0.699,0.65,-4.281,0.171,0.0332,5.24e-06,0.299,0.52,179.84,177747,latin,2019,0
61,0.808,0.767,-4.912,0.0445,0.255,0.0197,0.0886,0.722,94.998,206493,latin,2009,0
77,0.389,0.665,-6.169,0.0644,0.178,0.000732,0.116,0.199,117.055,193547,latin,2015,0
58,0.791,0.609,-5.802,0.136,0.0671,0.0,0.136,0.823,161.982,202787,latin,2019,0
69,0.76,0.773,-5.314,0.0675,0.176,0.0,0.1,0.895,102.789,266160,latin,2006,0
5,0.784,0.809,-6.458,0.0824,0.235,0.00122,0.0772,0.845,102.048,170186,latin,2015,0
0,0.704,0.903,-5.329,0.0758,0.197,0.0,0.142,0.879,160.027,231967,latin,2009,0
54,0.853,0.66,-4.065,0.156,0.173,0.0,0.506,0.689,149.992,275187,latin,2018,0
40,0.653,0.661,-8.399,0.0336,0.346,0.0,0.0569,0.782,98.354,250867,latin,1993,0
44,0.768,0.773,-5.402,0.282,0.0666,0.0,0.106,0.39,139.905,281143,latin,2018,0
49,0.879,0.488,-4.758,0.0364,0.763,3.94e-06,0.141,0.888,125.04,189520,latin,2019,0
83,0.857,0.647,-4.152,0.0984,0.391,1.2e-06,0.0842,0.553,95.982,267500,latin,2019,0
5,0.558,0.871,-5.041,0.0516,0.0596,0.0,0.139,0.476,122.034,268840,latin,2015,0
1,0.496,0.545,-7.835,0.0444,0.534,5e-05,0.693,0.356,117.266,228341,latin,2015,0
39,0.872,0.819,-4.504,0.0429,0.066,0.0,0.282,0.691,115.007,200870,latin,2019,0
8,0.796,0.724,-6.516,0.154,0.0906,0.0,0.0985,0.316,96.009,214720,latin,2013,0
54,0.708,0.534,-7.623,0.159,0.629,0.00462,0.094,0.704,87.907,177273,latin,2018,0
88,0.759,0.548,-6.049,0.029,0.0392,0.0,0.0828,0.749,116.967,190800,latin,2019,0
45,0.695,0.752,-4.642,0.049,0.01,0.00408,0.129,0.663,90.013,176144,latin,2018,0
1,0.655,0.672,-6.625,0.0374,0.627,0.0,0.0856,0.934,174.094,213506,latin,2015,0
45,0.888,0.562,-6.355,0.148,0.0666,1.76e-06,0.0809,0.569,98.001,168367,latin,2018,0
85,0.795,0.783,-4.271,0.0432,0.361,0.0,0.437,0.8,92.016,266087,latin,2019,0
87,0.795,0.715,-3.582,0.0838,0.141,2.12e-06,0.179,0.758,165.941,304733,latin,2019,0
40,0.662,0.785,-5.466,0.119,0.288,0.0,0.166,0.834,83.477,213063,latin,2019,0
35,0.739,0.646,-5.97,0.0433,0.355,7.13e-05,0.15,0.615,117.873,207285,latin,2018,0
58,0.805,0.715,-3.886,0.154,0.0549,0.0,0.108,0.808,95.989,200634,latin,2019,0
86,0.826,0.773,-4.218,0.0524,0.323,0.0,0.143,0.761,126.899,238200,latin,2018,0
33,0.419,0.676,-9.585,0.0492,0.511,2.08e-05,0.457,0.365,87.032,228187,latin,2019,0
2,0.585,0.89,-2.873,0.257,0.000155,0.0,0.073,0.704,89.533,238707,latin,2005,0
49,0.626,0.719,-5.693,0.0557,0.238,0.0,0.14,0.753,81.992,208400,latin,2018,0
69,0.68,0.883,-3.862,0.103,0.284,0.0,0.14,0.834,101.983,200566,latin,2019,0
88,0.87,0.706,-5.395,0.126,0.0253,0.0063,0.0872,0.593,100.013,145800,latin,2019,0
49,0.681,0.658,-5.303,0.0568,0.0508,7.89e-05,0.0935,0.734,158.053,185615,latin,2019,0
62,0.851,0.736,-3.647,0.0625,0.198,1.7e-06,0.24,0.826,89.983,181107,latin,2019,0
54,0.752,0.87,-4.492,0.104,0.323,0.0,0.709,0.895,99.995,206874,latin,2019,0
54,0.714,0.421,-7.277,0.516,0.0169,1.51e-05,0.117,0.307,107.964,282133,latin,2009,0
71,0.689,0.675,-4.281,0.32,0.531,3.17e-06,0.115,0.604,180.065,205600,latin,2016,0
99,0.621,0.601,-5.616,0.148,0.0522,0.0,0.46,0.457,116.735,163636,latin,2019,0
62,0.515,0.812,-5.06,0.361,0.411,0.0,0.101,0.779,169.981,218044,latin,2009,0
0,0.655,0.814,-6.547,0.043,0.0032,0.00999,0.141,0.653,124.389,201600,latin,2001,0
97,0.704,0.225,-14.454,0.0994,0.902,0.657,0.106,0.243,120.006,245426,latin,2019,0
67,0.732,0.758,-1.694,0.189,0.213,0.0,0.388,0.78,98.007,202876,latin,2018,0
0,0.646,0.828,-5.642,0.0539,0.246,4.13e-05,0.494,0.429,126.004,234286,latin,2016,0
48,0.822,0.743,-3.04,0.0567,0.285,2.31e-06,0.102,0.355,96.025,185195,latin,2019,0
60,0.857,0.676,-5.973,0.0316,0.405,0.0,0.0951,0.747,132.011,216947,latin,2019,0
7,0.679,0.831,-1.866,0.109,0.159,1.1e-06,0.097,0.88,88.792,219520,latin,2019,0
58,0.75,0.763,-5.857,0.124,0.543,0.0,0.0904,0.763,100.053,213948,latin,2019,0
69,0.77,0.585,-8.06,0.0285,0.3,0.0,0.116,0.912,116.994,193373,latin,2003,0
44,0.748,0.653,-4.857,0.27,0.0629,0.0,0.248,0.324,89.921,177160,latin,2016,0
77,0.814,0.813,-3.023,0.0561,0.03,9.33e-05,0.255,0.839,79.997,232550,latin,2017,0
71,0.832,0.608,-6.042,0.0385,0.282,0.0,0.0761,0.589,94.013,198707,latin,2017,0
20,0.539,0.861,-4.927,0.204,0.0278,0.0,0.0724,0.863,84.18,225160,latin,2012,0
54,0.789,0.761,-4.023,0.104,0.239,0.0,0.239,0.583,94.052,212000,latin,2019,0
4,0.741,0.523,-10.854,0.0864,0.838,0.908,0.172,0.739,89.968,170785,latin,2018,0
0,0.744,0.952,-2.406,0.0487,0.28,0.0,0.351,0.964,117.999,217444,latin,2013,0
41,0.699,0.661,-14.05,0.0623,0.0187,0.000576,0.19,0.666,119.997,246933,latin,1991,0
75,0.66,0.867,-4.285,0.116,0.11,0.0,0.0368,0.377,93.033,180480,latin,2010,0
40,0.534,0.596,-7.652,0.0379,0.841,0.359,0.137,0.293,176.033,171818,latin,2019,0
63,0.754,0.847,-3.479,0.0784,0.15,0.0,0.207,0.444,100.047,311787,latin,2019,0
46,0.681,0.814,-4.556,0.0317,0.0309,0.000267,0.162,0.586,124.047,181135,latin,2015,0
76,0.772,0.626,-5.107,0.124,0.132,0.0,0.0862,0.895,169.934,206295,latin,2019,0
40,0.342,0.489,-9.147,0.0337,0.58,5.21e-06,0.23,0.348,171.654,286267,latin,2015,0
62,0.743,0.736,-4.849,0.0628,0.0652,0.0078,0.12,0.605,119.981,184987,latin,2016,0
74,0.732,0.708,-7.905,0.262,0.534,0.0,0.237,0.717,175.924,267787,latin,2005,0
49,0.687,0.767,-3.823,0.0349,0.47,0.0,0.188,0.325,109.975,220364,latin,2019,0
64,0.611,0.834,-3.708,0.23,0.397,0.0,0.174,0.85,93.066,273548,latin,2019,0
57,0.73,0.769,-4.936,0.178,0.244,2.06e-05,0.136,0.594,181.931,198720,latin,2017,0
60,0.614,0.702,-6.081,0.0378,0.245,4.63e-06,0.269,0.773,169.966,250547,latin,2010,0
69,0.608,0.798,-5.092,0.0432,0.0736,0.0,0.156,0.501,92.943,185360,latin,2016,0
47,0.699,0.724,-3.117,0.0268,0.00696,7.2e-05,0.208,0.214,120.978,170594,latin,2019,0
48,0.711,0.689,-6.435,0.0581,0.107,0.000358,0.0768,0.611,114.975,178565,latin,2019,0
41,0.687,0.84,-5.06,0.0741,0.152,0.0,0.0671,0.552,121.931,207541,latin,2019,0
1,0.731,0.881,-3.619,0.0624,0.398,0.0,0.0965,0.878,103.958,241500,latin,2020,0
77,0.547,0.795,-3.721,0.0489,0.145,0.0,0.11,0.723,118.118,186805,latin,2019,0
70,0.746,0.746,-5.046,0.102,0.152,0.0,0.274,0.733,175.965,243227,latin,2013,0
11,0.648,0.661,-5.027,0.195,0.121,2.33e-06,0.12,0.813,113.363,305962,latin,2019,0
39,0.459,0.172,-15.325,0.0534,0.935,0.000193,0.171,0.589,172.089,167442,latin,2019,0
43,0.666,0.823,-6.272,0.042,0.00271,0.00098,0.12,0.272,122.018,169180,latin,2019,0
40,0.649,0.667,-9.852,0.0643,0.391,0.000302,0.416,0.7,179.969,192993,latin,2018,0
59,0.817,0.676,-4.607,0.0379,0.0924,0.0,0.0988,0.796,115.999,188533,latin,2016,0
71,0.839,0.651,-4.709,0.0479,0.041,1.98e-05,0.0701,0.683,110.998,186573,latin,2019,0
52,0.595,0.773,-4.736,0.0549,0.0364,0.00108,0.334,0.711,180.073,173628,latin,2018,0
58,0.341,0.53,-6.806,0.0424,0.839,0.0,0.0865,0.405,171.571,266933,latin,2018,0
50,0.692,0.585,-6.456,0.0308,0.00116,0.895,0.161,0.667,121.999,173320,latin,2016,0
30,0.782,0.326,-12.198,0.0754,0.0585,8.69e-06,0.132,0.197,123.94,193548,latin,2019,0
0,0.439,0.729,-5.957,0.0384,0.777,9.55e-06,0.141,0.739,89.82,227000,latin,2014,0
56,0.669,0.623,-7.057,0.0413,0.101,0.0481,0.412,0.184,90.761,214097,latin,2017,0
0,0.733,0.821,-4.982,0.0407,0.0815,0.00408,0.122,0.397,120.011,201911,latin,2018,0
49,0.815,0.885,-8.481,0.0499,0.175,0.00113,0.24,0.906,113.822,297387,latin,2015,0
48,0.746,0.889,-3.835,0.0434,0.188,0.0,0.127,0.829,98.038,218520,latin,2016,0
49,0.668,0.812,-5.216,0.0468,0.244,0.0,0.372,0.575,94.01,247015,latin,2014,0
45,0.677,0.505,-11.139,0.0278,0.141,0.718,0.125,0.358,110.008,202111,latin,2019,0
64,0.863,0.84,-3.7,0.0587,0.158,0.0,0.368,0.934,109.977,200973,latin,2019,0
71,0.669,0.855,-3.035,0.0499,0.0124,0.0,0.335,0.648,120.045,227280,latin,2011,0
15,0.789,0.529,-8.869,0.0527,0.518,0.00186,0.157,0.656,99.963,206955,latin,2019,0
67,0.696,0.708,-5.252,0.138,0.187,0.0,0.387,0.961,149.994,195987,latin,2019,0
17,0.609,0.796,-4.661,0.0332,0.101,0.0,0.345,0.692,94.018,204255,latin,2019,0
40,0.454,0.351,-12.511,0.112,0.504,0.0,0.101,0.555,87.824,180042,latin,2019,0
12,0.777,0.805,-12.468,0.069,0.163,3.61e-06,0.532,0.872,127.01,258267,latin,2010,0
72,0.708,0.795,-4.71,0.116,0.0339,0.0,0.362,0.731,95.039,218996,latin,2019,0
50,0.711,0.947,-4.752,0.0484,0.0724,0.0,0.0725,0.84,120.044,187933,latin,2014,0
9,0.767,0.961,-4.437,0.0499,0.0718,1.21e-06,0.0628,0.967,110.026,188067,latin,2014,0
25,0.515,0.675,-5.158,0.256,0.437,0.0,0.0886,0.346,89.905,152852,latin,2019,0
41,0.75,0.532,-5.935,0.0486,0.00219,2.68e-05,0.121,0.294,125.002,203903,latin,2016,0
39,0.726,0.9,-3.405,0.22,0.0766,3.66e-06,0.178,0.313,113.016,189027,latin,2017,0
56,0.863,0.627,-5.708,0.206,0.0485,2.72e-06,0.0968,0.47,98.042,229088,latin,2018,0
32,0.745,0.924,-5.015,0.0424,0.00538,1.04e-06,0.0335,0.917,98.065,198827,latin,2020,0
0,0.683,0.769,-8.779,0.0326,0.000604,3.11e-05,0.168,0.283,127.0,222693,latin,2005,0
51,0.607,0.535,-11.633,0.0441,0.638,0.000958,0.0982,0.562,82.057,236362,latin,2019,0
41,0.735,0.858,-3.593,0.0515,0.0253,0.0,0.148,0.386,114.04,172628,latin,2018,0
32,0.746,0.806,-4.523,0.302,0.274,0.0,0.0968,0.963,167.986,262333,latin,2015,0
34,0.758,0.871,-3.794,0.0516,0.0219,1.18e-06,0.0633,0.513,107.98,175556,latin,2017,0
71,0.673,0.596,-7.891,0.0354,0.166,0.0,0.11,0.19,123.969,208567,latin,2019,0
88,0.817,0.781,-4.178,0.112,0.00838,5.21e-06,0.123,0.359,104.0,216707,latin,2019,0
91,0.654,0.672,-5.98,0.311,0.471,0.0,0.0781,0.343,181.857,249520,latin,2019,0
38,0.601,0.531,-6.493,0.296,0.0623,0.0,0.0904,0.6,90.045,208068,latin,2020,0
46,0.823,0.679,-13.757,0.0512,0.258,6.64e-06,0.0574,0.919,127.052,230653,latin,2020,0
31,0.635,0.945,-2.298,0.036,0.00411,2.41e-05,0.314,0.686,125.024,209014,latin,2016,0
13,0.821,0.542,-8.165,0.274,0.0884,0.0,0.175,0.76,87.099,261720,latin,2020,0
53,0.789,0.499,-10.111,0.0772,0.68,0.00403,0.156,0.786,161.171,221893,latin,2018,0
51,0.432,0.874,-5.558,0.0462,0.0732,6.14e-06,0.371,0.374,103.85,195195,latin,2016,0
50,0.725,0.586,-8.218,0.0629,0.144,0.87,0.123,0.531,91.004,140599,latin,2019,0
61,0.642,0.851,-3.448,0.103,0.143,0.0,0.776,0.653,96.996,184185,latin,2019,0
48,0.77,0.804,-5.196,0.0296,0.178,0.00165,0.154,0.858,115.956,186464,latin,2010,0
36,0.758,0.595,-12.373,0.422,0.0794,0.00815,0.0873,0.239,127.687,244000,latin,2016,0
57,0.697,0.919,-3.867,0.0792,0.432,0.0206,0.0882,0.683,179.988,232227,latin,2010,0
54,0.842,0.615,-4.445,0.146,0.0448,9.16e-06,0.117,0.669,144.748,344960,latin,2006,0
26,0.748,0.735,-5.68,0.107,0.0236,6.05e-06,0.0881,0.457,104.995,216333,latin,2019,0
58,0.759,0.625,-7.933,0.191,0.121,0.0,0.0888,0.626,120.112,185834,latin,2018,0
52,0.703,0.752,-5.441,0.09,0.535,0.0,0.126,0.679,93.089,267347,latin,2005,0
9,0.729,0.616,-6.422,0.249,0.458,0.0,0.082,0.532,106.486,155058,latin,2019,0
48,0.748,0.832,-7.526,0.0272,0.167,6.7e-05,0.26,0.969,114.119,206947,latin,2020,0
55,0.615,0.846,-6.269,0.0895,0.0389,7.96e-06,0.138,0.509,144.914,175867,latin,2019,0
80,0.691,0.894,-1.681,0.115,0.291,0.0,0.104,0.623,184.019,241880,latin,2019,0
71,0.66,0.395,-5.242,0.0333,0.873,0.0,0.112,0.678,81.997,204880,latin,2019,0
43,0.856,0.657,-3.775,0.168,0.5,0.0,0.0887,0.793,92.004,158904,latin,2019,0
51,0.919,0.848,-10.511,0.165,0.0078,0.0406,0.338,0.959,109.183,147304,latin,2020,0
52,0.65,0.509,-8.407,0.048,0.225,0.000191,0.111,0.298,108.019,206667,latin,2017,0
65,0.832,0.731,-4.815,0.228,0.0991,0.0,0.344,0.712,90.069,238476,latin,2010,0
55,0.793,0.651,-7.308,0.0339,0.262,9.19e-06,0.107,0.855,125.001,174961,latin,2020,0
70,0.599,0.667,-4.267,0.0367,0.0533,0.0,0.134,0.817,80.984,288877,latin,2017,0
65,0.81,0.756,-6.07,0.0969,0.245,0.0,0.358,0.919,105.005,212693,latin,2018,0
9,0.728,0.757,-5.59,0.244,0.129,0.0,0.361,0.504,90.837,299067,latin,2003,0
77,0.627,0.608,-12.914,0.0364,0.00677,0.0,0.233,0.955,149.029,203102,latin,2019,0
72,0.853,0.818,-3.6,0.0922,0.186,0.000255,0.18,0.546,149.839,225694,latin,2019,0
11,0.75,0.911,-5.835,0.041,0.00929,0.702,0.0268,0.961,119.849,250311,latin,2007,0
36,0.755,0.995,-2.804,0.163,0.0916,0.698,0.441,0.288,126.065,173351,latin,2019,0
0,0.457,0.73,-5.96,0.18,0.154,1.25e-06,0.106,0.438,82.52,210587,latin,2015,0
36,0.726,0.841,-4.145,0.0395,0.0353,0.00597,0.3,0.699,123.027,193173,latin,2019,0
90,0.548,0.653,-3.875,0.081,0.456,0.0,0.103,0.163,150.068,174853,latin,2019,0
43,0.533,0.675,-5.543,0.0291,0.153,7.01e-05,0.779,0.177,119.153,257000,latin,2006,0
0,0.828,0.714,-7.438,0.139,0.208,2.25e-05,0.0528,0.724,94.03,204600,latin,2020,0
53,0.803,0.776,-5.871,0.0668,0.0352,0.0,0.0979,0.829,91.997,222133,latin,2020,0
68,0.756,0.69,-3.87,0.0656,0.329,0.0,0.0586,0.783,162.005,213312,latin,2016,0
48,0.746,0.612,-6.809,0.304,0.424,0.0,0.0897,0.813,170.119,217828,latin,2019,0
25,0.598,0.823,-5.043,0.243,0.0438,3.2e-06,0.0599,0.279,107.772,158000,latin,2016,0
44,0.76,0.765,-4.699,0.095,0.322,8.6e-06,0.098,0.603,104.047,174194,latin,2019,0
45,0.747,0.866,-4.409,0.0373,0.208,0.0627,0.0704,0.327,122.999,143415,latin,2019,0
69,0.789,0.518,-5.417,0.0406,0.398,0.0,0.0891,0.78,94.001,266213,latin,2018,0
38,0.801,0.896,-4.448,0.105,0.057,0.0,0.26,0.696,100.006,188547,latin,2008,0
46,0.575,0.601,-8.986,0.0761,0.0206,0.0224,0.0708,0.204,122.012,210920,latin,2017,0
40,0.685,0.182,-13.156,0.0344,0.963,0.0012,0.11,0.157,111.483,195187,latin,2019,0
49,0.727,0.899,-4.429,0.147,0.393,0.0,0.489,0.645,139.962,238711,latin,2018,0
56,0.596,0.585,-11.634,0.034,0.565,0.904,0.199,0.132,119.002,200078,latin,2019,0
1,0.721,0.82,-4.568,0.344,0.41,0.0,0.111,0.751,169.951,217836,latin,2009,0
86,0.639,0.791,-4.443,0.253,0.0275,0.0,0.362,0.939,92.603,222347,latin,2019,0
43,0.839,0.777,-5.032,0.211,0.0431,4.32e-05,0.285,0.753,99.97,166440,latin,2018,0
10,0.748,0.884,-3.556,0.0501,0.0902,0.0,0.361,0.678,95.046,193159,latin,2017,0
45,0.674,0.592,-6.393,0.0483,0.102,0.24,0.2,0.603,115.986,177931,latin,2019,0
0,0.778,0.83,-11.413,0.0522,0.0836,5.44e-05,0.069,0.843,128.148,116140,latin,2008,0
27,0.662,0.78,-4.414,0.0449,0.163,0.0,0.084,0.557,104.825,198857,latin,2016,0
43,0.831,0.509,-6.497,0.0463,0.0371,2.34e-06,0.156,0.236,120.009,160500,latin,2019,0
62,0.64,0.822,-5.312,0.036,0.0211,0.0612,0.147,0.562,169.928,278824,latin,2019,0
41,0.744,0.69,-2.975,0.229,0.205,2.09e-05,0.189,0.348,179.91,151557,latin,2018,0
45,0.728,0.66,-7.122,0.0687,0.227,5.82e-06,0.447,0.697,108.103,197784,latin,2016,0
0,0.808,0.583,-13.049,0.0475,0.00326,0.0178,0.115,0.796,130.209,140330,latin,2008,0
65,0.34,0.445,-7.926,0.0305,0.255,0.000325,0.694,0.17,112.532,328907,latin,2001,0
74,0.665,0.799,-2.868,0.0617,0.18,0.0,0.125,0.5,101.976,228112,latin,2019,0
68,0.899,0.626,-4.228,0.292,0.076,0.0,0.0631,0.873,88.007,234320,latin,2016,0
62,0.564,0.684,-4.719,0.0348,0.0461,0.000718,0.335,0.404,119.99,234027,latin,2008,0
35,0.651,0.779,-3.782,0.0344,0.133,0.0,0.0838,0.428,139.93,229878,latin,2019,0
0,0.754,0.647,-8.169,0.08,0.106,2.79e-05,0.0712,0.827,123.858,263333,latin,2005,0
59,0.708,0.6,-7.099,0.0407,0.177,0.119,0.0578,0.604,112.995,341947,latin,2014,0
45,0.784,0.891,-12.602,0.0737,0.0413,0.0147,0.244,0.955,127.269,302133,latin,2020,0
58,0.933,0.682,-4.236,0.143,0.0556,0.0,0.143,0.265,99.002,230296,latin,2019,0
41,0.713,0.722,-7.113,0.0611,0.175,1.14e-05,0.131,0.482,123.99,179069,latin,2016,0
21,0.968,0.551,-5.204,0.234,0.0557,0.0,0.488,0.617,107.016,313240,latin,2020,0
29,0.871,0.43,-10.359,0.0484,0.561,1.38e-05,0.0564,0.663,119.969,254000,latin,2019,0
8,0.592,0.737,-1.856,0.0411,0.431,0.0,0.379,0.58,72.787,192860,latin,2019,0
55,0.714,0.659,-7.423,0.307,0.688,7.86e-06,0.128,0.671,87.119,187587,latin,2015,0
76,0.835,0.669,-5.582,0.0643,0.0336,6.92e-05,0.0535,0.542,122.668,267080,latin,2008,0
74,0.639,0.869,-4.024,0.147,0.27,0.0,0.0802,0.767,169.801,307910,latin,2016,0
33,0.64,0.425,-11.932,0.0426,0.643,0.0,0.168,0.477,131.865,243227,latin,1991,0
0,0.673,0.877,-4.43,0.148,0.0114,0.0,0.054,0.747,125.042,205880,latin,2020,0
0,0.857,0.772,-3.076,0.291,0.167,0.0,0.0721,0.727,90.034,253600,latin,2015,0
25,0.676,0.795,-5.637,0.0421,0.0143,0.00315,0.194,0.386,124.005,180000,latin,2015,0
53,0.846,0.935,-1.222,0.0672,0.173,0.000132,0.15,0.651,96.967,204893,latin,2019,0
4,0.669,0.52,-10.661,0.0549,0.444,0.955,0.418,0.349,108.975,169728,latin,2018,0
72,0.681,0.788,-4.323,0.0785,0.0482,0.0,0.0753,0.839,170.019,220117,latin,2017,0
75,0.747,0.825,-2.903,0.0566,0.0487,0.0,0.107,0.866,94.006,219773,latin,2019,0
64,0.498,0.782,-4.277,0.143,0.409,0.0,0.121,0.835,83.997,211429,latin,2018,0
39,0.593,0.8,-3.077,0.0621,0.357,0.0,0.101,0.781,175.941,215104,latin,2019,0
8,0.7,0.714,-6.295,0.104,0.122,0.0,0.0428,0.458,99.909,234308,latin,2017,0
73,0.616,0.454,-8.504,0.0273,0.767,3.48e-05,0.105,0.249,99.998,225839,latin,2015,0
0,0.772,0.811,-9.316,0.133,0.0753,0.00746,0.169,0.73,129.048,161802,latin,2008,0
38,0.569,0.865,-4.385,0.0495,0.0493,0.000406,0.317,0.278,93.381,187380,latin,2019,0
48,0.637,0.863,-3.129,0.0949,0.0475,1.13e-05,0.202,0.582,94.929,188789,latin,2016,0
0,0.828,0.535,-12.982,0.191,0.0295,3.61e-05,0.346,0.662,94.983,184147,latin,2004,0
39,0.732,0.421,-12.175,0.037,0.717,0.0137,0.159,0.739,133.918,197015,latin,2017,0
72,0.797,0.639,-4.317,0.387,0.114,0.0,0.0589,0.677,175.94,200961,latin,2020,0
65,0.406,0.366,-6.222,0.0293,0.654,0.0,0.0961,0.231,132.619,227973,latin,2015,0
45,0.49,0.818,-6.653,0.219,0.108,0.000129,0.142,0.0987,128.065,183755,latin,2019,0
55,0.738,0.671,-5.754,0.226,0.176,0.0,0.0919,0.607,88.012,268907,latin,2017,0
84,0.866,0.53,-6.347,0.0495,0.517,0.00159,0.0946,0.203,104.952,197973,latin,2019,0
59,0.73,0.781,-6.532,0.0875,0.128,0.948,0.0794,0.694,92.037,131500,latin,2019,0
63,0.677,0.758,-6.523,0.027,0.00307,0.736,0.22,0.308,119.999,173625,latin,2013,0
94,0.778,0.559,-7.109,0.0776,0.128,0.0,0.399,0.678,129.989,185093,latin,2019,0
63,0.779,0.641,-4.912,0.141,0.172,2.03e-06,0.102,0.638,107.032,217613,latin,2018,0
55,0.732,0.608,-7.028,0.201,0.625,0.057,0.105,0.23,94.968,169263,latin,2019,0
32,0.714,0.937,-3.099,0.0624,0.146,0.0,0.0531,0.81,101.992,239080,latin,2011,0
56,0.777,0.911,-5.014,0.108,0.148,2.21e-06,0.327,0.83,101.989,254320,latin,2008,0
8,0.776,0.669,-4.933,0.0638,0.142,0.0,0.219,0.661,91.012,228467,latin,2016,0
46,0.743,0.742,-7.516,0.0305,0.477,3.13e-05,0.118,0.807,128.019,234500,latin,2019,0
0,0.761,0.893,-3.913,0.0665,0.0755,6.22e-05,0.321,0.954,108.009,218227,latin,2008,0
75,0.839,0.554,-6.124,0.181,0.418,0.0,0.0923,0.727,139.952,249733,latin,2019,0
88,0.759,0.548,-6.049,0.029,0.0392,0.0,0.0828,0.749,116.967,190800,latin,2019,0
77,0.589,0.651,-5.097,0.0306,0.0291,3.2e-06,0.111,0.166,90.011,212627,latin,2015,0
65,0.135,0.723,-22.636,0.107,8.23e-05,0.797,0.957,0.0159,141.159,222469,latin,2017,0
5,0.735,0.963,-5.026,0.191,0.238,0.0,0.0936,0.347,100.062,211453,latin,2012,0
7,0.869,0.691,-6.872,0.192,0.12,0.0,0.102,0.875,95.019,249800,latin,2015,0
48,0.846,0.852,-4.982,0.246,0.0187,1.15e-06,0.0989,0.851,127.992,192427,latin,2009,0
0,0.798,0.842,-4.13,0.0861,0.0535,0.0,0.159,0.401,102.001,231640,latin,2012,0
69,0.42,0.481,-8.284,0.027,0.276,1.55e-06,0.345,0.376,82.112,190606,latin,2015,0
28,0.642,0.701,-4.141,0.0264,0.0798,0.0,0.297,0.683,80.011,208627,latin,2007,0
43,0.792,0.429,-10.174,0.472,0.671,0.914,0.34,0.948,79.943,105038,latin,2018,0
42,0.428,0.621,-5.675,0.0339,0.014,0.0,0.0906,0.271,90.025,234667,latin,2019,0
38,0.626,0.835,-5.516,0.0316,0.14,2.92e-06,0.365,0.41,109.997,220364,latin,2019,0
88,0.76,0.479,-5.574,0.0466,0.556,0.0,0.0703,0.913,89.911,158040,latin,2018,0
9,0.645,0.872,-4.894,0.0871,0.29,0.0,0.141,0.594,105.399,204733,latin,2016,0
55,0.867,0.635,-6.317,0.0771,0.00547,2.67e-05,0.0703,0.52,102.037,174118,latin,2019,0
66,0.704,0.706,-5.233,0.111,0.483,0.0,0.0965,0.856,92.965,195044,latin,2018,0
52,0.783,0.831,-3.465,0.0372,0.214,5.38e-05,0.263,0.655,93.997,221440,latin,2011,0
0,0.721,0.802,-6.226,0.046,0.135,1.24e-06,0.338,0.661,96.004,201387,latin,2017,0
84,0.795,0.885,-4.13,0.0713,0.0375,0.00638,0.292,0.46,126.037,169998,latin,2019,0
23,0.788,0.418,-9.687,0.0351,0.201,0.0,0.124,0.368,103.969,263077,latin,2019,0
10,0.743,0.774,-5.916,0.0941,0.256,5.03e-05,0.155,0.833,106.564,167613,latin,2005,0
15,0.644,0.535,-9.899,0.043,0.0834,7.41e-05,0.154,0.337,125.933,142168,latin,2016,0
26,0.717,0.823,-3.96,0.278,0.00649,0.000534,0.198,0.76,107.033,145671,latin,2016,0
41,0.845,0.907,-3.678,0.0578,0.144,9.85e-06,0.146,0.852,95.021,171493,latin,2009,0
49,0.866,0.685,-6.368,0.109,0.126,0.0,0.237,0.743,95.032,227560,latin,2008,0
75,0.852,0.553,-7.286,0.187,0.0563,0.0,0.332,0.656,142.072,205879,latin,2015,0
0,0.723,0.807,-4.23,0.123,0.259,0.0,0.127,0.851,93.027,178040,latin,2013,0
80,0.735,0.712,-5.119,0.0326,0.732,0.0,0.302,0.894,131.938,229333,latin,2019,0
62,0.733,0.762,-3.955,0.0665,0.268,0.0,0.0683,0.961,167.845,187867,latin,2019,0
52,0.694,0.711,-7.526,0.0413,0.023,0.0,0.237,0.267,104.987,192571,latin,2019,0
81,0.53,0.538,-6.672,0.0335,0.17,2.83e-06,0.248,0.288,148.051,233654,latin,2019,0
62,0.424,0.74,-3.243,0.0347,0.171,0.0,0.273,0.585,169.914,189560,latin,2006,0
0,0.815,0.676,-9.174,0.0934,0.233,0.0237,0.242,0.77,88.008,222401,latin,2006,0
69,0.686,0.722,-5.4,0.256,0.108,0.0,0.494,0.515,94.006,205707,latin,2005,0
44,0.704,0.819,-4.241,0.227,0.0132,0.000334,0.11,0.644,119.006,184133,latin,2016,0
71,0.464,0.444,-8.583,0.027,0.488,2.32e-05,0.166,0.294,144.092,222827,latin,2016,0
20,0.839,0.913,-5.329,0.166,0.264,0.0,0.0559,0.956,115.585,243280,latin,2003,0
33,0.728,0.885,-6.458,0.0373,0.122,6.35e-06,0.314,0.927,96.977,209659,latin,2016,0
27,0.785,0.69,-4.749,0.0759,0.00939,3.96e-06,0.112,0.469,95.023,165245,latin,2018,0
53,0.718,0.888,-4.778,0.0441,0.0241,2.54e-06,0.0565,0.727,91.998,213240,latin,2015,0
56,0.64,0.258,-8.189,0.152,0.843,0.0,0.146,0.641,124.083,199061,latin,2017,0
69,0.563,0.729,-4.178,0.16,0.0623,0.0,0.0378,0.726,80.51,152722,latin,2019,0
32,0.611,0.636,-7.024,0.0518,0.35,0.00168,0.248,0.203,99.98,177818,latin,2019,0
57,0.731,0.621,-4.959,0.436,0.348,0.0,0.0773,0.751,174.007,203632,latin,2020,0
6,0.64,0.691,-5.824,0.0302,0.631,7.07e-05,0.0521,0.452,111.991,329000,latin,2020,0
53,0.686,0.623,-3.425,0.13,0.00287,0.00145,0.219,0.176,140.171,219759,latin,2016,0
98,0.896,0.586,-6.687,0.0559,0.104,0.0,0.79,0.642,116.971,196653,latin,2019,0
71,0.878,0.555,-7.639,0.202,0.138,1.34e-06,0.151,0.751,88.029,190909,latin,2018,0
62,0.714,0.626,-4.655,0.423,0.26,0.0,0.284,0.512,76.625,315440,latin,2015,0
52,0.715,0.668,-5.083,0.0507,0.0357,0.0,0.0869,0.377,124.014,195113,latin,2015,0
4,0.712,0.901,-4.699,0.0595,0.051,0.0,0.162,0.845,97.98,214072,latin,2017,0
0,0.797,0.911,-4.902,0.0656,0.00101,0.42,0.038,0.96,126.003,294350,latin,2015,0
65,0.705,0.881,-3.81,0.0498,0.0912,3.96e-06,0.127,0.888,167.829,157530,latin,2019,0
0,0.714,0.764,-3.423,0.0587,0.0404,0.00101,0.0996,0.668,124.968,190084,latin,2016,0
58,0.624,0.772,-4.687,0.165,0.178,0.0,0.11,0.589,172.014,222240,latin,2011,0
12,0.635,0.902,-3.559,0.109,0.172,0.0,0.125,0.286,102.063,217822,latin,2018,0
32,0.693,0.907,-6.182,0.0437,0.00106,0.084,0.0875,0.768,134.945,389554,latin,2011,0
36,0.671,0.314,-8.091,0.244,0.11,0.0,0.0825,0.296,110.898,191600,latin,2016,0
40,0.657,0.0603,-11.637,0.0406,0.91,0.0,0.146,0.334,101.826,170000,latin,2020,0
58,0.597,0.594,-7.282,0.398,0.0799,0.0,0.0938,0.37,180.119,292413,latin,2005,0
72,0.683,0.691,-5.535,0.0432,0.243,0.0,0.14,0.732,179.91,219507,latin,2017,0
28,0.659,0.88,-4.254,0.0595,0.0383,0.176,0.102,0.652,179.985,252107,latin,2014,0
67,0.797,0.709,-7.609,0.0495,0.0538,0.0,0.0838,0.542,93.029,252903,latin,2019,0
55,0.659,0.803,-6.945,0.0368,0.0207,0.803,0.16,0.336,125.986,185681,latin,2019,0
69,0.816,0.538,-6.354,0.0617,0.0142,0.000496,0.099,0.156,97.054,210368,latin,2018,0
56,0.688,0.719,-4.746,0.0555,0.163,0.0,0.15,0.605,88.015,240000,latin,2015,0
86,0.737,0.828,-4.711,0.0396,0.0149,0.000583,0.0862,0.517,124.052,208474,latin,2019,0
73,0.378,0.638,-5.576,0.075,0.02,7.66e-05,0.0849,0.735,184.086,250627,latin,2012,0
54,0.818,0.635,-8.24,0.0284,0.0598,4.4e-06,0.146,0.907,129.048,256173,latin,2002,0
2,0.483,0.892,-6.378,0.0793,0.416,1e-05,0.121,0.839,179.315,225493,latin,2012,0
81,0.739,0.863,-3.667,0.139,0.0656,0.0,0.254,0.773,173.946,279280,latin,2019,0
20,0.748,0.506,-13.067,0.212,0.0476,3.2e-06,0.233,0.628,97.283,253613,latin,2004,0
75,0.697,0.886,-3.425,0.295,0.113,0.0,0.296,0.662,175.884,252269,latin,2019,0
39,0.683,0.592,-8.196,0.052,0.14,4.98e-05,0.0882,0.595,139.979,189228,latin,2019,0
54,0.789,0.765,-4.143,0.118,0.49,0.0,0.623,0.491,95.075,227603,latin,2020,0
71,0.674,0.758,-4.668,0.11,0.0445,1.16e-06,0.379,0.737,180.03,195492,latin,2019,0
28,0.677,0.935,-5.873,0.0439,0.374,0.0,0.446,0.675,127.999,191407,latin,2017,0
41,0.516,0.668,-7.461,0.0334,0.000901,3.95e-05,0.254,0.351,161.972,189310,latin,2019,0
32,0.827,0.546,-6.658,0.0855,0.228,0.0,0.105,0.655,106.941,170467,latin,2019,0
40,0.576,0.34,-12.999,0.0255,0.519,0.0,0.0861,0.431,82.226,246840,latin,1990,0
40,0.746,0.717,-7.543,0.0438,0.00834,0.0,0.116,0.175,116.038,164885,latin,2019,0
66,0.544,0.572,-6.272,0.147,0.41,0.0,0.115,0.36,179.88,253333,latin,2019,0
0,0.824,0.738,-5.431,0.0867,0.0215,0.0,0.0495,0.961,119.973,183973,latin,2020,0
19,0.729,0.632,-13.061,0.0675,0.00359,0.409,0.0949,0.93,120.269,312200,latin,2007,0
52,0.16,1.0,-16.449,0.0458,0.854,0.974,0.963,1e-05,130.674,240000,latin,2011,0
84,0.795,0.885,-4.13,0.0713,0.0375,0.00638,0.292,0.46,126.037,169998,latin,2019,0
41,0.725,0.8,-5.768,0.335,0.745,8.38e-06,0.1,0.666,89.098,136301,latin,2016,0
85,0.674,0.881,-2.853,0.147,0.296,3.01e-06,0.0793,0.234,98.994,178480,latin,2019,0
32,0.578,0.866,-3.804,0.0619,0.00701,0.0,0.257,0.619,128.038,199080,latin,2014,0
54,0.564,0.723,-6.983,0.0702,0.000741,0.672,0.543,0.466,121.97,180843,latin,2019,0
66,0.496,0.523,-8.111,0.0293,0.196,0.0,0.0896,0.206,143.955,206173,latin,2016,0
47,0.821,0.667,-5.845,0.124,0.188,0.0,0.0647,0.688,96.415,202600,latin,2010,0
38,0.778,0.727,-4.5,0.0395,0.0985,0.0,0.152,0.699,120.016,191880,latin,2018,0
2,0.874,0.737,-3.836,0.25,0.0229,0.0,0.0803,0.626,85.006,163256,latin,2015,0
38,0.654,0.803,-5.137,0.0544,0.254,0.000993,0.579,0.517,119.991,163886,latin,2019,0
60,0.727,0.637,-4.18,0.558,0.28,0.0,0.174,0.474,66.633,162640,latin,2019,0
56,0.73,0.732,-5.167,0.051,0.0427,2.22e-06,0.262,0.974,129.974,180453,latin,2012,0
59,0.685,0.552,-7.348,0.332,0.433,0.0,0.112,0.32,80.016,206865,latin,2019,0
47,0.88,0.818,-5.751,0.162,0.0446,0.0,0.691,0.851,113.959,296440,latin,2007,0
0,0.755,0.688,-9.098,0.267,0.0207,5.47e-05,0.578,0.719,159.966,196909,latin,2004,0
49,0.667,0.547,-12.841,0.0355,0.0364,0.425,0.115,0.182,122.012,269508,latin,2019,0
67,0.713,0.638,-4.666,0.0424,0.519,0.0,0.184,0.365,119.842,157172,latin,2019,0
18,0.762,0.955,-4.35,0.0501,0.143,0.0181,0.0889,0.891,116.944,115093,latin,2000,0
36,0.855,0.582,-9.311,0.0545,0.0357,0.792,0.0574,0.811,123.94,335707,latin,2020,0
30,0.604,0.871,-7.36,0.0466,0.0206,0.0,0.278,0.219,140.032,209914,latin,2018,0
48,0.631,0.576,-8.481,0.0383,0.341,1.49e-05,0.212,0.334,110.016,178455,latin,2019,0
40,0.601,0.708,-6.319,0.102,0.156,0.0562,0.112,0.709,153.801,204000,latin,2018,0
17,0.714,0.631,-8.111,0.0867,0.509,2.97e-06,0.381,0.5,94.994,188355,latin,2017,0
81,0.765,0.906,-2.097,0.0965,0.125,0.0,0.423,0.95,96.071,184558,latin,2019,0
62,0.727,0.724,-5.084,0.0806,0.0893,3.95e-06,0.0886,0.668,136.989,145951,latin,2019,0
58,0.736,0.96,-3.835,0.0533,0.0545,0.163,0.24,0.833,117.014,235897,latin,2019,0
2,0.769,0.757,-5.424,0.0526,0.146,0.0,0.062,0.881,118.98,218440,latin,2015,0
20,0.64,0.727,-5.776,0.0491,0.0347,0.000327,0.565,0.508,115.015,223304,latin,2017,0
17,0.689,0.711,-5.027,0.0455,0.00714,0.000499,0.135,0.566,115.048,206320,latin,2015,0
0,0.767,0.573,-6.414,0.0545,0.0687,0.000994,0.0875,0.688,98.953,207100,latin,2018,0
42,0.77,0.732,-6.459,0.0618,0.269,0.00681,0.101,0.736,87.992,189507,latin,2008,0
0,0.708,0.849,-6.692,0.0832,0.00934,0.0239,0.339,0.791,122.716,349893,latin,2001,0
59,0.882,0.633,-7.121,0.0852,0.11,0.000294,0.0546,0.701,98.024,200647,latin,2019,0
59,0.846,0.747,-5.074,0.0533,0.0947,0.0,0.159,0.517,95.003,220057,latin,2020,0
46,0.461,0.748,-6.122,0.033,0.0444,0.0,0.125,0.115,180.063,237987,latin,2010,0
47,0.792,0.781,-5.77,0.0379,0.105,0.000379,0.0713,0.632,122.013,198048,latin,2020,0
0,0.623,0.76,-7.462,0.0846,0.274,1.22e-05,0.0971,0.737,93.909,238120,latin,2007,0
1,0.887,0.87,-5.267,0.119,0.0145,0.0,0.015,0.838,126.047,190560,latin,2009,0
57,0.525,0.769,-4.746,0.0315,0.147,0.0,0.149,0.382,153.936,206434,latin,2019,0
0,0.646,0.603,-13.096,0.0288,0.00363,0.887,0.0691,0.96,125.582,503360,latin,1994,0
0,0.741,0.786,-4.163,0.0489,0.101,0.0,0.184,0.694,93.983,213707,latin,2015,0
58,0.624,0.772,-4.687,0.165,0.178,0.0,0.11,0.589,172.014,222240,latin,2011,0
66,0.69,0.489,-7.938,0.0788,0.13,0.00022,0.0815,0.645,114.008,351579,latin,2015,0
91,0.754,0.646,-5.795,0.317,0.152,1.85e-05,0.108,0.429,176.089,242573,latin,2019,0
85,0.522,0.128,-18.717,0.0357,0.894,0.026,0.0941,0.124,109.986,187932,latin,2018,0
39,0.709,0.758,-6.431,0.0446,0.0333,0.00855,0.12,0.467,94.986,185806,latin,2020,0
10,0.959,0.555,-6.367,0.0882,0.122,2.87e-06,0.166,0.603,114.992,277693,latin,2003,0
39,0.72,0.489,-9.907,0.0817,0.0373,0.00481,0.113,0.506,108.003,203000,latin,2019,0
3,0.716,0.71,-5.708,0.111,0.166,7.73e-05,0.107,0.904,173.911,226413,latin,2014,0
48,0.848,0.608,-7.473,0.21,0.128,0.0,0.072,0.654,88.011,265347,latin,2020,0
70,0.655,0.713,-6.293,0.0501,0.338,0.0,0.0971,0.61,94.05,184653,latin,2019,0
75,0.758,0.629,-5.579,0.0852,0.463,1.8e-06,0.113,0.575,97.006,203923,latin,2019,0
61,0.743,0.821,-6.047,0.06,0.423,0.0,0.325,0.828,82.061,218000,latin,2011,0
51,0.678,0.673,-6.531,0.0283,0.689,0.000138,0.127,0.349,135.608,254107,latin,2013,0
55,0.717,0.208,-17.462,0.1,0.931,0.000901,0.228,0.325,81.042,124486,latin,2018,0
62,0.543,0.876,-5.069,0.0512,0.0606,0.0,0.157,0.415,122.058,268840,latin,2015,0
54,0.823,0.7,-6.588,0.077,0.0733,6.3e-05,0.685,0.537,123.05,169837,latin,2018,0
15,0.733,0.777,-7.076,0.0347,0.436,0.0716,0.102,0.583,119.996,190999,latin,2015,0
70,0.673,0.694,-4.01,0.166,0.557,0.0,0.118,0.78,175.912,203000,latin,2019,0
46,0.77,0.599,-4.579,0.159,0.36,1.29e-06,0.238,0.858,175.945,182045,latin,2020,0
80,0.618,0.795,-1.8,0.113,0.0655,0.0,0.309,0.76,185.901,206279,latin,2019,0
50,0.61,0.753,-5.688,0.119,0.0646,0.0,0.133,0.606,128.074,168751,latin,2019,0
41,0.777,0.393,-10.614,0.216,0.134,0.818,0.361,0.358,80.945,123333,latin,2019,0
1,0.918,0.434,-10.715,0.224,0.524,0.00011,0.0634,0.934,126.981,201320,latin,2012,0
53,0.805,0.622,-10.902,0.141,0.274,0.000838,0.102,0.716,122.006,344947,latin,2019,0
1,0.54,0.85,-2.46,0.0496,0.0145,0.000713,0.0925,0.333,100.103,218406,latin,2019,0
0,0.614,0.701,-6.022,0.0344,0.236,0.0262,0.128,0.0358,100.016,201600,latin,2016,0
62,0.838,0.641,-4.301,0.032,0.205,0.0,0.123,0.915,127.989,220320,latin,2019,0
59,0.596,0.752,-4.904,0.07,0.785,0.000419,0.105,0.306,127.06,202169,latin,2015,0
33,0.583,0.436,-6.597,0.496,0.235,0.000116,0.106,0.215,186.098,196139,latin,2019,0
1,0.418,0.499,-20.217,0.345,0.39,0.464,0.248,0.0718,140.79,360098,latin,2009,0
52,0.836,0.649,-3.547,0.148,0.0254,0.0,0.0758,0.433,96.884,209733,latin,2017,0
51,0.624,0.687,-6.96,0.0359,0.483,0.0,0.114,0.655,98.078,207267,latin,2020,0
53,0.881,0.639,-6.682,0.101,0.0708,3.33e-06,0.0547,0.706,107.013,234907,latin,2007,0
8,0.659,0.689,-9.87,0.0322,0.412,0.0,0.384,0.835,110.021,176222,latin,2010,0
62,0.866,0.438,-11.24,0.456,0.126,7.07e-05,0.131,0.669,99.978,240000,latin,2019,0
75,0.747,0.825,-2.903,0.0566,0.0487,0.0,0.107,0.866,94.006,219773,latin,2019,0
68,0.836,0.961,-2.679,0.0635,0.194,0.0,0.074,0.76,109.957,170006,latin,2013,0
61,0.769,0.437,-6.406,0.0363,0.44,0.0,0.116,0.737,103.921,186443,latin,2015,0
27,0.647,0.94,-3.897,0.0516,0.0205,2.82e-05,0.622,0.361,123.993,159677,latin,2019,0
22,0.77,0.418,-10.076,0.384,0.56,0.314,0.0676,0.681,185.919,186168,latin,2019,0
67,0.539,0.528,-8.113,0.252,0.0108,0.0,0.117,0.252,190.169,228640,latin,2016,0
66,0.739,0.852,-7.323,0.0453,0.51,0.123,0.157,0.903,102.014,197559,latin,2019,0
60,0.702,0.705,-6.666,0.0543,0.258,5.93e-06,0.0879,0.743,154.911,213445,latin,2015,0
70,0.735,0.762,-5.547,0.04,0.318,0.0,0.371,0.7,116.027,209192,latin,2018,0
71,0.475,0.717,-6.712,0.102,0.194,0.0,0.101,0.646,83.873,199720,latin,2018,0
30,0.857,0.609,-5.752,0.137,0.0889,0.0,0.0949,0.201,125.987,270476,latin,2018,0
60,0.69,0.832,-4.116,0.0956,0.0168,0.0,0.514,0.572,91.972,215000,latin,2018,0
58,0.663,0.882,-4.627,0.0284,0.0182,0.000157,0.423,0.789,117.717,245573,latin,2016,0
81,0.643,0.783,-6.458,0.0856,0.047,0.0,0.083,0.579,154.084,163870,latin,2017,0
49,0.668,0.578,-4.399,0.0825,0.58,0.0,0.0691,0.404,99.774,210000,latin,2018,0
86,0.725,0.79,-2.331,0.197,0.0711,1.14e-06,0.0602,0.763,175.988,287773,latin,2019,0
83,0.857,0.647,-4.152,0.0984,0.391,1.2e-06,0.0842,0.553,95.982,267500,latin,2019,0
33,0.479,0.693,-5.71,0.0301,0.143,0.0,0.12,0.411,175.818,226094,latin,2019,0
64,0.634,0.779,-5.909,0.0478,0.44,0.0,0.05,0.854,179.963,325642,latin,1990,0
68,0.648,0.785,-5.414,0.165,0.0561,0.0,0.148,0.943,160.02,219200,latin,2014,0
88,0.453,0.538,-8.212,0.0638,0.449,0.0,0.19,0.516,122.973,204533,latin,2019,0
57,0.594,0.939,-3.384,0.137,0.0543,0.0,0.222,0.569,125.028,191160,latin,2015,0
68,0.643,0.874,-3.714,0.033,0.346,0.000299,0.36,0.877,93.494,374053,latin,2019,0
48,0.566,0.82,-3.736,0.0517,0.481,7.84e-06,0.0836,0.753,92.397,307320,latin,2019,0
76,0.576,0.524,-5.428,0.24,0.89,0.0,0.108,0.715,99.387,212433,latin,2019,0
37,0.761,0.624,-8.256,0.322,0.0124,1.81e-05,0.187,0.761,84.965,166773,latin,1999,0
36,0.677,0.473,-7.008,0.205,0.076,0.0,0.0825,0.546,78.946,188729,latin,2019,0
47,0.677,0.738,-6.287,0.0467,0.311,0.000144,0.138,0.58,98.963,236786,latin,2016,0
46,0.829,0.765,-6.283,0.0414,0.632,0.76,0.0981,0.736,121.982,193222,latin,2016,0
40,0.703,0.936,-4.929,0.057,0.0751,0.000716,0.0425,0.828,99.182,193173,latin,2003,0
57,0.668,0.656,-5.715,0.0548,0.373,0.0,0.0694,0.827,168.004,221718,latin,2019,0
30,0.595,0.486,-5.973,0.0373,0.114,0.0,0.599,0.302,145.146,184491,latin,2017,0
0,0.702,0.82,-4.904,0.0729,0.191,0.0,0.25,0.736,119.906,171627,latin,2015,0
71,0.878,0.555,-7.639,0.202,0.138,1.34e-06,0.151,0.751,88.029,190909,latin,2018,0
38,0.67,0.88,-4.897,0.0877,0.422,4.22e-06,0.0829,0.906,179.981,196006,latin,2013,0
40,0.669,0.372,-9.599,0.207,0.887,0.0169,0.154,0.821,92.715,267989,latin,2019,0
34,0.734,0.612,-5.486,0.0571,0.589,1.96e-06,0.0878,0.728,144.973,194943,latin,2019,0
6,0.708,0.691,-10.279,0.129,0.458,0.0,0.0787,0.641,111.876,316960,latin,1997,0
69,0.702,0.669,-5.103,0.368,0.284,0.0,0.33,0.638,169.914,229947,latin,2019,0
68,0.77,0.79,-5.453,0.0814,0.139,0.0,0.0829,0.872,93.97,195453,latin,2014,0
0,0.711,0.849,-3.248,0.0493,0.104,0.0,0.0626,0.826,105.129,66837,latin,2017,0
58,0.759,0.906,-6.085,0.0513,0.0405,2.74e-06,0.206,0.575,92.99,220440,latin,2018,0
59,0.754,0.875,-1.94,0.0407,0.395,0.0,0.0905,0.967,97.522,263920,latin,2020,0
63,0.755,0.828,-4.443,0.0356,0.0271,0.0291,0.0799,0.729,109.011,177781,latin,2019,0
0,0.801,0.716,-8.398,0.0541,0.285,1e-05,0.18,0.771,94.005,251890,latin,2006,0
82,0.691,0.773,-3.812,0.0355,0.236,0.0,0.329,0.85,92.992,188468,latin,2019,0
49,0.908,0.81,-6.753,0.132,0.347,3.49e-05,0.268,0.76,95.006,195200,latin,2005,0
51,0.751,0.84,-4.674,0.108,0.0953,0.0,0.653,0.509,88.039,256465,latin,2015,0
50,0.715,0.802,-5.002,0.0298,0.0816,0.0,0.108,0.379,113.986,166299,latin,2019,0
80,0.735,0.712,-5.119,0.0326,0.732,0.0,0.302,0.894,131.938,229333,latin,2019,0
75,0.46,0.809,-5.415,0.326,0.0422,5.04e-05,0.138,0.609,157.184,179227,pop,2018,0
32,0.421,0.706,-5.206,0.124,0.201,1.71e-05,0.192,0.34,75.646,170400,pop,2020,0
46,0.69,0.753,-3.83,0.0555,0.162,0.0,0.0718,0.931,148.024,183468,pop,2017,0
41,0.603,0.882,-2.772,0.0677,0.0089,0.0584,0.632,0.688,172.175,209616,pop,2016,0
83,0.842,0.801,-4.167,0.228,0.157,4.82e-06,0.0642,0.617,95.881,212500,pop,2018,0
0,0.609,0.883,-6.761,0.0532,0.0823,8.36e-06,0.196,0.865,167.871,190280,pop,2015,0
63,0.687,0.706,-5.357,0.0459,0.091,0.0,0.124,0.27,115.268,127826,pop,2019,0
60,0.742,0.864,-5.06,0.0976,0.00141,0.00467,0.241,0.727,125.032,169935,pop,2019,0
68,0.451,0.0873,-16.815,0.063,0.907,2.46e-06,0.354,0.456,166.598,200000,pop,2019,0
70,0.583,0.61,-5.639,0.0382,0.00425,0.000105,0.14,0.336,114.06,214740,pop,2015,0
54,0.612,0.476,-8.256,0.0275,0.861,0.00401,0.147,0.257,118.383,288720,pop,2010,0
81,0.209,0.418,-8.74,0.0338,0.163,0.00195,0.113,0.123,138.265,295533,pop,2005,0
58,0.555,0.813,-5.792,0.033,0.0201,0.0,0.165,0.435,125.034,213120,pop,2016,0
42,0.657,0.73,-6.294,0.0633,0.118,4.21e-06,0.152,0.249,92.883,215448,pop,2019,0
22,0.62,0.881,-5.851,0.0372,0.0585,0.714,0.311,0.415,126.035,199904,pop,2011,0
0,0.555,0.616,-6.049,0.0311,0.00236,0.014,0.0993,0.222,101.985,222403,pop,2013,0
23,0.394,0.301,-9.267,0.152,0.793,0.00106,0.0934,0.0576,81.205,202652,pop,2015,0
41,0.794,0.72,-5.186,0.0653,0.359,6.3e-05,0.296,0.384,99.962,199200,pop,2015,0
68,0.594,0.935,-3.562,0.0565,0.0249,3.97e-06,0.637,0.366,127.015,193187,pop,2019,0
64,0.704,0.802,-5.382,0.17,0.398,0.0,0.0831,0.884,90.543,198280,pop,2019,0
53,0.798,0.715,-7.103,0.215,0.191,0.773,0.112,0.199,122.47,468587,pop,2013,0
34,0.561,0.668,-10.302,0.0304,0.00102,0.329,0.196,0.431,161.225,249373,pop,1984,0
81,0.851,0.541,-6.825,0.0505,0.568,0.0,0.13,0.448,124.959,235545,pop,2018,0
71,0.832,0.659,-7.828,0.057,0.0839,0.00114,0.0753,0.674,100.163,353893,pop,2013,0
76,0.73,0.861,-4.1,0.0451,0.39,0.0,0.213,0.704,117.965,196613,pop,2018,0
48,0.605,0.565,-6.029,0.0499,0.798,0.0,0.0946,0.639,96.181,186953,pop,2019,0
32,0.544,0.679,-8.695,0.0791,0.229,0.000169,0.508,0.416,118.907,231599,pop,2020,0
51,0.714,0.715,-9.965,0.0387,0.345,0.00567,0.927,0.841,111.036,152267,pop,2020,0
52,0.476,0.684,-6.256,0.0314,0.049,0.0,0.158,0.448,154.85,202893,pop,2018,0
80,0.646,0.741,-4.973,0.034,0.0275,0.0,0.312,0.571,123.077,203000,pop,2017,0
77,0.703,0.868,-4.661,0.0291,0.15,0.132,0.104,0.733,121.03,193613,pop,2017,0
87,0.717,0.653,-5.634,0.0658,0.229,0.0,0.101,0.412,106.966,207320,pop,2019,0
46,0.591,0.779,-7.372,0.0576,0.0961,0.184,0.0868,0.36,145.027,178759,pop,2019,0
63,0.682,0.7,-5.591,0.0397,0.406,0.0,0.174,0.637,120.03,186878,pop,2020,0
2,0.575,0.634,-8.822,0.0348,0.144,1.68e-06,0.314,0.79,153.217,300093,pop,1998,0
51,0.573,0.881,-4.688,0.0331,0.111,0.0,0.222,0.419,128.926,217250,pop,2018,0
75,0.74,0.835,-3.425,0.0839,0.0139,0.0,0.857,0.535,123.024,251293,pop,2019,0
30,0.487,0.79,-4.299,0.0389,0.00329,0.000542,0.447,0.24,103.503,222384,pop,2015,0
18,0.493,0.862,-6.723,0.0341,0.000493,0.674,0.598,0.534,130.156,192960,pop,2001,0
53,0.95,0.731,-4.485,0.199,0.0248,5.26e-05,0.107,0.574,126.998,154463,pop,2016,0
56,0.505,0.622,-8.372,0.0322,0.0809,0.000789,0.212,0.193,85.994,297432,pop,2015,0
34,0.502,0.501,-9.42,0.0343,0.342,7.29e-06,0.115,0.685,77.571,188895,pop,2019,0
78,0.507,0.48,-5.418,0.0266,0.449,0.0,0.147,0.35,86.046,204427,pop,2018,0
65,0.772,0.744,-5.803,0.0398,0.0547,0.0,0.0852,0.86,120.065,202480,pop,2017,0
65,0.471,0.924,-3.906,0.0586,0.00301,0.0,0.313,0.725,154.961,177280,pop,2012,0
61,0.786,0.384,-8.655,0.0651,0.072,0.00115,0.0484,0.77,137.935,211147,pop,2019,0
69,0.755,0.769,-5.658,0.186,0.314,2.38e-06,0.0628,0.642,114.966,186080,pop,2018,0
49,0.651,0.711,-5.062,0.0378,0.111,6.13e-05,0.0488,0.425,125.089,191954,pop,2018,0
12,0.906,0.625,-6.779,0.0903,0.000243,3.23e-05,0.0975,0.423,150.018,177000,pop,2017,0
60,0.571,0.763,-6.66,0.0491,0.0421,0.0,0.394,0.211,99.953,161400,pop,2018,0
50,0.592,0.762,-6.601,0.0686,0.00463,0.157,0.349,0.432,124.968,199750,pop,2019,0
74,0.649,0.815,-3.796,0.0415,0.00125,4.31e-05,0.671,0.765,126.03,230747,pop,2012,0
84,0.63,0.804,-4.183,0.0363,0.215,0.0,0.253,0.492,123.146,220293,pop,2016,0
31,0.647,0.613,-8.241,0.0441,0.0106,7.97e-05,0.648,0.27,130.042,166154,pop,2020,0
51,0.715,0.624,-3.046,0.114,0.11,0.0,0.123,0.412,158.087,173325,pop,2016,0
82,0.853,0.56,-4.961,0.0406,0.013,0.0,0.0944,0.86,134.066,206693,pop,2016,0
72,0.431,0.894,-2.673,0.33,0.0951,0.0,0.188,0.604,162.193,258760,pop,2010,0
79,0.554,0.321,-8.251,0.028,0.893,0.0,0.0996,0.288,135.047,285240,pop,2011,0
3,0.652,0.887,-4.002,0.223,0.0314,0.0,0.105,0.456,172.993,227308,pop,2018,0
67,0.294,0.505,-8.106,0.042,0.12,0.0,0.0977,0.357,85.332,209893,pop,2019,0
16,0.563,0.986,-7.67,0.0542,0.217,0.579,0.381,0.435,130.014,212693,pop,2001,0
4,0.612,0.742,-4.198,0.0519,0.0176,0.000102,0.101,0.431,122.052,193399,pop,2018,0
73,0.573,0.739,-5.74,0.129,0.0285,0.0,0.111,0.451,97.085,230227,pop,2015,0
34,0.719,0.753,-4.206,0.0352,0.175,2.47e-06,0.36,0.577,98.016,243480,pop,2017,0
65,0.685,0.735,-6.337,0.0334,0.191,0.038,0.188,0.385,94.035,190827,pop,2017,0
29,0.821,0.58,-10.243,0.0708,0.0805,0.00208,0.152,0.346,120.012,231493,pop,2015,0
53,0.701,0.745,-9.439,0.0362,0.0489,0.309,0.138,0.498,97.069,285360,pop,1984,0
71,0.407,0.697,-5.612,0.342,0.375,5.07e-06,0.125,0.632,179.681,162864,pop,2019,0
60,0.611,0.677,-6.745,0.034,0.0764,0.0698,0.241,0.233,166.04,255320,pop,2012,0
33,0.494,0.892,-4.139,0.0942,0.0318,0.0,0.0816,0.369,127.898,212963,pop,2017,0
38,0.668,0.394,-12.811,0.0293,0.978,0.0941,0.112,0.457,138.551,239703,pop,2016,0
42,0.213,0.693,-4.868,0.0492,0.615,0.000108,0.192,0.134,165.571,240000,pop,2019,0
70,0.686,0.693,-6.245,0.131,0.329,0.0,0.136,0.699,124.206,197876,pop,2018,0
40,0.701,0.75,-4.622,0.0456,0.011,0.000199,0.125,0.568,113.473,240080,pop,2012,0
44,0.708,0.581,-9.521,0.0557,0.323,0.0206,0.0961,0.329,99.987,202467,pop,2016,0
1,0.54,0.877,-4.263,0.18,0.271,0.0,0.161,0.45,103.073,202633,pop,2017,0
71,0.667,0.954,-3.462,0.0817,0.0296,0.0,0.331,0.807,114.0,175093,pop,2008,0
50,0.714,0.373,-12.269,0.234,0.711,0.0373,0.134,0.082,103.967,149811,pop,2018,0
31,0.644,0.414,-10.358,0.0341,0.541,0.000133,0.0835,0.651,92.049,213913,pop,2020,0
63,0.663,0.522,-8.741,0.0374,0.392,5.41e-06,0.197,0.301,99.765,262520,pop,2014,0
44,0.64,0.875,-5.999,0.388,0.00086,0.0107,0.0599,0.27,104.974,276853,pop,2012,0
37,0.724,0.703,-4.049,0.171,0.228,0.0,0.0852,0.866,99.629,180026,pop,2015,0
46,0.874,0.54,-7.084,0.417,0.217,0.00185,0.562,0.723,156.941,190747,pop,2018,0
80,0.63,0.694,-6.257,0.0253,0.00281,0.0,0.0719,0.216,97.005,195519,pop,2018,0
66,0.7,0.795,-9.019,0.151,0.16,0.0,0.354,0.696,136.018,248354,pop,2019,0
35,0.539,0.739,-5.429,0.204,0.0263,0.0,0.297,0.386,173.082,249187,pop,2019,0
81,0.886,0.752,-3.819,0.0949,0.191,2.76e-06,0.146,0.435,94.066,220147,pop,2019,0
90,0.798,0.675,-5.041,0.0442,0.0912,0.0,0.0894,0.842,101.956,219947,pop,2019,0
26,0.603,0.677,-6.185,0.0305,0.0845,9.88e-05,0.0938,0.219,121.933,200967,pop,2016,0
0,0.814,0.613,-8.113,0.0449,0.0473,0.067,0.15,0.72,114.651,443480,pop,2013,0
55,0.555,0.8,-4.835,0.0776,0.0353,0.0,0.0783,0.801,174.007,175027,pop,2010,0
60,0.581,0.922,-3.408,0.0666,0.024,0.0,0.202,0.596,118.408,191545,pop,2016,0
36,0.811,0.383,-9.621,0.126,0.603,1.13e-06,0.173,0.424,118.027,202840,pop,2019,0
67,0.798,0.556,-8.597,0.0303,0.527,0.000353,0.0959,0.627,109.994,236727,pop,2018,0
80,0.756,0.851,-3.33,0.0674,0.0336,0.0,0.126,0.934,75.014,200693,pop,2019,0
34,0.678,0.913,-6.018,0.0884,0.069,0.0,0.0732,0.777,159.923,193573,pop,2008,0
62,0.659,0.541,-7.919,0.0272,0.0174,0.0,0.198,0.56,116.685,224693,pop,2007,0
43,0.774,0.828,-1.869,0.198,0.719,1.65e-06,0.122,0.583,125.299,155520,pop,2019,0
57,0.626,0.475,-8.086,0.0666,0.124,0.0,0.092,0.424,84.035,177851,pop,2019,0
61,0.696,0.907,-4.157,0.073,0.0191,1.23e-05,0.124,0.466,125.932,186667,pop,2019,0
66,0.805,0.835,-4.603,0.0896,0.13,5.03e-06,0.365,0.722,125.028,188230,pop,2019,0
0,0.597,0.861,-8.074,0.0408,0.0229,0.00828,0.143,0.0818,109.978,244211,pop,2010,0
48,0.766,0.351,-7.711,0.0276,0.827,0.00837,0.191,0.583,87.988,201883,pop,2020,0
0,0.577,0.592,-7.259,0.029,0.35,0.655,0.163,0.262,124.973,208748,pop,2017,0
69,0.673,0.464,-6.864,0.201,0.0933,0.0,0.21,0.762,171.043,235600,pop,2014,0
38,0.746,0.909,-6.032,0.058,0.206,2.23e-06,0.0656,0.962,103.189,222027,pop,2008,0
9,0.407,0.725,-5.346,0.188,0.0141,2.46e-06,0.306,0.247,196.093,247267,pop,2014,0
8,0.412,0.982,-4.77,0.0777,9.22e-05,0.0,0.147,0.55,157.043,173084,pop,2015,0
71,0.573,0.929,-3.942,0.109,0.197,0.000112,0.0567,0.582,127.934,212560,pop,2012,0
55,0.522,0.682,-10.183,0.0344,0.29,1.23e-05,0.339,0.529,111.902,261560,pop,1982,0
38,0.631,0.85,-2.381,0.0375,0.0206,0.0,0.135,0.612,127.983,162053,pop,2014,0
86,0.591,0.585,-6.35,0.0277,0.143,0.0,0.109,0.324,110.94,205473,pop,2020,0
65,0.633,0.559,-5.135,0.313,0.338,0.0,0.262,0.473,114.983,168640,pop,2018,0
11,0.319,0.697,-8.624,0.0853,0.228,0.0,0.944,0.305,97.436,368267,pop,2009,0
73,0.618,0.66,-8.14,0.0372,0.0292,2.07e-06,0.325,0.408,105.0,210944,pop,2019,0
76,0.69,0.784,-4.653,0.032,0.323,0.0,0.203,0.669,106.066,194408,pop,2018,0
65,0.397,0.975,-3.532,0.365,0.00152,0.0,0.118,0.451,192.021,250240,pop,2011,0
0,0.443,0.608,-10.537,0.161,0.257,0.00205,0.13,0.807,142.406,222413,pop,2016,0
29,0.61,0.842,-5.108,0.0323,0.0117,0.131,0.144,0.278,125.05,190080,pop,2020,0
55,0.497,0.924,-3.43,0.0434,0.149,0.251,0.267,0.283,120.018,150005,pop,2019,0
16,0.543,0.872,-5.129,0.0402,0.0332,2.43e-05,0.174,0.225,164.003,240465,pop,2020,0
78,0.803,0.585,-5.861,0.0432,0.103,3.94e-06,0.0644,0.593,105.017,214480,pop,2016,0
58,0.652,0.751,-8.327,0.0369,0.112,0.592,0.102,0.0399,122.024,237978,pop,2020,0
52,0.614,0.379,-10.48,0.0476,0.607,0.000464,0.0986,0.201,107.989,258987,pop,2020,0
38,0.703,0.687,-8.334,0.12,0.265,1.15e-06,0.306,0.557,139.786,209490,pop,2019,0
10,0.655,0.715,-5.504,0.183,0.145,0.0,0.357,0.609,100.055,185045,pop,2016,0
63,0.605,0.902,-5.406,0.0511,0.0185,1.01e-06,0.0534,0.875,132.612,202587,pop,2009,0
71,0.467,0.757,-3.01,0.0517,0.0866,0.0,0.0742,0.383,131.993,254653,pop,2017,0
43,0.556,0.76,-12.164,0.0463,0.0626,3.91e-05,0.348,0.696,129.296,260773,pop,1989,0
2,0.871,0.709,-7.213,0.109,0.037,0.0,0.236,0.724,106.912,212747,pop,2015,0
5,0.424,0.86,-4.29,0.0342,0.0196,0.000343,0.306,0.38,111.497,234400,pop,2002,0
33,0.607,0.892,-7.114,0.0337,0.749,0.259,0.134,0.302,137.906,177827,pop,1983,0
82,0.693,0.564,-3.857,0.0378,0.399,0.0,0.0409,0.574,185.913,210901,pop,2019,0
10,0.244,0.645,-5.863,0.0456,0.00178,0.00574,0.301,0.529,183.577,188307,pop,2019,0
61,0.537,0.347,-10.245,0.0303,0.444,0.00343,0.111,0.0968,110.011,275013,pop,2019,0
34,0.628,0.832,-2.914,0.0514,0.0178,0.0,0.135,0.389,139.605,186857,pop,2019,0
49,0.708,0.683,-5.249,0.0917,0.204,0.0,0.158,0.651,108.039,196196,pop,2018,0
42,0.478,0.672,-5.802,0.0589,0.000399,0.0,0.0921,0.72,112.988,185792,pop,2019,0
72,0.531,0.854,-3.149,0.198,0.288,0.0,0.0773,0.456,94.419,190000,pop,2018,0
44,0.73,0.493,-7.656,0.0419,0.201,7.11e-05,0.0562,0.374,105.036,167228,pop,2019,0
0,0.609,0.93,-6.088,0.0491,0.039,0.0264,0.0948,0.771,128.026,228013,pop,2013,0
16,0.738,0.846,-5.929,0.0758,0.158,0.0353,0.0282,0.879,125.98,237071,pop,2020,0
42,0.61,0.822,-4.424,0.0336,0.00272,0.000323,0.169,0.455,92.046,194025,pop,2015,0
55,0.608,0.899,-3.185,0.0392,0.0125,0.0,0.211,0.652,105.032,185429,pop,2014,0
40,0.727,0.951,-4.004,0.0375,0.211,0.000701,0.0537,0.774,101.078,197653,pop,2014,0
47,0.697,0.497,-9.934,0.169,0.121,0.0,0.111,0.49,161.988,154259,pop,2020,0
5,0.637,0.715,-7.958,0.322,0.637,0.0,0.104,0.319,188.094,152765,pop,2017,0
77,0.646,0.795,-3.293,0.0976,0.0319,0.0,0.267,0.796,89.99,210960,pop,2011,0
8,0.688,0.349,-7.182,0.27,0.241,0.685,0.374,0.433,169.773,144000,pop,2016,0
0,0.569,0.737,-4.7,0.032,0.000644,0.000194,0.0663,0.437,127.145,220840,pop,2015,0
59,0.611,0.936,-3.697,0.11,0.0309,0.0,0.12,0.697,144.901,201427,pop,2008,0
41,0.31,0.832,-3.574,0.0373,0.197,0.0,0.104,0.233,74.824,232500,pop,2018,0
39,0.491,0.673,-10.568,0.0287,0.186,0.0,0.369,0.681,88.139,167045,pop,2019,0
29,0.235,0.481,-8.212,0.0583,0.0299,1.44e-05,0.0539,0.0949,74.995,250748,pop,2014,0
83,0.842,0.801,-4.167,0.228,0.157,4.82e-06,0.0642,0.617,95.881,212500,pop,2018,0
40,0.674,0.82,-7.002,0.062,0.000765,0.0102,0.126,0.221,140.059,350093,pop,2011,0
39,0.791,0.554,-9.998,0.0399,0.322,1.5e-05,0.0784,0.649,113.98,198947,pop,2019,0
75,0.701,0.458,-7.749,0.0836,0.00407,0.000151,0.045,0.482,102.967,204727,pop,2018,0
5,0.67,0.89,-3.785,0.0576,0.122,0.0,0.333,0.568,124.967,206440,pop,2019,0
13,0.719,0.822,-6.71,0.0556,0.0974,0.0,0.13,0.631,126.023,241800,pop,2001,0
90,0.459,0.575,-4.858,0.0573,0.604,0.0,0.0885,0.183,111.881,215107,pop,2019,0
27,0.643,0.718,-4.956,0.0595,0.0602,0.0,0.0723,0.524,100.152,223863,pop,2017,0
32,0.535,0.866,-6.434,0.0556,0.0156,0.835,0.115,0.0359,120.016,236000,pop,2019,0
29,0.549,0.847,-4.966,0.0483,0.0587,0.0,0.102,0.149,124.01,292587,pop,2019,0
71,0.615,0.911,-3.584,0.0278,0.0686,0.00188,0.0908,0.685,108.0,205400,pop,2012,0
52,0.758,0.765,-9.741,0.0831,0.545,0.887,0.0941,0.433,135.003,202681,pop,2019,0
3,0.454,0.229,-12.592,0.0297,0.167,0.102,0.202,0.134,73.552,290707,pop,1995,0
39,0.399,0.762,-5.953,0.124,0.0345,7.41e-05,0.146,0.403,177.774,203000,pop,2019,0
8,0.757,0.565,-5.895,0.0324,0.174,0.0,0.105,0.682,119.959,180402,pop,2016,0
27,0.743,0.782,-4.072,0.194,0.17,0.0,0.032,0.605,99.869,142895,pop,2019,0
74,0.57,0.672,-5.89,0.0723,0.177,0.0,0.0768,0.448,120.019,208222,pop,2020,0
65,0.652,0.812,-3.797,0.0409,0.00125,3.01e-05,0.667,0.72,126.023,230733,pop,2010,0
61,0.659,0.712,-5.61,0.0782,0.0729,3.04e-05,0.367,0.202,101.034,215786,pop,2018,0
55,0.74,0.546,-5.674,0.0498,0.0159,8.41e-05,0.209,0.375,130.028,217679,pop,2015,0
64,0.631,0.466,-7.916,0.0463,0.482,0.0,0.213,0.321,135.817,181291,pop,2019,0
0,0.308,0.937,-2.903,0.0593,0.00265,0.153,0.114,0.379,172.043,217027,pop,2020,0
30,0.784,0.603,-14.893,0.0522,0.352,0.438,0.0666,0.245,120.577,289173,pop,1982,0
76,0.727,0.583,-7.385,0.0718,0.065,0.0,0.106,0.629,147.983,171840,pop,2019,0
75,0.652,0.897,-4.481,0.036,0.293,0.0,0.0722,0.475,114.033,193377,pop,2018,0
42,0.431,0.458,-11.147,0.0481,0.284,0.479,0.107,0.132,180.013,294093,pop,2009,0
76,0.813,0.761,-5.687,0.085,0.0529,0.0119,0.337,0.29,124.957,173067,pop,2018,0
70,0.425,0.587,-5.453,0.0278,0.0565,5.16e-06,0.298,0.194,144.642,226680,pop,2002,0
61,0.835,0.505,-5.834,0.168,0.286,0.00219,0.198,0.665,118.021,178983,pop,2019,0
21,0.578,0.776,-2.698,0.0409,0.363,0.00119,0.175,0.608,129.03,190698,pop,2018,0
69,0.595,0.687,-6.536,0.0486,0.216,0.0,0.107,0.508,94.73,234623,pop,2019,0
0,0.777,0.703,-6.92,0.0569,0.0112,0.743,0.0765,0.975,123.006,406575,pop,2012,0
55,0.756,0.469,-8.491,0.469,0.625,0.0,0.129,0.623,139.85,236491,pop,2018,0
1,0.693,0.421,-7.735,0.0386,0.59,0.0217,0.0838,0.259,124.062,168387,pop,2017,0
44,0.808,0.342,-11.743,0.0368,0.111,1.02e-06,0.0847,0.486,91.987,156522,pop,2019,0
68,0.69,0.845,-4.676,0.0339,0.0193,0.0,0.101,0.638,114.948,224293,pop,2014,0
80,0.738,0.717,-5.121,0.0573,0.062,0.0,0.205,0.5,98.047,139813,pop,2019,0
67,0.799,0.794,-5.834,0.0628,0.13,8.23e-05,0.221,0.524,106.031,227813,pop,2017,0
0,0.74,0.829,-4.467,0.0493,0.0597,0.0,0.0738,0.363,122.988,246254,pop,2015,0
42,0.655,0.993,-2.026,0.0862,0.507,0.0,0.392,0.62,93.021,208376,pop,2020,0
77,0.589,0.651,-5.097,0.0306,0.0291,3.2e-06,0.111,0.166,90.011,212627,pop,2015,0
38,0.605,0.733,-7.709,0.0339,0.00749,0.587,0.209,0.225,123.945,367573,pop,2020,0
53,0.684,0.823,-4.881,0.0296,0.00576,7.42e-06,0.201,0.384,117.993,216000,pop,2018,0
73,0.78,0.261,-9.626,0.0488,0.332,0.0,0.238,0.639,92.107,148987,pop,2019,0
65,0.552,0.831,-5.217,0.0298,0.0391,2.93e-06,0.0632,0.144,129.889,204360,pop,2013,0
56,0.761,0.718,-10.279,0.0366,0.00459,5.95e-06,0.0333,0.876,120.12,249067,pop,2007,0
48,0.4,0.726,-7.232,0.0311,0.0447,0.838,0.549,0.806,92.299,152040,pop,2013,0
47,0.763,0.327,-7.563,0.031,0.364,0.866,0.124,0.556,114.014,268438,pop,2015,0
88,0.732,0.644,-4.124,0.132,0.0934,4.54e-06,0.143,0.554,174.1,204907,pop,2019,0
47,0.44,0.787,-5.451,0.213,0.047,3.12e-05,0.111,0.33,97.391,207500,pop,2020,0
79,0.378,0.388,-9.017,0.036,0.472,0.0,0.157,0.188,72.293,248987,pop,2020,0
30,0.632,0.926,-4.229,0.0593,0.0809,0.0,0.0854,0.439,134.033,236453,pop,2014,0
77,0.865,0.521,-6.932,0.0371,0.548,0.000115,0.0989,0.748,129.059,244885,pop,2011,0
70,0.732,0.85,-5.999,0.0444,0.114,2.02e-06,0.0388,0.372,124.024,193548,pop,2019,0
33,0.656,0.773,-8.339,0.0866,0.528,0.065,0.0856,0.106,132.039,218182,pop,2019,0
67,0.493,0.154,-9.996,0.0367,0.729,0.0,0.0747,0.115,98.38,206094,pop,2019,0
38,0.712,0.677,-5.911,0.0274,0.252,0.0,0.185,0.514,110.001,224482,pop,2019,0
0,0.704,0.482,-10.661,0.0475,0.0302,9.13e-05,0.173,0.284,109.988,169796,pop,2019,0
0,0.642,0.887,-4.985,0.0418,0.000404,0.00153,0.111,0.536,120.023,224440,pop,2018,0
65,0.424,0.921,-3.174,0.0427,0.00118,0.00817,0.328,0.0973,174.986,197486,pop,2015,0
49,0.681,0.484,-9.978,0.0563,0.641,0.00631,0.115,0.646,143.044,210756,pop,2015,0
84,0.732,0.75,-6.366,0.231,0.00264,0.0,0.109,0.401,155.096,182707,pop,2017,0
63,0.577,0.827,-7.54,0.0365,0.00338,0.000647,0.26,0.179,101.031,215520,pop,2013,0
34,0.737,0.369,-6.888,0.112,0.494,1.18e-06,0.244,0.494,129.988,246741,pop,2019,0
0,0.617,0.762,-6.756,0.0763,0.00277,0.0,0.434,0.334,122.914,218747,pop,2016,0
68,0.747,0.877,-3.782,0.0664,0.0375,0.000833,0.233,0.752,107.991,166138,pop,2015,0
27,0.834,0.823,-4.603,0.0716,0.09,0.000101,0.0561,0.872,128.006,166523,pop,2019,0
78,0.52,0.798,-5.498,0.0391,0.101,0.0,0.0932,0.168,101.944,167977,pop,2019,0
34,0.599,0.636,-5.944,0.0584,0.0762,0.0,0.295,0.531,164.078,181859,pop,2019,0
64,0.76,0.579,-5.079,0.0388,0.00715,0.000679,0.0304,0.975,99.979,223187,pop,2020,0
73,0.713,0.802,-7.055,0.0561,0.0435,0.00377,0.309,0.343,100.001,226739,pop,2015,0
35,0.431,0.597,-12.934,0.194,0.353,0.42,0.153,0.617,136.241,325733,pop,2020,0
19,0.768,0.567,-7.046,0.0312,0.66,0.000277,0.07,0.471,117.974,186147,pop,2015,0
64,0.704,0.719,-4.05,0.0343,0.42,0.0,0.18,0.33,103.018,171344,pop,2019,0
63,0.757,0.884,-5.488,0.0404,0.00795,5.87e-05,0.0973,0.398,120.012,217907,pop,2015,0
45,0.728,0.388,-11.788,0.0347,0.0221,0.884,0.0932,0.57,94.999,368347,pop,2018,0
51,0.439,0.819,-4.253,0.0751,0.0134,0.0,0.2,0.567,179.885,205977,pop,2018,0
54,0.573,0.639,-7.143,0.0247,0.784,0.633,0.0923,0.24,89.575,248707,pop,2011,0
63,0.678,0.787,-4.741,0.0452,0.147,0.0,0.0799,0.471,158.014,206578,pop,2019,0
75,0.268,0.742,-4.939,0.0355,0.0518,0.0,0.626,0.416,159.779,321093,pop,2009,0
51,0.605,0.854,-4.128,0.0488,0.0673,0.0,0.54,0.165,124.024,214641,pop,2019,0
39,0.545,0.626,-7.792,0.0377,0.235,0.000504,0.0974,0.571,92.021,165921,pop,2019,0
13,0.765,0.327,-8.029,0.277,0.571,0.0479,0.0787,0.292,74.931,129600,pop,2016,0
66,0.509,0.79,-3.782,0.0374,0.332,6.67e-05,0.316,0.638,127.946,208316,pop,2012,0
3,0.496,0.79,-5.162,0.0412,0.000448,1.01e-05,0.316,0.58,152.102,202581,pop,2017,0
48,0.631,0.6,-7.912,0.0589,0.167,6.3e-05,0.101,0.525,76.015,197814,pop,2019,0
59,0.763,0.713,-8.9,0.0311,0.128,0.000623,0.145,0.668,132.993,260973,pop,1994,0
71,0.752,0.698,-6.53,0.306,0.52,0.0,0.211,0.347,132.058,159453,pop,2018,0
77,0.729,0.615,-4.238,0.0647,0.378,0.0,0.105,0.508,99.989,181880,pop,2016,0
65,0.572,0.778,-5.208,0.233,0.00638,0.0,0.0563,0.54,168.073,225520,pop,2017,0
26,0.65,0.812,-4.355,0.0296,0.404,0.0006,0.424,0.521,113.999,227600,pop,2018,0
60,0.465,0.522,-9.953,0.0636,0.599,1.46e-05,0.0756,0.0907,139.967,274429,pop,2019,0
57,0.769,0.554,-6.789,0.0483,0.526,0.00309,0.105,0.764,104.058,150000,pop,2019,0
84,0.781,0.768,-5.991,0.0394,0.0119,4.91e-06,0.325,0.486,123.07,213309,pop,2018,0
80,0.778,0.547,-7.273,0.0489,0.346,0.000302,0.132,0.441,95.002,242733,pop,2012,0
66,0.504,0.821,-3.356,0.0598,0.275,0.0,0.0418,0.458,155.131,201799,pop,2018,0
91,0.754,0.646,-5.795,0.317,0.152,1.85e-05,0.108,0.429,176.089,242573,pop,2019,0
85,0.645,0.862,-4.757,0.0965,0.0923,0.0,0.192,0.798,119.991,229773,pop,2019,0
62,0.656,0.956,-5.647,0.0536,0.0784,0.0247,0.0923,0.831,133.713,204587,pop,2020,0
74,0.665,0.799,-2.868,0.0617,0.18,0.0,0.125,0.5,101.976,228112,pop,2019,0
29,0.586,0.814,-6.244,0.114,0.178,2.7e-05,0.133,0.646,104.925,228571,pop,2015,0
23,0.774,0.626,-4.432,0.0432,0.0969,3.12e-05,0.0848,0.777,100.041,211475,pop,2017,0
29,0.697,0.687,-5.455,0.0402,0.265,0.0,0.103,0.364,103.962,193341,pop,2019,0
0,0.6,0.788,-7.291,0.0505,0.00125,0.0308,0.082,0.412,110.004,282347,pop,2009,0
0,0.723,0.914,-5.13,0.0409,0.0862,0.723,0.231,0.893,135.547,220027,pop,2013,0
53,0.892,0.685,-4.906,0.072,0.301,0.000744,0.0775,0.61,95.958,263090,pop,2018,0
38,0.633,0.212,-12.092,0.0327,0.825,0.0264,0.106,0.0454,110.066,277091,pop,2019,0
65,0.697,0.775,-6.664,0.0829,0.0318,0.0,0.232,0.827,113.886,193792,pop,2017,0
74,0.666,0.728,-5.808,0.0419,0.00175,4.26e-06,0.0429,0.51,122.996,204878,pop,2018,0
59,0.657,0.552,-11.77,0.0255,0.0424,0.039,0.106,0.759,128.494,272857,pop,2004,0
66,0.76,0.842,-5.558,0.131,0.0677,0.000123,0.313,0.882,102.987,163509,pop,2019,0
43,0.422,0.644,-7.222,0.0354,0.253,0.00243,0.0823,0.145,92.973,226813,pop,2016,0
42,0.795,0.83,-5.491,0.0343,0.13,5.34e-05,0.0806,0.824,119.98,172293,pop,2020,0
50,0.761,0.964,-2.784,0.069,0.243,0.0,0.221,0.807,103.032,255387,pop,2013,0
43,0.636,0.839,-4.384,0.096,0.0847,0.0,0.1,0.658,120.031,199907,pop,2010,0
17,0.551,0.676,-8.075,0.0266,0.0206,0.596,0.0667,0.336,120.035,277803,pop,2020,0
0,0.492,0.983,-5.129,0.0721,0.000117,0.794,0.348,0.457,142.041,334480,pop,2009,0
76,0.413,0.521,-4.469,0.0466,0.162,0.0,0.323,0.532,103.391,218808,pop,2016,0
58,0.348,0.263,-8.531,0.0516,0.835,0.654,0.129,0.12,74.517,236000,pop,2020,0
46,0.683,0.795,-4.761,0.216,0.0431,0.0,0.33,0.744,89.509,201133,pop,2013,0
71,0.695,0.672,-6.109,0.0345,0.014,8.44e-05,0.0756,0.245,104.988,235827,pop,2016,0
44,0.638,0.735,-4.635,0.0873,0.0269,0.0,0.0603,0.628,99.964,221387,pop,2019,0
71,0.688,0.477,-6.681,0.036,0.594,0.0,0.115,0.257,127.866,196227,pop,2007,0
69,0.683,0.785,-4.879,0.037,0.0643,1.34e-05,0.177,0.581,122.997,184564,pop,2019,0
70,0.742,0.546,-7.694,0.0315,0.172,0.38,0.115,0.868,104.996,260520,pop,2019,0
0,0.294,0.929,-3.712,0.0425,0.0001,0.0,0.0773,0.26,165.239,260787,pop,2014,0
52,0.659,0.866,-5.117,0.0545,0.018,0.0,0.13,0.705,114.862,186187,pop,2018,0
28,0.545,0.359,-11.6,0.0297,0.692,3.47e-06,0.114,0.32,134.87,326667,pop,2020,0
0,0.59,0.942,-3.595,0.0539,0.00227,0.215,0.279,0.834,139.991,224347,pop,2014,0
80,0.503,0.741,-5.128,0.047,0.579,1.49e-06,0.0712,0.458,88.335,207030,pop,2018,0
42,0.599,0.533,-14.032,0.0472,0.475,0.00153,0.235,0.607,122.262,228467,pop,2020,0
1,0.552,0.279,-8.254,0.0417,0.697,0.000515,0.0985,0.19,91.892,239795,pop,2015,0
54,0.609,0.523,-12.649,0.0796,0.00959,0.000155,0.15,0.342,127.977,181875,pop,2019,0
76,0.712,0.862,-4.612,0.0378,0.0525,0.0,0.093,0.809,95.051,206200,pop,2020,0
55,0.447,0.546,-5.26,0.0262,0.168,0.0,0.117,0.368,172.32,206173,pop,2010,0
75,0.717,0.716,-5.485,0.0432,0.0421,0.000467,0.0699,0.206,125.064,161280,pop,2019,0
14,0.605,0.333,-12.627,0.0304,0.404,0.939,0.145,0.0961,119.973,331467,pop,2018,0
1,0.871,0.595,-7.618,0.0552,0.0929,0.00422,0.107,0.623,120.011,206099,pop,2016,0
60,0.746,0.805,-4.499,0.0683,0.074,0.0,0.0548,0.843,144.983,222932,pop,2019,0
67,0.545,0.968,-3.553,0.0853,0.0387,0.00325,0.331,0.527,169.965,209386,pop,2013,0
70,0.824,0.714,-2.788,0.051,0.432,0.0,0.442,0.77,97.035,174433,pop,2019,0
40,0.638,0.793,-6.676,0.0393,0.0109,0.0253,0.161,0.523,113.944,195973,pop,2016,0
49,0.73,0.501,-8.001,0.497,0.286,0.0,0.486,0.429,93.82,192766,pop,2018,0
78,0.667,0.83,-5.715,0.0749,0.0123,0.0,0.191,0.701,113.03,236002,pop,2016,0
55,0.649,0.792,-3.505,0.043,0.00364,2.87e-05,0.104,0.235,128.032,352969,pop,2014,0
21,0.66,0.857,-5.219,0.321,0.167,1.36e-05,0.119,0.233,130.069,225160,pop,2019,0
55,0.367,0.635,-4.842,0.119,0.134,0.0,0.322,0.451,180.117,267153,pop,2019,0
51,0.842,0.679,-5.876,0.0853,0.776,0.0,0.0891,0.918,137.196,197347,pop,2008,0
65,0.728,0.848,-6.248,0.185,0.0427,4.49e-06,0.118,0.612,124.993,193137,pop,2019,0
77,0.529,0.496,-6.668,0.151,0.214,0.0,0.212,0.588,74.619,178747,pop,2019,0
3,0.751,0.829,-4.906,0.0832,0.164,7.71e-05,0.341,0.672,125.958,211278,pop,2016,0
24,0.464,0.586,-8.453,0.0291,0.178,0.00785,0.14,0.237,89.875,358720,pop,2019,0
59,0.716,0.533,-5.439,0.0283,0.147,0.0,0.0913,0.502,91.995,179747,pop,2019,0
40,0.726,0.437,-7.608,0.0419,0.349,0.00215,0.135,0.223,114.013,187368,pop,2019,0
46,0.686,0.629,-6.485,0.0423,0.209,0.0,0.121,0.484,119.952,237400,pop,2019,0
76,0.854,0.463,-6.159,0.137,0.117,0.0,0.354,0.549,120.024,225773,pop,2018,0
66,0.478,0.796,-5.225,0.126,0.0749,0.0105,0.0633,0.204,139.941,189973,pop,2015,0
74,0.668,0.725,-6.127,0.266,0.0102,0.000479,0.0561,0.729,191.944,210227,pop,2016,0
62,0.577,0.43,-9.764,0.0714,0.224,2.53e-05,0.135,0.346,99.982,207333,pop,2019,0
39,0.669,0.719,-7.227,0.0298,0.0237,0.0138,0.102,0.326,118.006,228160,pop,2017,0
16,0.661,0.547,-11.958,0.0287,0.7,0.00114,0.363,0.757,122.914,230240,pop,2020,0
36,0.629,0.776,-6.555,0.0939,0.00157,0.111,0.152,0.485,119.98,210000,pop,2017,0
44,0.421,0.157,-10.413,0.0362,0.448,0.0,0.149,0.217,92.153,156957,pop,2019,0
70,0.697,0.506,-4.863,0.0325,0.0792,0.0,0.0893,0.516,100.002,211364,pop,2017,0
74,0.712,0.564,-6.527,0.047,0.0266,0.0,0.0874,0.411,95.95,207747,pop,2015,0
16,0.671,0.763,-5.877,0.305,0.607,2.16e-05,0.495,0.469,149.87,203113,pop,2019,0
77,0.703,0.868,-4.661,0.0291,0.15,0.132,0.104,0.733,121.03,193613,pop,2017,0
30,0.571,0.778,-3.721,0.124,0.37,9.81e-06,0.143,0.443,119.972,239000,pop,2016,0
30,0.679,0.909,-2.929,0.105,0.0334,0.0,0.269,0.819,119.885,155080,pop,2019,0
66,0.794,0.493,-7.257,0.0563,0.212,0.0133,0.13,0.626,92.026,201434,pop,2013,0
13,0.529,0.854,-5.29,0.0436,0.0178,0.0,0.242,0.654,125.984,176658,pop,2014,0
47,0.645,0.891,-2.505,0.0387,0.0932,3.88e-06,0.379,0.568,124.915,203520,pop,2014,0
81,0.693,0.575,-6.998,0.0801,0.374,0.0,0.252,0.492,117.999,211362,pop,2018,0
39,0.544,0.674,-4.963,0.029,0.0763,0.0,0.148,0.469,128.014,214867,pop,2018,0
65,0.602,0.894,-3.975,0.032,0.00154,0.0,0.433,0.643,125.988,180800,pop,2009,0
51,0.918,0.918,-2.218,0.0954,0.344,5.35e-06,0.0243,0.882,110.024,199907,pop,2004,0
0,0.631,0.772,-5.36,0.0649,0.131,0.0,0.126,0.439,89.996,204133,pop,2018,0
82,0.866,0.813,-4.063,0.0554,0.38,0.0,0.0779,0.969,121.998,199440,pop,2017,0
41,0.778,0.442,-13.244,0.118,0.445,0.819,0.243,0.934,155.649,144000,pop,2018,0
35,0.683,0.813,-4.729,0.0357,0.0427,7.12e-06,0.0945,0.723,109.997,160987,pop,2014,0
0,0.716,0.674,-9.588,0.107,0.292,0.0566,0.116,0.529,118.044,243163,pop,2010,0
40,0.54,0.673,-7.494,0.0286,0.0912,0.024,0.131,0.181,129.036,336413,pop,2018,0
17,0.673,0.79,-4.663,0.0893,0.037,9.95e-06,0.0875,0.705,102.013,199227,pop,2015,0
58,0.577,0.854,-3.754,0.0473,0.0596,2.69e-05,0.205,0.336,94.999,227631,pop,2017,0
0,0.323,0.382,-9.649,0.0342,0.264,0.000418,0.103,0.268,85.306,231692,pop,2014,0
5,0.65,0.951,-5.465,0.0729,0.232,0.0,0.979,0.727,96.032,170449,pop,2011,0
1,0.7,0.873,-2.901,0.0869,0.0148,0.0,0.343,0.612,99.972,193579,pop,2016,0
42,0.531,0.907,-2.977,0.0478,0.0128,0.0,0.355,0.316,154.861,237575,pop,2016,0
2,0.612,0.974,-3.527,0.0407,0.0133,0.0107,0.618,0.817,139.934,222747,pop,2009,0
63,0.485,0.928,-3.451,0.445,0.134,2.92e-05,0.217,0.348,160.165,237000,pop,2015,0
36,0.797,0.543,-5.744,0.0439,0.0202,0.0,0.0726,0.164,115.036,222621,pop,2019,0
60,0.655,0.856,-4.615,0.0315,0.148,3.67e-06,0.126,0.941,126.984,177147,pop,2018,0
56,0.467,0.453,-9.703,0.0469,0.402,1.28e-05,0.213,0.252,199.79,216000,pop,2017,0
80,0.527,0.835,-5.298,0.0433,0.0166,0.0,0.249,0.654,125.983,176658,pop,2014,0
7,0.702,0.913,-2.977,0.0374,0.0514,3.71e-06,0.166,0.735,137.982,237685,pop,2018,0
9,0.63,0.656,-7.963,0.044,0.109,0.000123,0.258,0.61,80.004,239500,pop,2019,0
66,0.717,0.752,-6.933,0.065,0.251,0.000468,0.0802,0.14,123.97,281267,pop,2018,0
53,0.746,0.809,-6.429,0.0329,0.236,2.59e-05,0.235,0.493,104.989,299440,pop,2015,0
46,0.684,0.58,-9.947,0.148,0.000479,0.000216,0.113,0.212,123.954,194093,pop,2020,0
67,0.508,0.729,-5.712,0.0443,0.0681,0.0,0.1,0.412,91.906,236880,pop,2019,0
68,0.74,0.727,-6.253,0.278,0.186,0.0,0.627,0.792,101.408,186543,pop,2015,0
27,0.645,0.716,-6.659,0.0586,0.0753,0.0,0.254,0.374,94.993,253263,pop,2018,0
69,0.839,0.804,-2.513,0.0329,0.0192,0.0,0.331,0.888,122.973,239987,pop,2009,0
10,0.614,0.799,-6.95,0.382,0.0971,0.0,0.313,0.9,174.114,219333,pop,2008,0
60,0.688,0.738,-4.831,0.0404,0.0085,3.54e-05,0.258,0.251,111.013,255397,pop,2019,0
61,0.743,0.733,-5.576,0.0352,0.00705,0.00753,0.0565,0.726,122.975,231897,pop,2017,0
64,0.618,0.657,-5.176,0.0594,0.00378,0.0179,0.223,0.457,179.913,204711,pop,2019,0
30,0.718,0.798,-6.109,0.0741,0.00385,0.002,0.0787,0.424,110.002,225273,pop,2018,0
62,0.691,0.924,-3.839,0.0577,0.00828,3.8e-06,0.402,0.34,125.983,158095,pop,2018,0
11,0.776,0.759,-5.956,0.0458,0.008,0.00234,0.0853,0.52,122.003,264011,pop,2015,0
27,0.771,0.726,-5.942,0.129,0.067,0.0,0.39,0.627,110.981,156682,pop,2019,0
66,0.778,0.738,-2.164,0.218,0.0103,0.0,0.55,0.626,162.132,201102,pop,2019,0
84,0.806,0.558,-6.46,0.0683,0.482,0.0,0.0618,0.678,95.016,198973,pop,2019,0
84,0.694,0.77,-5.335,0.149,0.176,1.1e-05,0.118,0.163,125.905,184560,pop,2018,0
60,0.775,0.867,-7.388,0.204,0.0158,0.0117,0.0355,0.565,128.956,273229,pop,2019,0
55,0.39,0.255,-9.676,0.0299,0.806,1.14e-06,0.0887,0.179,122.056,281947,pop,2012,0
57,0.703,0.879,-4.514,0.177,0.0693,0.0,0.315,0.542,124.972,183360,pop,2019,0
61,0.686,0.373,-16.007,0.118,0.532,0.926,0.075,0.203,83.203,156000,pop,2019,0
80,0.657,0.291,-10.572,0.0293,0.872,0.0,0.114,0.298,103.973,232533,pop,2005,0
40,0.543,0.78,-5.726,0.102,0.0124,5.12e-06,0.171,0.67,84.012,213500,pop,2016,0
69,0.557,0.801,-3.602,0.218,0.0125,1.66e-06,0.737,0.654,92.135,213507,pop,2017,0
72,0.47,0.623,-5.655,0.0302,0.392,0.000453,0.0992,0.298,77.861,225973,pop,2015,0
0,0.264,0.205,-10.527,0.031,0.922,6.89e-05,0.0851,0.105,84.24,225505,pop,2016,0
33,0.605,0.789,-7.035,0.0338,0.00219,0.0178,0.127,0.434,136.041,243800,pop,2018,0
0,0.715,0.8,-3.7,0.243,0.152,0.0,0.127,0.397,84.973,200699,pop,2018,0
56,0.66,0.797,-6.096,0.0262,0.00646,0.000108,0.187,0.674,110.955,197440,pop,2011,0
53,0.773,0.811,-7.373,0.233,0.522,0.105,0.135,0.609,91.777,213531,pop,2019,0
71,0.565,0.849,-3.516,0.0517,0.00868,4.68e-06,0.12,0.427,102.034,212647,pop,2016,0
50,0.558,0.647,-5.851,0.0638,0.603,0.0,0.0739,0.266,124.01,281866,pop,2016,0
71,0.627,0.8,-6.945,0.162,0.21,0.000123,0.137,0.912,175.815,217573,pop,2020,0
44,0.629,0.784,-5.796,0.0839,0.0255,0.0,0.172,0.778,103.017,164613,pop,2019,0
54,0.741,0.838,-7.622,0.0637,0.407,0.0,0.138,0.586,115.689,257600,pop,1998,0
0,0.854,0.832,-3.836,0.247,0.146,0.0,0.0513,0.643,116.957,301721,pop,2013,0
29,0.618,0.756,-6.742,0.0486,0.218,2.88e-05,0.0901,0.487,103.066,209166,pop,2017,0
58,0.691,0.821,-4.527,0.0401,0.136,0.000115,0.092,0.759,104.961,222000,pop,2016,0
37,0.647,0.325,-13.512,0.0278,0.409,0.000498,0.126,0.0961,138.007,241853,pop,2019,0
43,0.781,0.456,-10.837,0.0431,0.82,0.786,0.0784,0.229,119.988,133267,pop,2009,0
41,0.744,0.957,-4.8,0.0519,0.00152,0.884,0.352,0.529,127.991,287184,pop,2020,0
61,0.596,0.738,-3.109,0.0411,0.109,0.0,0.0947,0.461,127.961,217347,pop,2020,0
63,0.518,0.126,-12.102,0.0431,0.942,0.0,0.105,0.166,75.991,143707,pop,2016,0
19,0.517,0.736,-4.558,0.0423,0.000319,3.81e-05,0.27,0.5,139.894,197467,pop,2011,0
67,0.507,0.665,-7.598,0.0474,0.0144,0.0,0.0759,0.4,126.879,213338,pop,2011,0
76,0.652,0.917,-6.72,0.0548,0.0082,0.0,0.0509,0.459,132.975,239027,pop,2020,0
69,0.747,0.716,-2.457,0.075,0.135,0.0,0.251,0.751,125.008,210627,pop,2011,0
54,0.568,0.846,-5.227,0.068,0.466,0.000406,0.0901,0.398,80.019,203631,pop,2014,0
0,0.595,0.911,-2.992,0.0505,0.00617,0.0,0.265,0.856,126.0,187027,pop,2009,0
66,0.802,0.904,-3.267,0.0459,0.00108,0.0,0.173,0.961,128.931,192533,pop,2020,0
78,0.706,0.786,-3.417,0.0909,0.26,0.0,0.38,0.749,150.035,199387,pop,2014,0
88,0.464,0.473,-10.086,0.129,0.866,0.0,0.109,0.604,75.801,208687,pop,2019,0
40,0.701,0.713,-5.507,0.0547,0.04,3.14e-06,0.267,0.361,121.934,205920,pop,2018,0
58,0.863,0.588,-7.141,0.0847,0.142,3.42e-05,0.457,0.751,117.911,190174,pop,2018,0
47,0.55,0.182,-12.543,0.0306,0.72,0.0,0.165,0.369,94.806,164153,pop,2020,0
81,0.833,0.434,-8.795,0.431,0.0102,0.0219,0.165,0.281,150.062,204600,pop,2017,0
69,0.582,0.826,-4.599,0.0612,0.0614,2.7e-06,0.108,0.201,117.948,209933,pop,2019,0
53,0.743,0.564,-8.761,0.045,0.299,0.000693,0.109,0.505,120.012,198000,pop,2015,0
8,0.618,0.837,-5.338,0.0304,0.000254,0.000378,0.0618,0.526,121.227,248336,pop,2018,0
55,0.697,0.916,-4.512,0.0592,0.0727,0.000333,0.615,0.767,128.002,252072,pop,2020,0
57,0.72,0.817,-4.344,0.109,0.263,0.0,0.103,0.703,100.02,184500,pop,2019,0
38,0.731,0.727,-5.608,0.0356,0.0295,4.56e-06,0.171,0.601,120.968,160009,pop,2016,0
34,0.392,0.891,-2.746,0.059,0.0236,0.0,0.281,0.45,89.952,214627,pop,2019,0
87,0.68,0.578,-5.804,0.04,0.331,0.0,0.135,0.341,145.038,231267,pop,2018,0
32,0.869,0.706,-6.795,0.0903,0.135,2.12e-05,0.0534,0.564,116.032,182825,pop,2019,0
44,0.426,0.476,-6.64,0.0741,0.185,0.0,0.327,0.169,179.793,232759,pop,2017,0
55,0.79,0.675,-6.952,0.319,0.166,1.36e-05,0.103,0.363,90.961,256198,pop,2019,0
44,0.228,0.753,-4.132,0.037,0.00149,0.0,0.108,0.291,170.878,214573,pop,2011,0
88,0.708,0.186,-8.953,0.0422,0.868,0.0,0.0779,0.321,72.541,156107,pop,2019,0
27,0.77,0.621,-9.559,0.0495,0.618,4.77e-06,0.0952,0.899,95.051,163973,pop,2017,0
63,0.646,0.938,-4.735,0.0754,0.0875,6.52e-06,0.447,0.545,120.708,248880,pop,2016,0
0,0.525,0.916,-6.462,0.0437,0.0642,0.00222,0.124,0.33,93.975,183763,pop,2003,0
75,0.524,0.397,-11.936,0.405,0.745,0.0,0.521,0.552,80.744,221093,pop,2016,0
57,0.898,0.813,-5.725,0.306,0.113,0.0,0.0854,0.771,126.986,215978,pop,2017,0
27,0.596,0.681,-7.321,0.0597,0.0978,0.000236,0.103,0.393,99.961,195683,pop,2019,0
47,0.312,0.789,-6.29,0.0615,0.0251,1.05e-05,0.186,0.82,176.745,202200,pop,2020,0
53,0.685,0.712,-4.302,0.0894,0.334,1.1e-06,0.047,0.483,114.989,196493,pop,2018,0
63,0.466,0.852,-4.487,0.0585,0.00774,2.6e-06,0.0989,0.428,164.032,217613,pop,2014,0
82,0.454,0.91,-7.766,0.0446,0.0852,0.0988,0.116,0.63,125.116,354520,pop,1987,0
28,0.643,0.874,-4.903,0.0403,0.236,1.35e-05,0.114,0.789,142.017,244158,pop,2018,0
45,0.613,0.275,-16.162,0.0321,0.982,0.104,0.097,0.201,134.958,236602,pop,2016,0
66,0.679,0.866,-3.754,0.0566,0.0337,0.0,0.0688,0.441,121.927,183934,pop,2019,0
60,0.425,0.936,-5.52,0.0829,2.1e-05,0.0,0.926,0.417,158.046,219107,pop,2010,0
52,0.809,0.424,-8.898,0.262,0.0583,0.0,0.109,0.199,137.991,209955,pop,2019,0
76,0.583,0.732,-5.728,0.0457,0.00312,9.86e-06,0.269,0.276,145.992,213428,pop,2017,0
75,0.324,0.416,-8.92,0.0368,0.262,3.69e-05,0.11,0.151,113.986,236053,pop,2013,0
53,0.811,0.406,-9.418,0.0458,0.629,0.845,0.107,0.367,92.097,141187,pop,2018,0
17,0.713,0.771,-8.415,0.167,0.187,3.08e-05,0.0876,0.447,120.044,324569,pop,2018,0
47,0.576,0.75,-6.948,0.0275,0.00665,0.000441,0.0661,0.659,95.018,237474,pop,2017,0
80,0.756,0.609,-7.927,0.0544,0.217,0.00474,0.096,0.537,117.023,155720,pop,2017,0
64,0.55,0.689,-7.76,0.094,0.0498,0.0,0.207,0.408,99.904,224487,pop,2016,0
68,0.367,0.915,-3.456,0.0488,0.0022,5.81e-05,0.0905,0.365,110.169,207273,pop,2016,0
30,0.732,0.52,-6.684,0.0376,0.127,0.0347,0.139,0.339,119.979,161464,pop,2016,0
39,0.734,0.551,-7.392,0.032,0.571,1.11e-05,0.123,0.505,99.984,237534,pop,2019,0
68,0.81,0.305,-6.165,0.0902,0.28,0.000116,0.203,0.732,120.013,171908,pop,2019,0
60,0.727,0.69,-4.559,0.0345,0.202,3.27e-06,0.414,0.699,100.002,170562,pop,2017,0
67,0.6,0.754,-4.204,0.0488,0.0688,0.0,0.151,0.641,128.044,180820,pop,2018,0
75,0.547,0.82,-6.728,0.0805,0.261,0.0,0.3,0.933,118.208,172867,pop,2020,0
38,0.455,0.51,-10.02,0.0488,0.523,0.0761,0.0826,0.0368,100.145,254257,pop,2019,0
33,0.71,0.743,-4.472,0.0402,0.00943,0.0,0.164,0.479,131.084,194198,pop,2018,0
27,0.496,0.812,-3.471,0.0337,0.0376,0.0,0.153,0.222,140.012,226308,pop,2015,0
66,0.584,0.643,-6.415,0.0395,0.288,0.0,0.186,0.53,90.036,181844,pop,2019,0
44,0.589,0.72,-6.706,0.0273,0.161,0.00013,0.0995,0.353,128.014,187915,pop,2016,0
44,0.645,0.86,-5.694,0.055,0.0252,0.0,0.246,0.584,147.06,159039,pop,2019,0
60,0.686,0.817,-6.035,0.046,0.265,0.000186,0.415,0.474,121.996,182521,pop,2017,0
51,0.763,0.533,-7.148,0.0598,0.142,0.0,0.112,0.591,138.033,195112,pop,2019,0
23,0.492,0.954,-2.904,0.0662,0.000744,8.69e-05,0.127,0.549,87.984,236720,pop,2011,0
71,0.736,0.555,-4.689,0.0757,0.0345,0.000157,0.0798,0.323,91.997,222320,pop,2018,0
68,0.642,0.873,-5.821,0.0551,0.00394,0.0,0.175,0.662,82.002,192053,pop,2013,0
8,0.556,0.535,-4.789,0.0372,0.467,0.0,0.332,0.687,144.635,160400,pop,2002,0
69,0.695,0.869,-5.066,0.0483,0.41,0.0,0.237,0.58,124.989,234507,pop,2012,0
66,0.746,0.767,-2.907,0.0374,0.0601,1.07e-05,0.0859,0.773,94.007,196628,pop,2018,0
69,0.936,0.353,-12.17,0.0458,0.691,2.73e-05,0.133,0.863,124.964,181000,pop,2019,0
49,0.963,0.603,-6.224,0.18,0.0673,5.93e-06,0.214,0.647,129.99,260240,pop,2014,0
10,0.681,0.594,-4.986,0.0486,0.0777,0.0,0.0961,0.417,120.141,208729,pop,2016,0
54,0.729,0.926,-2.129,0.108,0.0796,9.14e-06,0.152,0.743,110.05,191994,pop,2018,0
64,0.68,0.772,-5.995,0.0416,0.535,0.0153,0.147,0.376,105.005,244510,pop,2015,0
55,0.706,0.841,-3.956,0.0418,7.95e-05,0.0,0.0688,0.861,132.032,220227,pop,2020,0
0,0.478,0.802,-4.298,0.0333,0.00478,0.0,0.32,0.473,96.974,216560,pop,2009,0
14,0.571,0.932,-3.68,0.0576,0.00448,0.00939,0.117,0.864,150.014,220627,pop,2011,0
83,0.651,0.693,-4.722,0.0375,0.458,0.0,0.335,0.392,118.97,236765,pop,2019,0
44,0.749,0.688,-6.446,0.0289,0.0504,0.0,0.0902,0.668,106.991,197240,pop,2018,0
78,0.532,0.767,-5.509,0.0574,0.00287,0.000513,0.39,0.755,127.361,210173,pop,1980,0
75,0.594,0.26,-9.062,0.0601,0.779,0.0,0.0924,0.303,84.648,144387,pop,2019,0
21,0.677,0.694,-9.775,0.0317,0.258,0.0443,0.114,0.25,108.974,211393,pop,2015,0
79,0.856,0.523,-10.481,0.131,0.444,0.0,0.0537,0.709,105.935,219667,pop,2019,0
75,0.65,0.594,-6.374,0.0492,0.161,0.0,0.133,0.416,145.944,179577,pop,2019,0
6,0.576,0.766,-4.943,0.449,0.028,1.68e-06,0.366,0.236,144.833,246761,pop,2016,0
18,0.656,0.78,-7.053,0.0456,0.116,0.163,0.101,0.339,130.059,294893,pop,2014,0
81,0.588,0.67,-6.439,0.0473,0.0104,3.33e-06,0.338,0.505,118.159,238173,pop,2018,0
21,0.806,0.353,-12.134,0.0366,0.845,0.000193,0.137,0.0391,98.024,263155,pop,2019,0
80,0.693,0.604,-5.279,0.0427,0.0668,0.0,0.114,0.651,75.014,179930,pop,2019,0
68,0.909,0.392,-6.221,0.0652,0.278,1.77e-06,0.106,0.61,127.052,154961,pop,2019,0
68,0.657,0.827,-4.036,0.0734,0.000704,0.00534,0.065,0.69,145.889,190186,pop,2015,0
73,0.573,0.739,-5.74,0.129,0.0285,0.0,0.111,0.451,97.085,230227,pop,2015,0
42,0.562,0.748,-3.359,0.0428,0.0575,0.0,0.2,0.492,100.032,186703,pop,2018,0
75,0.754,0.653,-5.095,0.0611,0.0944,0.0,0.383,0.379,123.084,179746,pop,2019,0
23,0.51,0.835,-4.673,0.0447,0.00791,0.0,0.219,0.435,140.024,226747,pop,2019,0
76,0.794,0.811,-8.966,0.038,0.0426,1.07e-06,0.101,0.862,116.047,248413,pop,2013,0
52,0.661,0.758,-5.299,0.0864,0.0797,0.0,0.106,0.387,114.098,224061,pop,2019,0
45,0.734,0.714,-7.02,0.036,0.0134,2.76e-05,0.0751,0.744,120.006,292767,pop,2019,0
43,0.401,0.308,-12.464,0.117,0.389,0.0057,0.143,0.205,147.314,169079,pop,2019,0
90,0.778,0.317,-10.732,0.334,0.592,0.0,0.0881,0.327,140.048,178627,pop,2019,0
51,0.638,0.847,-5.648,0.0338,0.00405,0.0419,0.4,0.333,123.042,195160,pop,2014,0
68,0.808,0.786,-6.897,0.0447,0.00928,0.0701,0.0574,0.899,96.987,191240,pop,2020,0
63,0.55,0.899,-3.284,0.0458,0.0113,9.65e-05,0.137,0.408,125.85,170079,pop,2019,0
25,0.645,0.741,-4.989,0.0339,0.0323,0.0,0.29,0.534,123.07,203000,pop,2017,0
82,0.673,0.752,-4.705,0.0567,0.214,1.53e-06,0.106,0.699,178.005,209320,pop,2019,0
23,0.635,0.627,-10.125,0.0275,0.0171,0.518,0.0722,0.283,125.352,397027,pop,1996,0
18,0.547,0.889,-4.538,0.0586,0.0759,0.0,0.127,0.449,150.031,242347,pop,2010,0
65,0.929,0.572,-6.928,0.0506,0.017,0.00353,0.122,0.288,128.014,237231,pop,2017,0
57,0.481,0.687,-6.748,0.0699,0.238,0.11,0.107,0.188,145.971,270257,pop,2015,0
76,0.742,0.882,-2.862,0.117,0.0466,0.0,0.206,0.463,102.04,221176,pop,2018,0
65,0.845,0.768,-5.448,0.188,0.00733,5.04e-06,0.0575,0.96,100.0,187840,pop,2020,0
68,0.592,0.741,-3.792,0.0842,0.0251,0.0,0.111,0.379,180.038,220680,pop,2017,0
79,0.63,0.928,-2.787,0.0331,0.199,0.124,0.148,0.465,123.963,222160,pop,2016,0
51,0.674,0.87,-5.158,0.0912,0.428,5.08e-06,0.127,0.559,120.027,198360,pop,2006,0
48,0.552,0.647,-9.247,0.035,0.0581,0.000539,0.0949,0.381,157.945,350886,pop,2015,0
2,0.561,0.789,-9.134,0.0952,0.00217,0.446,0.194,0.796,112.815,243800,pop,2010,0
59,0.55,0.938,-3.556,0.0522,0.00171,2.18e-05,0.555,0.433,133.99,214493,pop,2008,0
71,0.517,0.906,-3.677,0.0735,0.00272,9.26e-06,0.113,0.731,172.977,211520,pop,2007,0
54,0.552,0.931,-5.166,0.053,0.00836,0.0,0.0551,0.666,158.036,182653,pop,2020,0
60,0.707,0.856,-3.861,0.205,0.142,0.0,0.124,0.51,126.914,179552,pop,2019,0
72,0.544,0.915,-3.405,0.0841,0.129,0.000914,0.115,0.51,126.094,184280,pop,2014,0
72,0.495,0.894,-4.814,0.0441,0.00453,0.000596,0.103,0.213,126.03,239894,pop,2013,0
73,0.713,0.802,-7.055,0.0561,0.0435,0.00377,0.309,0.343,100.001,226739,pop,2015,0
12,0.705,0.55,-7.974,0.0381,0.0887,0.00485,0.0895,0.351,94.969,212211,pop,2019,0
53,0.57,0.376,-9.932,0.0302,0.73,0.0,0.127,0.248,130.147,220629,pop,2018,0
23,0.673,0.789,-4.288,0.0408,0.00975,0.0,0.752,0.841,100.043,197427,pop,2016,0
90,0.548,0.816,-4.209,0.0465,0.122,0.0,0.335,0.557,95.39,174000,pop,2019,0
82,0.836,0.544,-5.975,0.0943,0.0403,0.0,0.0824,0.51,97.028,217947,pop,2017,0
91,0.598,0.526,-8.659,0.0415,0.129,0.0,0.14,0.529,123.935,168387,pop,2019,0
34,0.634,0.837,-11.813,0.0389,0.0934,0.889,0.166,0.129,129.142,466693,pop,2015,0
25,0.757,0.627,-6.441,0.0284,0.42,0.000868,0.117,0.212,115.017,174261,pop,2015,0
33,0.682,0.79,-4.058,0.0313,0.0533,3.87e-06,0.251,0.222,123.049,176675,pop,2019,0
75,0.602,0.881,-5.875,0.0443,0.00462,0.0266,0.111,0.577,125.012,467587,pop,2015,0
78,0.732,0.856,-2.2,0.0929,0.0828,0.0,0.323,0.771,145.034,177670,pop,2019,0
16,0.473,0.777,-3.698,0.059,0.119,7.87e-05,0.671,0.21,136.249,186813,pop,2012,0
59,0.755,0.527,-14.475,0.0656,0.0881,0.00653,0.202,0.362,107.729,217500,pop,2016,0
45,0.671,0.752,-4.049,0.0615,0.0281,0.0,0.101,0.635,130.02,210827,pop,2019,0
49,0.731,0.362,-9.341,0.119,0.293,0.0,0.11,0.652,92.935,149692,pop,2020,0
85,0.748,0.524,-5.599,0.0338,0.414,0.0,0.111,0.661,95.01,244960,pop,2016,0
55,0.697,0.6,-9.439,0.0266,0.146,0.125,0.0965,0.498,99.979,278272,pop,2017,0
54,0.769,0.569,-5.615,0.191,0.255,0.0,0.0964,0.485,110.032,183280,pop,2018,0
76,0.777,0.895,-4.464,0.0618,0.0348,0.0,0.317,0.826,111.987,211773,pop,2015,0
64,0.752,0.804,-3.512,0.0656,0.022,1.76e-05,0.0865,0.795,146.943,193253,pop,2019,0
62,0.735,0.744,-3.757,0.141,0.0203,2.08e-05,0.0941,0.622,94.075,209362,pop,2019,0
63,0.399,0.599,-6.987,0.204,0.362,0.0,0.188,0.0911,73.051,299600,pop,2012,0
29,0.618,0.94,-5.804,0.0495,0.000734,0.00217,0.399,0.96,155.949,151707,pop,2008,0
62,0.662,0.837,-5.015,0.0582,0.0623,0.0,0.0931,0.613,136.998,187013,pop,2016,0
66,0.725,0.94,-2.32,0.0435,0.115,0.00431,0.0864,0.905,127.051,208475,pop,2018,0
7,0.592,0.701,-5.879,0.0292,0.276,0.000103,0.0882,0.509,146.032,315603,pop,2016,0
1,0.633,0.83,-3.754,0.153,0.0232,0.000372,0.0948,0.457,121.978,184918,pop,2015,0
0,0.548,0.59,-7.95,0.0293,0.195,0.0,0.0895,0.243,144.035,243253,pop,2010,0
50,0.709,0.616,-6.246,0.213,0.38,1.57e-05,0.312,0.576,91.921,216848,pop,2018,0
73,0.573,0.441,-5.799,0.0758,0.186,0.0,0.61,0.389,61.657,185547,pop,2018,0
52,0.764,0.883,-10.304,0.0434,0.0395,1.5e-06,0.0985,0.844,137.015,197627,pop,1996,0
75,0.59,0.642,-3.87,0.122,0.0771,0.0,0.105,0.651,107.356,174444,pop,2019,0
87,0.719,0.704,-4.724,0.0476,0.0691,0.0,0.166,0.628,133.002,187436,pop,2018,0
35,0.564,0.833,-3.964,0.0952,0.0112,0.0,0.101,0.395,127.948,209341,pop,2018,0
32,0.581,0.749,-3.632,0.0493,0.0977,3.48e-05,0.111,0.675,100.092,217067,pop,2017,0
62,0.27,0.83,-4.592,0.0741,0.00956,0.434,0.142,0.205,117.314,196560,pop,2014,0
26,0.859,0.557,-5.907,0.053,0.289,8.13e-05,0.12,0.56,121.977,142859,pop,2019,0
23,0.779,0.571,-6.847,0.0286,0.182,0.00345,0.0978,0.463,120.003,274200,pop,2008,0
48,0.746,0.873,-3.803,0.128,0.0244,0.0,0.354,0.817,148.075,222093,pop,2014,0
59,0.504,0.889,-4.533,0.0737,0.0489,0.0,0.19,0.367,165.047,205851,pop,2015,0
57,0.697,0.897,-3.628,0.136,0.0323,0.0,0.138,0.736,140.03,195027,pop,2019,0
58,0.768,0.83,-4.983,0.036,0.0229,0.000127,0.145,0.444,126.007,187301,pop,2018,0
85,0.748,0.524,-5.599,0.0338,0.414,0.0,0.111,0.661,95.01,244960,pop,2016,0
85,0.674,0.881,-2.853,0.147,0.296,3.01e-06,0.0793,0.234,98.994,178480,pop,2019,0
76,0.71,0.799,-4.897,0.0328,0.22,0.000602,0.349,0.725,120.372,238267,pop,1983,0
56,0.762,0.665,-6.92,0.0471,0.169,0.0,0.103,0.961,115.946,193640,pop,2019,0
61,0.408,0.415,-11.257,0.0248,0.503,0.906,0.105,0.275,89.801,311000,pop,2020,0
75,0.539,0.583,-4.935,0.0275,0.108,0.0,0.111,0.337,86.063,328093,pop,1988,0
33,0.759,0.682,-6.34,0.041,0.0573,0.0,0.106,0.466,108.941,182053,pop,2019,0
21,0.588,0.853,-5.069,0.0505,0.000778,0.0,0.219,0.598,125.007,217347,pop,2012,0
74,0.736,0.795,-3.299,0.0545,0.498,1.21e-06,0.254,0.511,104.066,230813,pop,2017,0
65,0.59,0.799,-6.603,0.0349,0.181,3.69e-06,0.211,0.326,108.007,253000,pop,1999,0
60,0.667,0.922,-4.645,0.0353,0.000354,0.0,0.0867,0.761,130.01,216160,pop,2012,0
32,0.54,0.916,-2.458,0.0418,0.0221,4.66e-05,0.18,0.718,94.044,245106,pop,2017,0
67,0.824,0.538,-7.972,0.269,0.26,3.45e-05,0.13,0.352,110.879,208671,pop,2015,0
22,0.625,0.542,-11.242,0.0656,0.172,0.373,0.104,0.346,74.467,252200,pop,2020,0
0,0.597,0.788,-11.805,0.0349,0.18,0.314,0.0582,0.954,109.377,386506,pop,1990,0
51,0.793,0.567,-7.604,0.0813,0.0687,0.0,0.0663,0.813,108.007,188889,pop,2016,0
46,0.556,0.817,-4.442,0.0737,0.0195,2.45e-05,0.266,0.423,109.999,188652,pop,2018,0
76,0.44,0.635,-6.385,0.0326,0.129,0.0,0.121,0.327,128.133,207095,pop,2019,0
18,0.792,0.728,-4.391,0.0842,0.16,0.0,0.0511,0.565,106.101,168300,pop,2019,0
0,0.596,0.742,-8.003,0.0321,0.00263,0.0467,0.0733,0.843,146.483,388013,pop,2016,0
80,0.624,0.876,-3.374,0.1,0.0735,0.0,0.327,0.781,99.943,170827,pop,2017,0
55,0.605,0.926,-4.831,0.0372,0.0714,2.18e-05,0.0953,0.49,129.844,236547,pop,1983,0
79,0.728,0.563,-8.053,0.134,0.621,0.0,0.179,0.352,100.017,217707,pop,2016,0
30,0.77,0.796,-5.161,0.0372,0.151,0.0,0.0837,0.308,101.985,183528,pop,2018,0
71,0.799,0.538,-4.775,0.0622,0.642,1.23e-06,0.107,0.582,92.452,192346,pop,2019,0
0,0.807,0.68,-7.226,0.0353,0.0358,0.000194,0.0834,0.84,113.977,248960,pop,2010,0
31,0.36,0.221,-12.601,0.0345,0.798,3.73e-06,0.143,0.294,143.688,256895,pop,2019,0
71,0.548,0.65,-5.827,0.0591,0.219,0.0,0.225,0.557,144.937,194897,pop,2017,0
12,0.744,0.783,-7.077,0.0337,0.0553,0.0,0.086,0.885,120.042,235493,pop,2014,0
4,0.602,0.723,-3.021,0.0405,0.168,0.0,0.0781,0.293,122.812,239853,pop,2016,0
11,0.777,0.627,-6.142,0.0792,0.356,0.0,0.0956,0.444,100.054,214480,pop,2016,0
83,0.682,0.656,-4.67,0.0435,0.0737,0.0,0.353,0.607,130.089,183027,pop,2019,0
82,0.673,0.886,-4.44,0.0431,0.185,0.0,0.0826,0.795,97.012,216773,pop,2010,0
47,0.602,0.922,-3.061,0.0386,0.00632,0.0,0.284,0.396,104.101,169733,pop,2009,0
68,0.657,0.882,-3.565,0.0456,0.247,0.00202,0.112,0.179,127.994,195000,pop,2019,0
76,0.77,0.636,-6.724,0.131,0.169,0.0,0.0676,0.492,105.93,215760,pop,2019,0
1,0.595,0.824,-6.692,0.04,0.208,0.00094,0.106,0.563,164.066,237395,pop,2015,0
0,0.7,0.582,-12.196,0.0239,0.0967,1.4e-05,0.105,0.915,104.66,281053,pop,2020,0
68,0.696,0.943,-2.962,0.0431,0.0736,0.0,0.653,0.833,129.003,194867,pop,2001,0
70,0.421,0.669,-4.724,0.127,0.151,0.0,0.635,0.326,175.788,208013,pop,2019,0
65,0.678,0.747,-5.289,0.165,0.0395,0.0,0.174,0.516,120.002,189375,pop,2018,0
59,0.683,0.613,-6.478,0.0433,0.378,0.0424,0.119,0.42,116.911,182667,pop,2012,0
74,0.738,0.794,-4.118,0.0416,0.101,0.0,0.0533,0.566,104.014,184134,pop,2018,0
1,0.637,0.757,-8.261,0.0271,0.0828,4.98e-06,0.313,0.665,113.705,240884,pop,2020,0
58,0.781,0.879,-3.725,0.0533,0.0309,0.0,0.0546,0.836,119.997,204893,pop,2019,0
75,0.775,0.585,-9.516,0.0271,0.0422,0.619,0.077,0.518,109.942,337560,pop,2013,0
63,0.633,0.854,-4.046,0.0432,0.0382,2.83e-05,0.434,0.659,126.026,172360,pop,2018,0
71,0.642,0.772,-6.61,0.0848,0.0476,0.0,0.0646,0.589,153.995,164205,pop,2018,0
28,0.741,0.643,-6.476,0.079,0.0826,0.0,0.107,0.66,89.99,166116,pop,2018,0
77,0.74,0.498,-6.684,0.0456,0.0169,0.00282,0.319,0.652,98.016,207039,pop,2019,0
0,0.662,0.904,-6.055,0.0359,0.00789,0.413,0.0525,0.591,119.936,249280,pop,2010,0
50,0.457,0.434,-10.445,0.0366,0.0839,0.00552,0.123,0.0822,180.145,286960,pop,2007,0
37,0.638,0.947,-2.074,0.0333,0.0859,0.0,0.0883,0.658,96.045,222213,pop,2011,0
55,0.633,0.327,-3.599,0.0386,0.831,3.04e-05,0.114,0.57,127.853,165015,pop,2020,0
47,0.56,0.826,-5.866,0.0976,0.00272,0.0,0.487,0.492,141.974,206676,pop,2011,0
62,0.614,0.857,-4.171,0.111,0.0987,0.0,0.177,0.677,164.146,201040,pop,2010,0
0,0.471,0.592,-6.685,0.0308,0.0345,0.000222,0.207,0.219,75.939,190080,pop,2016,0
50,0.47,0.67,-7.526,0.0783,0.393,0.041,0.117,0.219,83.856,204213,pop,2017,0
62,0.84,0.724,-5.353,0.109,0.0878,0.0,0.0301,0.431,101.994,161178,pop,2019,0
34,0.804,0.877,-3.722,0.0609,0.00178,0.141,0.334,0.635,124.992,257280,pop,2015,0
18,0.528,0.826,-3.646,0.19,0.0859,2.28e-06,0.311,0.349,135.794,178235,pop,2020,0
76,0.53,0.422,-6.262,0.0342,0.407,0.0,0.107,0.349,119.964,221360,pop,2013,0
79,0.591,0.705,-6.519,0.079,0.381,0.000116,0.131,0.27,121.799,215316,pop,2019,0
31,0.485,0.659,-5.83,0.0293,0.148,0.00295,0.171,0.121,85.996,313000,pop,2017,0
34,0.683,0.584,-8.551,0.085,0.282,0.00372,0.11,0.231,129.318,197447,pop,2014,0
98,0.764,0.32,-7.209,0.0546,0.837,0.0,0.0822,0.575,91.019,189486,pop,2019,0
58,0.438,0.206,-14.173,0.0461,0.94,0.00439,0.107,0.434,155.049,217700,pop,2018,0
72,0.635,0.9,-3.719,0.0377,0.00664,0.0145,0.37,0.15,127.978,202500,pop,2018,0
47,0.468,0.935,-3.901,0.0456,0.00126,0.00712,0.0761,0.619,182.002,192733,pop,2013,0
57,0.609,0.872,-4.72,0.0447,0.0483,0.000971,0.119,0.534,111.967,204774,pop,2018,0
64,0.762,0.821,-4.17,0.0389,0.205,0.000419,0.259,0.769,122.999,206960,pop,2016,0
83,0.617,0.635,-6.769,0.0317,0.0498,1.44e-05,0.164,0.446,103.019,247160,pop,2017,0
59,0.342,0.609,-5.68,0.0943,0.185,0.00052,0.0799,0.401,82.989,261595,pop,2016,0
57,0.74,0.543,-7.201,0.108,0.09,0.0,0.135,0.46,157.987,164544,pop,2019,0
6,0.584,0.735,-3.215,0.0481,0.0495,4.03e-05,0.141,0.557,127.009,278480,pop,2014,0
17,0.642,0.758,-6.572,0.141,0.134,0.00762,0.272,0.344,125.965,216257,pop,2017,0
42,0.486,0.183,-16.494,0.0379,0.992,0.0308,0.0886,0.075,122.833,347459,pop,2016,0
42,0.472,0.871,-3.492,0.0836,0.000632,0.0,0.219,0.803,177.965,197463,pop,2008,0
59,0.552,0.745,-5.564,0.0807,0.00361,0.0,0.43,0.488,159.915,282000,pop,2016,0
54,0.663,0.563,-8.072,0.309,0.483,0.0,0.0825,0.551,80.013,159750,pop,2019,0
67,0.764,0.836,-2.868,0.0396,0.208,0.0,0.234,0.51,111.934,214293,pop,2019,0
54,0.663,0.84,-5.618,0.0453,0.00534,0.342,0.169,0.2,108.022,271136,pop,2017,0
5,0.809,0.436,-6.26,0.233,0.0336,0.0,0.0985,0.259,137.934,245239,pop,2017,0
8,0.564,0.737,-4.079,0.0414,0.0175,0.0,0.054,0.211,104.764,220573,pop,2015,0
18,0.528,0.844,-5.095,0.16,0.0761,0.0,0.133,0.581,148.018,208026,pop,2013,0
16,0.741,0.891,-2.824,0.119,0.0437,0.0,0.256,0.449,102.002,221176,pop,2016,0
66,0.709,0.496,-10.528,0.0417,0.581,0.195,0.151,0.469,78.477,181587,pop,2017,0
47,0.694,0.739,-2.078,0.0742,0.517,0.00102,0.128,0.563,119.965,211130,pop,2014,0
22,0.735,0.451,-8.374,0.0585,0.0631,1.3e-05,0.325,0.0862,117.973,245200,pop,2016,0
7,0.665,0.6,-7.396,0.0344,0.0103,0.455,0.0928,0.595,102.002,247920,pop,2019,0
0,0.611,0.753,-9.153,0.0509,0.0321,1e-06,0.0343,0.22,105.016,233813,pop,2018,0
56,0.774,0.673,-6.473,0.035,0.22,0.583,0.0973,0.917,126.016,210040,pop,2017,0
54,0.594,0.804,-3.311,0.0378,0.221,0.0,0.12,0.326,115.941,256552,pop,2019,0
83,0.762,0.7,-6.021,0.0694,0.00261,1.56e-05,0.153,0.608,116.073,209320,pop,2017,0
45,0.71,0.891,-7.322,0.0337,0.13,0.0,0.115,0.655,114.042,274227,pop,2002,0
87,0.834,0.73,-3.714,0.222,0.00513,0.0,0.124,0.446,155.008,312820,pop,2018,0
39,0.706,0.3,-14.218,0.0302,0.699,0.0271,0.108,0.0819,108.903,235627,pop,2008,0
24,0.44,0.87,-4.811,0.0708,0.0164,0.0,0.0778,0.326,172.047,224213,pop,2010,0
85,0.674,0.881,-2.853,0.147,0.296,3.01e-06,0.0793,0.234,98.994,178480,pop,2019,0
23,0.697,0.794,-5.005,0.0761,0.0724,0.0,0.0353,0.379,96.989,186881,pop,2016,0
93,0.531,0.75,-5.831,0.111,0.00632,7.6e-05,0.117,0.198,169.954,200080,pop,2019,0
0,0.697,0.856,-6.026,0.0296,0.0637,0.00422,0.0945,0.808,125.111,269280,pop,2020,0
44,0.697,0.662,-7.831,0.208,0.112,0.129,0.11,0.326,92.023,213913,pop,2020,0
20,0.327,0.71,-2.928,0.0547,0.202,9e-05,0.28,0.416,179.561,175200,pop,2012,0
51,0.597,0.735,-5.123,0.0416,0.0485,0.0,0.371,0.188,126.037,179048,pop,2019,0
44,0.868,0.493,-10.155,0.0695,0.0876,0.000618,0.0541,0.652,108.016,182373,pop,2020,0
51,0.229,0.871,-4.558,0.103,0.0133,2.18e-06,0.266,0.395,86.965,215653,pop,2017,0
85,0.791,0.862,-3.24,0.11,0.037,2.19e-05,0.0814,0.592,123.994,214847,pop,2018,0
49,0.646,0.412,-10.929,0.111,0.145,0.0,0.111,0.276,161.878,121482,pop,2019,0
16,0.822,0.969,-11.471,0.0582,0.259,0.000162,0.39,0.765,128.007,283748,pop,2020,0
81,0.52,0.761,-3.093,0.0853,0.256,4.96e-06,0.17,0.286,141.971,180823,pop,2017,0
74,0.625,0.707,-4.761,0.0337,0.22,0.0,0.213,0.479,138.064,248156,pop,2017,0
80,0.748,0.788,-7.055,0.0334,0.0591,0.0,0.0863,0.884,120.076,235493,pop,2015,0
81,0.532,0.869,-5.094,0.172,0.157,0.00508,0.136,0.422,159.803,208373,pop,2016,0
49,0.731,0.869,-2.634,0.0409,0.145,0.000185,0.116,0.789,127.971,218440,pop,2014,0
24,0.781,0.423,-9.22,0.192,0.239,0.268,0.104,0.307,160.078,220439,pop,2013,0
77,0.449,0.585,-6.762,0.0268,0.0522,8.49e-05,0.0833,0.203,139.627,278719,pop,2011,0
54,0.592,0.84,-4.697,0.0364,0.0193,0.000191,0.327,0.679,103.026,252480,pop,2016,0
70,0.669,0.78,-4.287,0.053,0.0265,1.63e-06,0.143,0.738,139.945,212333,pop,2013,0
0,0.691,0.841,-4.832,0.0633,0.0275,0.000252,0.232,0.403,100.045,183200,pop,2016,0
76,0.696,0.817,-3.862,0.109,0.075,0.0,0.187,0.782,98.064,216409,pop,2017,0
49,0.61,0.789,-5.485,0.0378,0.00221,0.0,0.122,0.57,92.021,201533,pop,2015,0
79,0.596,0.856,-3.556,0.0346,0.0211,0.0178,0.141,0.743,127.949,222533,pop,2014,0
11,0.656,0.526,-15.149,0.0437,0.355,0.00801,0.116,0.589,106.985,263387,pop,2015,0
31,0.394,0.331,-11.762,0.0802,0.29,1.35e-05,0.109,0.154,106.532,197708,pop,2018,0
59,0.869,0.63,-7.058,0.0374,0.198,7.38e-05,0.0749,0.844,124.017,183533,pop,2007,0
14,0.77,0.544,-8.727,0.0375,0.204,0.0129,0.059,0.504,111.97,221396,pop,2019,0
62,0.648,0.755,-7.901,0.03,0.0141,0.000249,0.225,0.607,126.341,294587,pop,1983,0
33,0.717,0.545,-7.579,0.113,0.489,2.46e-06,0.134,0.398,95.043,178105,pop,2019,0
44,0.591,0.828,-4.155,0.04,0.00927,0.0,0.328,0.3,154.965,232302,pop,2015,0
0,0.609,0.858,-5.862,0.0594,0.599,0.000229,0.232,0.351,124.986,314259,pop,2005,0
46,0.44,0.652,-6.201,0.079,0.0357,0.000136,0.0587,0.5,93.353,188107,pop,2020,0
71,0.775,0.872,-4.194,0.0469,0.033,0.0579,0.298,0.379,122.994,191496,pop,2018,0
88,0.838,0.545,-6.713,0.0706,0.208,8.01e-05,0.103,0.631,114.998,220590,pop,2020,0
63,0.621,0.898,-4.569,0.0401,0.0976,1.08e-05,0.404,0.332,124.018,181040,pop,2019,0
0,0.612,0.822,-4.968,0.034,0.000353,7.06e-05,0.0914,0.858,130.054,214990,pop,2017,0
0,0.634,0.674,-10.269,0.0486,0.563,0.00262,0.13,0.572,103.021,222147,pop,2015,0
0,0.502,0.536,-10.136,0.0258,0.504,0.259,0.148,0.458,86.591,326707,pop,2006,0
30,0.637,0.869,-5.036,0.0331,0.00397,0.0,0.583,0.75,124.93,181301,pop,2016,0
69,0.736,0.795,-3.299,0.0545,0.498,1.21e-06,0.254,0.511,104.066,230813,pop,2017,0
74,0.773,0.699,-5.982,0.0958,0.488,3.6e-06,0.0814,0.513,104.941,180120,pop,2018,0
56,0.738,0.934,-3.729,0.12,0.00176,0.0,0.0473,0.547,104.97,201160,pop,2012,0
58,0.658,0.733,-7.384,0.0315,0.327,0.0,0.385,0.198,103.969,193751,pop,2014,0
80,0.778,0.824,-5.892,0.0712,0.284,0.0,0.405,0.756,100.024,218093,pop,2005,0
67,0.447,0.684,-4.721,0.09,0.175,0.0,0.478,0.437,125.655,175312,pop,2019,0
58,0.821,0.448,-4.33,0.0468,0.296,3.26e-06,0.0683,0.45,105.006,170364,pop,2019,0
85,0.689,0.516,-5.857,0.0444,0.513,0.0,0.163,0.209,124.876,190920,pop,2018,0
70,0.659,0.628,-8.685,0.179,0.186,0.0,0.105,0.262,94.05,219427,pop,2010,0
56,0.69,0.805,-11.522,0.0336,0.000232,0.739,0.095,0.799,127.808,264280,pop,2009,0
55,0.716,0.275,-10.013,0.0547,0.754,1.85e-05,0.147,0.352,63.513,298907,pop,2015,0
38,0.639,0.957,-6.039,0.558,0.156,0.0,0.348,0.692,135.958,133000,pop,2018,0
0,0.699,0.832,-4.405,0.0284,0.00729,3.45e-06,0.252,0.586,120.932,180488,pop,2015,0
32,0.551,0.304,-11.5,0.0637,0.612,0.0,0.228,0.115,150.003,203120,pop,2019,0
61,0.596,0.897,-2.94,0.0462,0.0641,5.24e-05,0.0628,0.578,118.0,206394,pop,2014,0
76,0.782,0.685,-6.237,0.0309,0.166,1.18e-05,0.16,0.603,118.016,180566,pop,2015,0
55,0.755,0.931,-4.104,0.0606,0.132,0.0271,0.0854,0.288,122.041,177466,pop,2019,0
71,0.708,0.647,-6.128,0.0298,0.117,0.0,0.111,0.654,129.95,213747,pop,2020,0
34,0.63,0.655,-6.708,0.0366,0.0381,0.00606,0.168,0.329,102.009,230937,pop,2014,0
59,0.652,0.837,-3.104,0.0723,0.0976,0.0,0.0844,0.562,108.042,190903,pop,2019,0
46,0.559,0.833,-4.332,0.0895,0.044,0.0,0.349,0.443,99.991,237027,pop,2019,0
97,0.794,0.793,-4.521,0.0842,0.0125,0.0,0.0952,0.677,123.941,183290,pop,2019,0
38,0.586,0.84,-6.674,0.0314,0.201,0.00056,0.0661,0.782,102.031,166478,pop,2019,0
79,0.421,0.407,-7.445,0.0267,0.309,0.000961,0.11,0.161,139.028,285120,pop,2011,0
69,0.494,0.951,-4.237,0.132,0.000569,0.0,0.327,0.441,160.025,202496,pop,2014,0
39,0.776,0.461,-9.774,0.115,0.01,5.28e-05,0.408,0.717,109.977,137555,pop,2019,0
76,0.451,0.931,-3.871,0.0719,0.00076,0.0049,0.361,0.172,122.961,302840,pop,2007,0
11,0.762,0.787,-4.311,0.127,0.0537,0.0,0.126,0.691,125.067,204347,pop,2017,0
81,0.649,0.716,-5.371,0.0349,0.0863,2.63e-05,0.135,0.163,99.988,205947,pop,2016,0
69,0.478,0.633,-6.19,0.0345,0.123,0.0,0.41,0.287,89.909,240333,pop,2018,0
25,0.693,0.675,-5.855,0.0281,0.00933,0.000968,0.33,0.613,110.031,237800,pop,2013,0
74,0.633,0.706,-5.137,0.0627,0.000587,0.0795,0.245,0.399,128.187,189147,pop,2019,0
67,0.744,0.726,-4.675,0.0463,0.0399,0.0,0.374,0.687,121.985,192507,pop,2019,0
30,0.802,0.645,-6.181,0.0715,0.272,0.0,0.119,0.376,100.001,157202,pop,2019,0
46,0.77,0.645,-11.918,0.066,0.0015,0.673,0.109,0.399,120.013,194000,pop,2015,0
64,0.529,0.717,-7.049,0.24,0.123,0.000707,0.0363,0.481,103.99,257943,pop,2017,0
27,0.738,0.928,-8.716,0.0458,0.0325,0.807,0.149,0.408,128.005,165015,pop,2019,0
37,0.641,0.773,-5.329,0.0345,0.0134,6.99e-06,0.466,0.372,115.014,163842,pop,2019,0
36,0.801,0.765,-5.386,0.0359,0.0262,0.0336,0.207,0.338,115.971,219359,pop,2019,0
35,0.751,0.812,-3.512,0.0505,0.244,0.00985,0.151,0.699,106.984,231982,pop,2017,0
64,0.714,0.663,-5.799,0.0694,0.145,0.0,0.264,0.64,95.497,206073,pop,2019,0
69,0.664,0.285,-7.907,0.0342,0.855,0.0,0.0952,0.256,124.148,190268,pop,2019,0
65,0.652,0.833,-4.898,0.0392,0.00191,0.000536,0.122,0.231,116.043,245240,pop,2019,0
31,0.694,0.608,-13.32,0.034,0.0146,0.192,0.1,0.271,123.998,245347,pop,2016,0
35,0.751,0.775,-3.869,0.0777,0.174,4.24e-05,0.143,0.373,115.99,178865,pop,2019,0
57,0.495,0.831,-5.812,0.0319,0.021,4.79e-05,0.495,0.414,128.064,192632,pop,2016,0
76,0.722,0.761,-4.459,0.0475,0.0117,0.0,0.315,0.624,128.044,201493,pop,2020,0
52,0.569,0.614,-8.808,0.0566,0.0356,0.000175,0.106,0.122,119.764,250507,pop,2017,0
61,0.539,0.98,-8.18,0.0469,0.169,0.982,0.084,0.522,136.087,225373,pop,2007,0
12,0.542,0.769,-6.339,0.0319,0.11,0.0,0.0787,0.554,89.983,278374,pop,2014,0
64,0.509,0.803,-4.903,0.0558,0.0917,0.0135,0.109,0.239,185.922,242507,pop,2013,0
45,0.705,0.653,-5.977,0.103,0.098,0.0,0.14,0.627,99.996,168019,pop,2019,0
30,0.827,0.851,-4.589,0.103,0.122,2.31e-05,0.0706,0.928,127.993,214132,pop,2019,0
59,0.519,0.742,-3.554,0.061,0.315,8.42e-05,0.0836,0.246,127.971,255117,pop,2018,0
70,0.68,0.678,-11.548,0.0754,0.103,0.00828,0.204,0.251,131.165,252773,pop,1980,0
46,0.634,0.543,-13.521,0.0324,0.0169,0.00127,0.315,0.441,121.931,405291,pop,1991,0
10,0.884,0.657,-4.569,0.0977,0.00589,0.0,0.154,0.489,107.059,234693,pop,2015,0
41,0.686,0.66,-8.458,0.0322,0.405,0.0892,0.108,0.322,96.975,173646,pop,2020,0
21,0.699,0.803,-3.872,0.0438,0.0657,1.02e-05,0.171,0.409,106.025,201509,pop,2019,0
61,0.642,0.608,-7.514,0.0357,0.12,0.000118,0.103,0.303,97.017,208960,pop,2019,0
66,0.772,0.482,-9.529,0.351,0.211,0.0,0.223,0.441,92.017,385438,pop,2015,0
50,0.674,0.854,-5.253,0.115,0.054,0.0,0.379,0.503,111.969,180571,pop,2019,0
58,0.714,0.801,-5.8,0.0301,0.0204,0.00615,0.334,0.292,124.015,210000,pop,2019,0
16,0.681,0.594,-7.028,0.282,0.165,3.49e-06,0.134,0.535,186.054,230453,pop,2016,0
38,0.545,0.684,-6.298,0.031,0.00555,0.0,0.0624,0.525,82.492,222160,pop,2018,0
54,0.418,0.688,-5.515,0.0265,0.212,0.00964,0.705,0.319,150.03,224787,pop,2015,0
0,0.527,0.74,-6.336,0.0636,0.0165,2.26e-06,0.121,0.572,76.531,203080,pop,2018,0
58,0.823,0.52,-12.873,0.0831,0.364,0.00434,0.0772,0.685,111.028,181633,pop,2017,0
12,0.71,0.719,-7.336,0.0374,0.266,1.51e-06,0.108,0.626,115.964,304138,pop,2020,0
43,0.298,0.571,-13.515,0.0932,0.0858,0.225,0.132,0.37,89.89,199793,pop,2020,0
70,0.732,0.85,-5.999,0.0444,0.114,2.02e-06,0.0388,0.372,124.024,193548,pop,2019,0
58,0.648,0.947,-6.617,0.0369,0.0114,0.0567,0.105,0.602,113.255,245360,pop,1986,0
62,0.578,0.947,-2.431,0.036,0.00744,0.0816,0.105,0.456,134.034,246007,pop,2015,0
69,0.563,0.729,-4.178,0.16,0.0623,0.0,0.0378,0.726,80.51,152722,pop,2019,0
82,0.881,0.696,-3.838,0.0797,0.137,4.13e-05,0.0927,0.781,97.002,200667,pop,2020,0
37,0.81,0.818,-9.599,0.0511,0.343,0.0548,0.113,0.887,119.982,219603,pop,2017,0
74,0.689,0.521,-5.845,0.132,0.119,8.41e-05,0.108,0.178,95.055,229747,pop,2015,0
80,0.664,0.705,-4.972,0.0382,0.0654,0.0,0.118,0.477,122.016,257267,pop,2013,0
74,0.734,0.765,-5.562,0.0621,0.151,0.0,0.231,0.518,109.989,163636,pop,2018,0
68,0.708,0.868,-3.287,0.0431,0.0313,0.0,0.122,0.72,124.994,202999,pop,2017,0
2,0.763,0.355,-8.826,0.0518,0.162,0.00552,0.092,0.867,70.007,234925,pop,2016,0
22,0.638,0.754,-5.174,0.0345,0.133,0.0517,0.48,0.688,120.021,309640,pop,2018,0
4,0.5,0.268,-13.59,0.235,0.727,0.0,0.104,0.187,92.056,226558,pop,2016,0
30,0.574,0.664,-6.229,0.274,0.169,0.0,0.211,0.543,74.946,195200,pop,2019,0
62,0.726,0.657,-7.066,0.0327,0.00765,0.000248,0.0975,0.629,114.996,235707,pop,2019,0
59,0.443,0.737,-4.509,0.0293,0.00149,0.0032,0.121,0.746,115.277,312227,pop,2014,0
30,0.786,0.899,-6.07,0.0751,0.000147,0.0987,0.11,0.951,130.997,262507,pop,2019,0
72,0.616,0.869,-3.911,0.0327,0.0283,0.0,0.064,0.473,127.966,234560,pop,2010,0
37,0.574,0.41,-8.7,0.0398,0.848,0.0,0.104,0.333,114.952,149000,pop,2017,0
71,0.875,0.558,-6.164,0.0641,0.0532,2.14e-05,0.116,0.44,96.072,150938,pop,2019,0
45,0.38,0.907,-5.052,0.062,6.09e-05,0.0,0.103,0.608,155.017,222120,pop,2010,0
32,0.619,0.835,-6.192,0.04,0.00101,1.08e-06,0.318,0.37,100.5,166467,pop,2012,0
48,0.753,0.77,-8.655,0.035,0.0489,0.000397,0.251,0.558,130.977,206880,pop,2020,0
38,0.303,0.591,-3.949,0.0335,0.0127,0.0,0.117,0.317,110.065,212160,pop,2011,0
50,0.518,0.774,-6.973,0.158,0.0783,0.0,0.152,0.69,91.982,204946,pop,2020,0
44,0.534,0.731,-8.202,0.0303,0.00464,0.76,0.928,0.917,100.064,283841,pop,2009,0
76,0.766,0.548,-7.834,0.0373,0.0263,1.81e-06,0.21,0.552,122.012,174448,pop,2019,0
44,0.478,0.509,-9.967,0.0347,0.304,0.00318,0.0753,0.0875,89.851,253792,pop,2019,0
30,0.777,0.853,-2.993,0.0453,0.0486,6.19e-06,0.0956,0.516,124.991,192533,pop,2015,0
65,0.701,0.417,-7.818,0.0329,0.0888,0.000648,0.375,0.186,95.003,194840,pop,2012,0
81,0.791,0.587,-5.075,0.0413,0.407,0.0,0.148,0.536,96.057,179449,pop,2018,0
62,0.44,0.469,-8.338,0.112,0.449,0.0,0.169,0.225,169.755,231676,pop,2018,0
67,0.674,0.932,-4.876,0.0718,0.0363,0.0,0.0576,0.826,144.039,180333,pop,2019,0
37,0.658,0.714,-4.84,0.18,0.00458,0.00725,0.0914,0.829,97.104,196280,pop,2007,0
52,0.839,0.536,-10.304,0.0682,0.361,0.922,0.0879,0.124,115.03,253848,pop,2018,0
61,0.823,0.411,-7.061,0.0557,0.409,0.00135,0.649,0.397,90.997,257547,pop,2016,0
1,0.638,0.699,-4.277,0.0567,0.0335,0.00627,0.0908,0.575,114.974,331093,pop,2014,0
56,0.638,0.713,-6.475,0.0388,0.00103,0.000241,0.0466,0.703,115.967,192640,pop,2014,0
43,0.612,0.845,-5.565,0.0352,0.00224,0.00168,0.582,0.769,139.514,249107,pop,2008,0
54,0.623,0.627,-6.73,0.0518,0.603,0.00908,0.316,0.459,100.04,211340,pop,2015,0
61,0.598,0.429,-11.145,0.0368,0.107,0.00936,0.0849,0.0568,99.933,261527,pop,2019,0
43,0.665,0.595,-7.036,0.0518,0.227,0.0,0.217,0.593,96.971,204076,pop,2017,0
32,0.71,0.869,-4.881,0.0357,0.216,0.143,0.0983,0.59,125.991,163929,pop,2017,0
77,0.735,0.425,-6.648,0.0466,0.011,0.0,0.055,0.848,85.894,188174,pop,2017,0
18,0.709,0.824,-8.824,0.0453,0.207,0.000307,0.0888,0.867,118.814,291293,pop,1987,0
62,0.906,0.832,-3.004,0.0718,0.0909,0.0,0.152,0.751,104.03,159753,pop,2019,0
46,0.549,0.442,-14.569,0.116,0.861,0.000315,0.0893,0.0437,126.028,201905,pop,2015,0
87,0.68,0.578,-5.804,0.04,0.331,0.0,0.135,0.341,145.038,231267,pop,2018,0
2,0.779,0.695,-6.064,0.031,0.425,0.000769,0.107,0.392,120.004,163527,pop,2016,0
5,0.698,0.844,-6.267,0.156,0.0102,0.0329,0.384,0.438,127.993,232500,pop,2016,0
58,0.665,0.389,-6.709,0.441,0.745,0.000982,0.326,0.521,89.962,210001,pop,2011,0
0,0.493,0.895,-6.925,0.038,4.46e-05,0.0,0.0878,0.387,96.031,218280,pop,2008,0
55,0.714,0.621,-5.343,0.0641,0.0352,1.63e-05,0.11,0.892,96.007,183533,pop,2006,0
74,0.736,0.756,-7.099,0.047,0.00632,0.00577,0.106,0.712,117.016,231847,pop,2018,0
29,0.425,0.752,-9.841,0.0382,0.0314,0.265,0.148,0.417,94.131,325200,pop,2008,0
45,0.57,0.293,-13.768,0.0293,0.237,0.00112,0.132,0.104,120.963,245793,pop,2019,0
78,0.575,0.33,-6.557,0.031,0.416,0.0,0.0872,0.277,95.801,217213,pop,2018,0
42,0.729,0.646,-6.046,0.0452,0.0682,0.000481,0.0484,0.543,82.49,200712,pop,2019,0
44,0.566,0.593,-7.348,0.0349,0.0206,0.0654,0.121,0.806,111.001,300867,pop,2012,0
79,0.731,0.867,-5.881,0.032,0.0395,0.0,0.0861,0.776,104.019,200373,pop,1999,0
61,0.569,0.957,-9.433,0.0419,0.116,0.0,0.199,0.702,154.071,250942,pop,2017,0
77,0.554,0.772,-4.821,0.0418,0.00487,6.6e-06,0.354,0.455,179.984,223546,pop,2013,0
31,0.572,0.928,-5.141,0.0651,0.000202,0.722,0.155,0.479,119.989,282827,pop,2013,0
74,0.585,0.62,-8.09,0.0327,0.0426,0.00224,0.15,0.281,101.939,172227,pop,2019,0
76,0.673,0.902,-2.392,0.0346,0.0591,0.000262,0.0558,0.538,100.012,194240,pop,2014,0
47,0.587,0.715,-6.348,0.0931,0.0539,0.0,0.262,0.433,178.081,185427,pop,2017,0
70,0.334,0.472,-8.792,0.0277,0.6,3.77e-06,0.317,0.431,179.167,336093,pop,2001,0
58,0.715,0.96,-5.091,0.0526,0.156,0.00331,0.0583,0.809,169.977,184642,pop,2019,0
26,0.71,0.497,-12.858,0.0272,0.126,1.68e-05,0.142,0.766,132.96,340507,pop,2013,0
11,0.62,0.906,-3.638,0.0627,0.102,0.0206,0.183,0.398,123.047,221773,pop,2018,0
66,0.466,0.747,-4.838,0.0795,0.417,9.76e-06,0.107,0.43,92.161,203641,pop,2014,0
52,0.735,0.861,-3.751,0.0422,0.053,1.46e-05,0.104,0.458,114.043,209079,pop,2019,0
2,0.691,0.874,-6.276,0.09,0.0286,0.633,0.0704,0.0909,127.99,283193,pop,2017,0
0,0.663,0.938,-2.175,0.0539,0.0604,0.000144,0.0442,0.793,117.985,250653,pop,2015,0
64,0.506,0.897,-4.632,0.26,0.146,0.000451,0.0868,0.525,188.03,219000,pop,2016,0
61,0.59,0.903,-4.478,0.0363,0.0232,0.0,0.0786,0.542,107.023,213453,pop,2008,0
65,0.613,0.842,-4.332,0.219,0.0157,0.0,0.23,0.645,169.917,238726,pop,2017,0
16,0.577,0.741,-3.83,0.0501,0.298,0.0,0.142,0.581,128.081,230613,pop,2015,0
43,0.585,0.948,-4.572,0.115,0.0209,0.0,0.063,0.526,125.993,231280,pop,2018,0
75,0.706,0.855,-5.377,0.215,0.0911,0.0,0.347,0.293,107.184,201253,pop,2018,0
48,0.763,0.791,-11.246,0.0357,0.0102,0.0743,0.271,0.603,137.948,281933,pop,2020,0
70,0.807,0.887,-3.726,0.0503,0.0573,2.87e-06,0.124,0.961,134.052,187920,pop,2015,0
4,0.659,0.927,-6.16,0.0427,0.225,0.0191,0.108,0.327,124.009,337453,pop,2011,0
55,0.839,0.741,-7.27,0.0379,0.0294,0.0219,0.192,0.916,125.002,243120,pop,2013,0
66,0.682,0.851,-7.117,0.0363,0.0146,0.000834,0.0289,0.348,126.0,192381,pop,2019,0
27,0.616,0.827,-5.738,0.107,0.0156,0.0,0.0525,0.557,130.006,176467,pop,2020,0
61,0.689,0.859,-4.708,0.0281,0.108,0.291,0.14,0.672,119.991,194481,pop,2019,0
53,0.282,0.428,-9.812,0.0311,0.227,0.000158,0.0897,0.0392,83.608,316520,pop,2019,0
42,0.63,0.731,-4.985,0.0352,0.0191,7.82e-06,0.704,0.46,119.997,240000,pop,2019,0
15,0.613,0.681,-3.089,0.0778,0.0287,0.0,0.126,0.619,97.621,204664,pop,2017,0
52,0.792,0.724,-5.108,0.0362,0.219,0.0,0.0911,0.429,109.984,169000,pop,2019,0
36,0.636,0.648,-8.1,0.0363,0.0882,9.92e-05,0.0876,0.349,92.949,189355,pop,2018,0
79,0.703,0.594,-6.146,0.0752,0.342,0.0,0.123,0.475,153.848,114893,pop,2019,0
71,0.791,0.754,-3.729,0.0569,0.00446,0.0,0.163,0.425,125.014,234653,pop,2012,0
3,0.498,0.331,-14.084,0.0273,0.27,0.198,0.107,0.106,96.734,286293,pop,2012,0
21,0.737,0.434,-10.363,0.0416,0.39,3.12e-06,0.126,0.216,92.794,252684,pop,2019,0
41,0.467,0.817,-4.941,0.0879,0.000152,0.000594,0.199,0.647,200.044,150507,pop,2014,0
73,0.51,0.882,-5.659,0.159,0.00158,0.00206,0.0764,0.653,154.029,216721,pop,2018,0
56,0.76,0.554,-8.097,0.0354,0.0259,0.000291,0.0782,0.793,118.004,180960,pop,2003,0
15,0.451,0.839,-2.506,0.0448,0.000484,0.0,0.0992,0.368,140.175,187286,pop,2014,0
72,0.634,0.838,-5.363,0.0413,0.0531,8.34e-06,0.0522,0.541,95.011,237320,pop,1988,0
57,0.685,0.631,-9.351,0.0945,0.297,0.0234,0.182,0.281,107.992,182852,pop,2020,0
50,0.717,0.614,-5.043,0.053,0.0906,9.51e-06,0.115,0.382,112.01,208606,pop,2018,0
63,0.744,0.71,-6.291,0.0551,0.0287,0.0,0.107,0.652,119.945,216789,pop,2018,0
0,0.566,0.744,-4.006,0.22,0.0053,3.14e-05,0.247,0.712,91.514,188960,pop,2008,0
19,0.523,0.894,-6.202,0.0464,0.225,0.685,0.241,0.685,146.993,179184,pop,2014,0
72,0.54,0.439,-8.591,0.115,0.635,1.93e-05,0.0993,0.371,167.908,209547,pop,2018,0
70,0.662,0.586,-8.821,0.0307,0.097,0.00272,0.115,0.296,90.0,194080,pop,2016,0
30,0.751,0.663,-6.154,0.0285,0.000698,0.000961,0.154,0.447,119.969,199680,pop,2014,0
26,0.65,0.493,-8.786,0.0633,0.622,0.00111,0.119,0.489,163.977,239053,pop,2019,0
63,0.699,0.67,-6.219,0.0347,0.0147,0.22,0.356,0.556,111.988,281407,pop,2016,0
67,0.558,0.916,-3.145,0.0839,0.0278,0.0,0.0296,0.85,142.984,199720,pop,2014,0
43,0.746,0.451,-9.065,0.146,0.181,0.892,0.0751,0.186,127.958,163630,pop,2015,0
65,0.609,0.83,-3.759,0.0793,0.201,6.18e-05,0.0321,0.604,117.833,238451,pop,2018,0
55,0.818,0.796,-4.455,0.133,0.00278,0.0326,0.0886,0.697,115.032,180187,pop,2019,0
79,0.601,0.794,-5.844,0.0671,0.00987,1.36e-06,0.388,0.244,114.066,217467,pop,2018,0
65,0.713,0.729,-6.027,0.0308,0.00935,0.000106,0.0804,0.734,121.975,217493,pop,2019,0
30,0.591,0.868,-5.555,0.0362,0.00128,0.000586,0.116,0.553,110.018,207427,pop,2015,0
25,0.578,0.743,-4.605,0.0688,0.672,0.0,0.118,0.206,129.635,285947,pop,2016,0
69,0.576,0.782,-4.825,0.0296,0.00778,0.0,0.285,0.355,141.153,224031,pop,2017,0
65,0.597,0.771,-10.717,0.0394,0.0111,4.68e-06,0.0987,0.811,104.008,186681,pop,2018,0
59,0.608,0.918,-1.137,0.0684,0.199,0.0,0.309,0.422,126.022,182000,pop,2019,0
22,0.588,0.829,-5.839,0.058,0.113,1.32e-05,0.0821,0.473,102.016,218824,pop,2017,0
39,0.591,0.702,-5.59,0.0289,0.225,0.0,0.414,0.501,104.003,217653,pop,2019,0
51,0.674,0.471,-8.199,0.0719,0.0946,0.0,0.22,0.219,127.963,183345,pop,2018,0
53,0.648,0.311,-10.847,0.0358,0.913,6.89e-05,0.112,0.327,90.946,195561,pop,2019,0
0,0.567,0.493,-18.127,0.036,0.659,0.445,0.108,0.589,169.99,231562,pop,2015,0
57,0.731,0.639,-6.597,0.0359,0.0206,1.29e-05,0.0789,0.527,122.08,158474,pop,2015,0
76,0.432,0.781,-4.038,0.0567,0.041,4.21e-06,0.0789,0.197,139.432,250286,pop,2015,0
17,0.837,0.52,-7.575,0.14,0.617,0.0182,0.184,0.463,123.972,181200,pop,2020,0
31,0.563,0.783,-6.023,0.075,0.193,0.0,0.323,0.281,124.023,154839,pop,2019,0
61,0.268,0.716,-4.151,0.0337,0.0421,9.88e-06,0.108,0.393,160.008,237000,pop,2020,0
62,0.442,0.267,-12.857,0.0365,0.921,0.00026,0.148,0.116,120.075,231681,r&b,2018,0
24,0.668,0.5,-14.984,0.0298,0.0306,0.000128,0.0566,0.769,132.989,277573,r&b,1987,0
17,0.532,0.317,-10.693,0.0309,0.909,0.0277,0.11,0.28,140.671,193672,r&b,2018,0
71,0.661,0.346,-9.115,0.03,0.452,0.0,0.131,0.256,129.752,263667,r&b,1999,0
58,0.653,0.415,-7.489,0.0288,0.147,0.0,0.0759,0.762,91.977,202560,r&b,2015,0
62,0.781,0.633,-5.616,0.0351,0.311,7.27e-06,0.0964,0.795,107.074,219482,r&b,2019,0
42,0.8,0.911,-5.926,0.129,0.222,0.0,0.203,0.856,120.066,240551,r&b,2017,0
40,0.655,0.894,-6.186,0.0354,0.0838,3.96e-06,0.0505,0.877,121.968,287333,r&b,2020,0
0,0.7,0.768,-8.785,0.384,0.186,0.000306,0.139,0.512,94.84,176740,r&b,2016,0
34,0.53,0.59,-8.695,0.293,0.0768,0.0,0.0754,0.243,179.728,170625,r&b,2019,0
18,0.805,0.888,-3.255,0.0368,0.281,0.0,0.203,0.342,107.999,172234,r&b,2019,0
56,0.786,0.627,-11.177,0.0339,0.00737,0.00186,0.181,0.831,126.461,312907,r&b,1982,0
65,0.82,0.596,-7.539,0.246,0.517,0.00159,0.358,0.54,94.968,172653,r&b,2017,0
71,0.762,0.508,-9.112,0.0919,0.0584,0.00126,0.16,0.37,93.51,302347,r&b,2011,0
75,0.729,0.545,-7.818,0.0316,0.0174,0.000274,0.369,0.514,103.012,177067,r&b,2019,0
63,0.683,0.42,-9.5,0.034,0.225,0.0,0.146,0.148,125.931,217619,r&b,2019,0
48,0.716,0.772,-6.816,0.037,0.134,2.15e-06,0.35,0.67,107.823,272440,r&b,1990,0
53,0.697,0.542,-8.946,0.0437,0.821,0.000452,0.134,0.547,99.988,319693,r&b,2012,0
71,0.66,0.395,-5.242,0.0333,0.873,0.0,0.112,0.678,81.997,204880,r&b,2019,0
2,0.809,0.446,-8.946,0.0929,0.169,0.00764,0.0613,0.776,84.905,246760,r&b,2008,0
27,0.854,0.723,-5.457,0.192,0.126,0.000484,0.106,0.359,117.985,185085,r&b,2016,0
60,0.618,0.688,-5.867,0.0477,0.409,6.32e-06,0.3,0.561,78.311,291880,r&b,1997,0
72,0.844,0.513,-8.769,0.335,0.178,0.0,0.0845,0.344,128.085,244941,r&b,2019,0
9,0.739,0.471,-7.075,0.124,0.223,0.0,0.0956,0.486,165.945,218453,r&b,2011,0
45,0.611,0.359,-8.026,0.0253,0.79,0.0,0.391,0.568,106.274,132107,r&b,2020,0
26,0.574,0.46,-9.689,0.18,0.764,7.36e-06,0.372,0.466,167.857,195013,r&b,1994,0
0,0.692,0.707,-7.769,0.379,0.0859,0.0,0.168,0.525,89.06,240733,r&b,2008,0
85,0.529,0.9,-3.503,0.418,0.000248,1.21e-05,0.0426,0.434,180.291,104591,r&b,2019,0
70,0.761,0.442,-12.872,0.383,0.277,0.0,0.125,0.706,97.753,213680,r&b,2019,0
43,0.669,0.557,-8.451,0.274,0.128,0.000517,0.176,0.741,170.093,266693,r&b,2004,0
52,0.586,0.729,-6.806,0.287,0.246,0.000235,0.314,0.464,79.888,292152,r&b,2019,0
56,0.79,0.653,-11.511,0.0397,0.00717,0.0,0.0386,0.94,99.826,237240,r&b,1988,0
37,0.445,0.563,-8.016,0.044,0.226,0.0,0.137,0.0744,86.113,176624,r&b,2018,0
24,0.723,0.948,-5.792,0.0471,0.0183,0.564,0.168,0.864,136.389,331507,r&b,2008,0
43,0.542,0.357,-6.938,0.0365,0.334,0.258,0.0724,0.197,102.251,144933,r&b,2017,0
49,0.73,0.515,-8.632,0.139,0.23,0.149,0.134,0.361,77.599,204124,r&b,2019,0
0,0.806,0.841,-5.358,0.0971,0.0353,0.088,0.25,0.621,115.128,238533,r&b,2001,0
46,0.822,0.385,-9.714,0.339,0.0299,0.00247,0.107,0.241,118.054,227747,r&b,2016,0
62,0.603,0.606,-6.634,0.114,0.799,0.0,0.391,0.463,80.176,161613,r&b,2017,0
41,0.389,0.805,-6.716,0.332,0.727,0.00034,0.0987,0.376,139.073,172194,r&b,2017,0
57,0.719,0.62,-5.743,0.102,0.0351,0.0,0.258,0.104,129.931,185812,r&b,2019,0
25,0.737,0.655,-8.651,0.0462,0.257,0.000273,0.0989,0.64,95.018,219789,r&b,2013,0
57,0.472,0.805,-5.793,0.086,0.0491,0.0162,0.337,0.512,94.922,252800,r&b,2016,0
0,0.527,0.647,-7.029,0.28,0.277,0.0,0.339,0.591,127.575,337640,r&b,2005,0
70,0.24,0.116,-13.216,0.0329,0.877,0.00092,0.1,0.0937,77.349,188324,r&b,2018,0
0,0.789,0.817,-7.199,0.0679,0.108,0.00779,0.06,0.952,110.099,181081,r&b,2020,0
17,0.484,0.716,-7.193,0.167,0.3,0.00214,0.112,0.365,184.131,230027,r&b,2018,0
7,0.535,0.505,-8.926,0.245,0.0393,0.0,0.0923,0.495,99.935,320267,r&b,1998,0
65,0.666,0.39,-8.575,0.0838,0.272,9.39e-06,0.111,0.325,113.866,209885,r&b,2017,0
19,0.77,0.866,-3.299,0.142,0.0055,0.00155,0.703,0.716,128.028,138287,r&b,2019,0
0,0.861,0.976,-5.091,0.169,0.00497,0.000182,0.355,0.369,100.878,396408,r&b,2011,0
17,0.607,0.696,-5.979,0.0745,0.0746,0.0141,0.118,0.707,94.009,224733,r&b,2003,0
73,0.651,0.864,-5.799,0.225,0.378,0.0,0.227,0.812,181.936,162363,r&b,2019,0
82,0.823,0.476,-8.951,0.242,0.0115,0.0,0.213,0.353,144.998,174067,r&b,2019,0
55,0.563,0.692,-3.294,0.0981,0.357,0.0,0.126,0.476,123.065,260244,r&b,2019,0
71,0.747,0.705,-5.137,0.126,0.0128,0.0,0.126,0.56,136.024,213507,r&b,2014,0
38,0.764,0.603,-7.675,0.0291,0.551,2.35e-05,0.101,0.584,98.991,225507,r&b,2007,0
66,0.719,0.615,-5.972,0.045,0.408,0.000147,0.235,0.465,96.988,250973,r&b,2016,0
82,0.884,0.559,-7.442,0.12,0.0236,0.0,0.101,0.342,97.994,232959,r&b,2018,0
92,0.656,0.614,-4.973,0.102,0.558,0.000862,0.215,0.35,128.038,153750,r&b,2019,0
37,0.762,0.671,-6.071,0.0301,0.0705,0.0,0.178,0.949,114.013,213120,r&b,2015,0
1,0.759,0.357,-12.313,0.0446,0.748,0.0,0.0796,0.89,120.958,87453,r&b,2015,0
59,0.643,0.413,-11.929,0.0564,0.129,0.00105,0.095,0.339,130.026,386627,r&b,1997,0
67,0.294,0.505,-8.106,0.042,0.12,0.0,0.0977,0.357,85.332,209893,r&b,2019,0
76,0.794,0.637,-6.29,0.339,0.028,0.0,0.0919,0.393,103.868,177693,r&b,2020,0
50,0.525,0.637,-4.717,0.0932,0.0289,0.0,0.0763,0.322,84.72,163493,r&b,2019,0
17,0.62,0.775,-7.7,0.342,0.751,2.89e-05,0.157,0.833,166.143,156685,r&b,2019,0
67,0.793,0.49,-10.984,0.285,0.25,0.0001,0.432,0.468,120.099,216933,r&b,2019,0
1,0.746,0.547,-9.236,0.0903,0.224,0.0345,0.201,0.528,91.839,286920,r&b,2003,0
48,0.822,0.743,-3.04,0.0567,0.285,2.31e-06,0.102,0.355,96.025,185195,r&b,2019,0
17,0.643,0.477,-7.279,0.0431,0.0285,0.000937,0.0783,0.12,122.933,252409,r&b,2017,0
63,0.789,0.413,-7.518,0.244,0.0223,0.000313,0.3,0.518,89.911,241760,r&b,1997,0
23,0.609,0.715,-10.107,0.103,0.0187,0.0575,0.341,0.911,208.209,242893,r&b,1992,0
20,0.774,0.575,-10.132,0.415,0.0586,0.0,0.0858,0.525,129.995,213133,r&b,2019,0
91,0.881,0.457,-8.191,0.156,0.0327,0.0,0.231,0.296,136.97,198913,r&b,2019,0
55,0.72,0.67,-10.224,0.132,0.305,0.0,0.0928,0.566,121.342,305280,r&b,1999,0
0,0.592,0.657,-6.67,0.113,0.406,0.0,0.115,0.707,105.871,209173,r&b,2015,0
85,0.698,0.454,-6.756,0.151,0.123,0.0,0.155,0.137,92.932,260640,r&b,2019,0
33,0.8,0.697,-4.17,0.177,0.00273,0.0,0.106,0.818,149.026,186693,r&b,2020,0
35,0.715,0.478,-9.798,0.037,0.432,8.97e-06,0.179,0.41,141.098,182989,r&b,2019,0
40,0.717,0.893,-5.218,0.0396,0.141,0.000613,0.359,0.68,107.819,278160,r&b,1984,0
29,0.675,0.983,-6.349,0.0571,0.0312,0.000203,0.191,0.717,111.904,249800,r&b,2002,0
22,0.897,0.892,-7.434,0.0302,0.137,0.00816,0.2,0.971,125.043,224720,r&b,2014,0
68,0.761,0.625,-6.17,0.026,0.0696,0.0,0.0784,0.875,100.022,200400,r&b,2020,0
79,0.435,0.155,-8.948,0.046,0.873,0.0,0.107,0.0935,128.532,287693,r&b,2014,0
85,0.422,0.264,-7.064,0.0322,0.922,0.0,0.132,0.331,119.93,269560,r&b,2013,0
27,0.783,0.562,-7.35,0.0485,0.111,0.0,0.0757,0.613,126.69,262747,r&b,2014,0
84,0.859,0.6,-4.63,0.301,0.071,0.0,0.353,0.568,123.017,244761,r&b,2019,0
3,0.722,0.758,-2.688,0.0443,0.338,0.0,0.0956,0.658,97.033,238053,r&b,2006,0
80,0.8,0.585,-7.343,0.0924,0.264,0.0,0.153,0.779,126.058,213400,r&b,2017,0
60,0.784,0.94,-7.327,0.054,0.0716,0.000171,0.133,0.979,137.003,140182,r&b,2017,0
43,0.396,0.403,-8.824,0.0468,0.478,0.0,0.141,0.239,105.65,343827,r&b,1996,0
59,0.612,0.961,-3.078,0.333,0.107,4.17e-05,0.0413,0.867,129.873,238760,r&b,2020,0
67,0.448,0.263,-11.98,0.0373,0.824,1.91e-06,0.106,0.451,109.889,241371,r&b,2017,0
85,0.421,0.131,-18.435,0.0382,0.952,0.00453,0.109,0.12,137.446,291796,r&b,2019,0
35,0.751,0.48,-5.784,0.22,0.5,0.0,0.298,0.632,87.016,267600,r&b,2008,0
15,0.796,0.697,-7.062,0.0537,0.112,1.55e-05,0.0523,0.714,111.999,234667,r&b,2014,0
47,0.548,0.542,-8.435,0.0409,0.544,0.0,0.148,0.389,83.106,271868,r&b,2000,0
61,0.83,0.604,-7.23,0.425,0.35,0.0,0.098,0.517,141.987,205554,r&b,2018,0
0,0.689,0.321,-18.075,0.0343,0.406,0.583,0.0845,0.81,136.073,267400,r&b,1996,0
80,0.584,0.465,-4.88,0.0262,0.678,0.0,0.106,0.299,95.969,224586,r&b,2019,0
53,0.769,0.558,-6.232,0.0828,0.275,1.06e-06,0.0758,0.593,100.007,231560,r&b,2004,0
70,0.865,0.45,-9.387,0.0417,0.0359,1.28e-06,0.308,0.352,99.989,247067,r&b,2020,0
36,0.689,0.562,-7.048,0.0637,0.0656,0.0,0.0885,0.21,133.987,291133,r&b,2011,0
47,0.673,0.692,-7.099,0.349,0.0298,0.0,0.105,0.276,129.813,280173,r&b,2015,0
11,0.674,0.922,-6.293,0.0628,0.0281,0.00207,0.0342,0.748,115.915,258773,r&b,2020,0
73,0.857,0.708,-7.158,0.0608,0.0101,1.95e-06,0.0908,0.333,113.015,180645,r&b,2020,0
0,0.722,0.822,-3.414,0.103,0.162,1.08e-06,0.268,0.616,101.002,229627,r&b,1994,0
51,0.412,0.769,-6.057,0.182,0.462,1.16e-06,0.0485,0.414,101.954,254493,r&b,2002,0
10,0.633,0.842,-4.454,0.0334,0.0347,0.0,0.275,0.693,120.009,207072,r&b,2017,0
0,0.781,0.293,-15.968,0.32,0.0151,5.36e-05,0.142,0.532,90.212,271467,r&b,1994,0
67,0.781,0.373,-9.35,0.121,0.619,0.0,0.348,0.669,117.98,250297,r&b,2019,0
0,0.606,0.554,-8.741,0.111,0.00196,1.46e-05,0.096,0.447,137.144,238196,r&b,2013,0
46,0.935,0.344,-5.074,0.0638,0.164,0.000179,0.108,0.526,97.976,197886,r&b,2018,0
67,0.725,0.706,-4.766,0.121,0.193,0.0,0.109,0.667,120.042,216874,r&b,2019,0
46,0.432,0.822,-4.516,0.0551,0.0671,0.0124,0.0965,0.386,153.014,273774,r&b,2019,0
5,0.609,0.681,-5.73,0.0699,0.0537,0.0,0.29,0.624,84.972,233667,r&b,2010,0
6,0.558,0.503,-7.471,0.03,0.185,0.0,0.201,0.385,106.983,247053,r&b,2012,0
74,0.944,0.511,-10.96,0.161,0.042,0.00107,0.0379,0.842,113.046,203787,r&b,2004,0
12,0.483,0.799,-4.567,0.0366,0.0188,0.0,0.226,0.171,112.946,244293,r&b,2018,0
86,0.845,0.631,-8.206,0.216,0.188,0.0,0.0806,0.545,111.983,279907,r&b,2019,0
10,0.763,0.647,-8.644,0.369,0.349,0.0,0.689,0.561,90.925,181978,r&b,2018,0
69,0.665,0.709,-4.117,0.0407,0.174,0.0,0.142,0.357,76.058,112105,r&b,2019,0
0,0.734,0.636,-7.764,0.243,0.37,4.3e-05,0.382,0.281,123.074,301159,r&b,2016,0
18,0.562,0.674,-6.049,0.0851,0.622,2.04e-05,0.111,0.293,122.699,220293,r&b,2018,0
0,0.69,0.572,-6.131,0.0264,0.0457,0.0,0.0969,0.375,111.919,235667,r&b,2008,0
88,0.572,0.385,-6.362,0.0308,0.371,0.0,0.231,0.323,95.799,215733,r&b,2018,0
68,0.829,0.435,-10.136,0.0515,0.0363,0.878,0.119,0.594,103.816,230147,r&b,2013,0
47,0.623,0.602,-5.733,0.325,0.228,1.11e-06,0.0737,0.714,87.379,228973,r&b,2002,0
45,0.83,0.374,-9.875,0.0481,0.0331,0.34,0.0931,0.59,109.963,194783,r&b,2016,0
55,0.498,0.692,-6.05,0.176,0.104,0.0,0.0688,0.577,136.662,478037,r&b,2017,0
25,0.717,0.725,-13.575,0.0295,0.382,0.228,0.332,0.984,132.014,291000,r&b,1987,0
1,0.544,0.515,-6.994,0.0319,0.254,0.000551,0.144,0.55,144.057,224973,r&b,2014,0
59,0.511,0.542,-7.398,0.336,0.387,0.0,0.181,0.439,134.907,189733,r&b,2018,0
78,0.674,0.428,-9.504,0.122,0.121,0.0,0.132,0.337,84.878,190185,r&b,2013,0
43,0.683,0.546,-9.086,0.0224,0.0388,0.000169,0.0633,0.735,90.018,293400,r&b,1997,0
2,0.705,0.479,-9.217,0.0767,0.499,0.000425,0.114,0.431,80.009,324067,r&b,2004,0
40,0.9,0.83,-5.812,0.0742,0.121,9.67e-06,0.214,0.714,104.998,174857,r&b,2020,0
46,0.863,0.476,-10.019,0.0932,0.0307,0.0515,0.0706,0.783,115.459,285827,r&b,1998,0
36,0.754,0.741,-9.579,0.428,0.0464,0.0,0.192,0.807,147.428,193063,r&b,2014,0
29,0.746,0.804,-7.167,0.0424,0.00618,0.02,0.0536,0.662,110.07,322000,r&b,2007,0
39,0.76,0.822,-3.965,0.0315,0.461,1.29e-05,0.329,0.872,105.966,280307,r&b,2016,0
67,0.654,0.325,-11.925,0.282,0.74,2.14e-05,0.152,0.39,139.886,243238,r&b,2017,0
36,0.573,0.92,-3.925,0.0367,0.000226,0.914,0.065,0.545,128.015,240011,r&b,2017,0
34,0.818,0.548,-8.884,0.0352,0.513,0.00922,0.0588,0.629,104.978,283200,r&b,2014,0
41,0.727,0.387,-12.333,0.0412,0.248,0.0102,0.0625,0.966,160.395,150400,r&b,1974,0
57,0.39,0.631,-4.701,0.0769,0.209,0.0,0.277,0.197,123.042,248544,r&b,2018,0
75,0.786,0.652,-2.607,0.0669,0.102,0.0,0.0697,0.483,170.031,203093,r&b,2019,0
43,0.739,0.457,-9.119,0.0412,0.508,0.00101,0.12,0.25,74.956,137973,r&b,2013,0
11,0.678,0.622,-4.634,0.19,0.424,1.35e-06,0.0882,0.644,94.048,212360,r&b,2017,0
79,0.698,0.633,-4.946,0.0597,0.0605,0.000194,0.0926,0.552,96.924,232187,r&b,2018,0
0,0.646,0.277,-12.914,0.0555,0.635,0.000218,0.105,0.466,109.084,235387,r&b,2009,0
58,0.518,0.376,-18.248,0.0431,0.933,0.86,0.0976,0.744,158.089,233560,r&b,1974,0
18,0.402,0.219,-19.019,0.0446,0.661,0.248,0.079,0.0673,91.885,324293,r&b,2003,0
39,0.838,0.619,-5.458,0.243,0.575,2.52e-05,0.0718,0.359,96.007,181760,r&b,2019,0
61,0.457,0.455,-8.112,0.188,0.348,0.00122,0.142,0.163,100.049,269693,r&b,2014,0
63,0.775,0.731,-5.446,0.134,0.189,0.0,0.129,0.821,131.105,256427,r&b,2006,0
62,0.662,0.882,-5.123,0.203,0.228,0.0,0.309,0.797,91.947,209348,r&b,2019,0
94,0.88,0.751,-4.258,0.0874,0.177,6.43e-05,0.106,0.884,117.948,157606,r&b,2019,0
31,0.644,0.665,-7.857,0.0456,0.183,0.000622,0.0954,0.824,92.928,273720,r&b,2020,0
55,0.57,0.704,-8.32,0.0314,0.0104,0.446,0.0905,0.437,115.037,214987,r&b,2011,0
42,0.606,0.58,-7.007,0.0355,0.122,0.0,0.0983,0.388,130.857,253973,r&b,2004,0
22,0.736,0.219,-20.031,0.0425,0.875,0.0334,0.0673,0.538,142.816,209080,r&b,2013,0
78,0.504,0.705,-8.205,0.364,0.0752,0.0,0.128,0.584,175.483,239320,r&b,2014,0
66,0.568,0.79,-4.411,0.0791,0.174,0.0,0.269,0.566,109.747,184000,r&b,2017,0
47,0.634,0.492,-7.25,0.0424,0.0169,3.53e-06,0.351,0.101,137.981,202360,r&b,2017,0
0,0.73,0.527,-9.264,0.035,0.132,0.0,0.327,0.602,99.946,227893,r&b,2008,0
63,0.637,0.503,-6.927,0.336,0.713,0.000113,0.109,0.661,81.061,208000,r&b,2016,0
57,0.649,0.536,-8.804,0.132,0.492,0.0,0.184,0.513,78.935,245773,r&b,2002,0
52,0.721,0.431,-6.633,0.045,0.244,0.0,0.0886,0.318,119.76,247133,r&b,1997,0
14,0.776,0.696,-8.294,0.0814,0.273,0.0,0.0564,0.927,109.958,175786,r&b,2019,0
54,0.578,0.438,-11.483,0.0696,0.737,0.00877,0.097,0.79,89.083,225200,r&b,2008,0
6,0.821,0.681,-5.543,0.267,0.0733,9.62e-06,0.0847,0.676,90.002,257076,r&b,2019,0
40,0.73,0.538,-8.478,0.07,0.27,1.08e-06,0.089,0.515,120.027,236067,r&b,2009,0
4,0.666,0.61,-6.101,0.0399,0.481,0.0,0.203,0.806,139.085,181053,r&b,2010,0
41,0.693,0.513,-7.577,0.103,0.0267,0.137,0.178,0.212,127.977,272813,r&b,2015,0
52,0.798,0.664,-4.321,0.03,0.46,7.37e-06,0.157,0.314,110.025,200727,r&b,2019,0
0,0.72,0.583,-4.515,0.173,0.478,0.0,0.17,0.325,149.791,158907,r&b,2018,0
42,0.581,0.415,-9.125,0.435,0.802,0.00159,0.0961,0.352,89.076,185000,r&b,2016,0
27,0.735,0.752,-10.688,0.0291,0.123,0.0272,0.242,0.921,108.093,261360,r&b,1992,0
34,0.704,0.613,-7.738,0.0435,0.387,0.702,0.116,0.484,116.032,174640,r&b,2016,0
30,0.847,0.552,-8.85,0.433,0.53,0.000235,0.15,0.337,91.874,166164,r&b,2015,0
56,0.623,0.724,-5.238,0.244,0.0967,3.31e-06,0.09,0.615,127.346,162951,r&b,2019,0
78,0.407,0.147,-8.822,0.0355,0.857,2.89e-06,0.0913,0.0765,141.284,229400,r&b,2014,0
50,0.803,0.452,-9.106,0.0382,0.0023,0.0,0.0743,0.197,99.993,259173,r&b,2016,0
45,0.539,0.61,-10.999,0.134,0.121,0.809,0.0857,0.0395,123.218,385726,r&b,2014,0
3,0.56,0.677,-4.28,0.0377,0.0971,2.71e-06,0.0573,0.749,173.991,278222,r&b,2006,0
26,0.695,0.525,-6.924,0.0413,0.0416,1.71e-06,0.114,0.23,126.087,271467,r&b,2020,0
79,0.638,0.523,-6.664,0.357,0.00454,0.0,0.0842,0.422,139.913,185947,r&b,2017,0
0,0.837,0.325,-10.16,0.157,0.572,0.0,0.289,0.384,116.03,191893,r&b,2006,0
48,0.549,0.639,-8.553,0.396,0.0442,0.000405,0.121,0.116,191.921,265067,r&b,2013,0
35,0.759,0.712,-6.746,0.0366,0.416,4.05e-06,0.0775,0.942,132.988,271600,r&b,1985,0
70,0.505,0.579,-7.231,0.0324,0.576,0.0,0.0903,0.439,141.655,240739,r&b,2019,0
34,0.748,0.711,-5.994,0.358,0.179,0.0,0.387,0.137,120.065,192200,r&b,2020,0
29,0.573,0.902,-9.825,0.0438,0.000244,0.462,0.149,0.448,188.03,163918,r&b,2019,0
19,0.749,0.903,-5.903,0.033,0.0335,0.00109,0.0969,0.728,121.968,228733,r&b,1992,0
63,0.62,0.228,-12.336,0.0315,0.833,0.0,0.106,0.146,109.591,131500,r&b,2018,0
63,0.759,0.342,-9.044,0.0406,0.775,0.0,0.112,0.22,99.995,216234,r&b,2014,0
54,0.711,0.505,-9.675,0.0343,0.0472,0.0,0.317,0.55,89.004,271200,r&b,1997,0
40,0.843,0.371,-6.932,0.164,0.188,0.00015,0.0956,0.363,126.043,334267,r&b,1996,0
52,0.567,0.202,-10.824,0.395,0.39,4.31e-06,0.226,0.399,72.458,238373,r&b,2018,0
36,0.693,0.81,-6.129,0.0412,0.0076,0.0,0.0461,0.532,102.494,271507,r&b,2005,0
38,0.609,0.416,-9.654,0.0581,0.783,2.36e-05,0.374,0.545,98.033,155453,r&b,2006,0
66,0.877,0.637,-3.493,0.101,0.00516,2.5e-06,0.0959,0.569,119.988,272080,r&b,2005,0
51,0.729,0.557,-11.264,0.243,0.651,0.000123,0.262,0.897,92.814,229320,r&b,2003,0
18,0.69,0.528,-8.675,0.0288,0.0349,0.0,0.0547,0.74,88.032,225867,r&b,2020,0
80,0.63,0.694,-6.257,0.0253,0.00281,0.0,0.0719,0.216,97.005,195519,r&b,2018,0
45,0.708,0.644,-4.825,0.238,0.264,0.0,0.116,0.662,89.968,243440,r&b,2002,0
64,0.563,0.44,-11.943,0.0822,0.286,0.683,0.269,0.213,120.009,276373,r&b,2017,0
16,0.535,0.505,-8.926,0.245,0.0393,0.0,0.0923,0.495,99.935,320267,r&b,1998,0
32,0.73,0.897,-7.228,0.041,0.000225,3.2e-06,0.0487,0.679,101.823,294467,r&b,2006,0
18,0.699,0.558,-7.622,0.0603,0.462,0.0,0.116,0.493,79.992,165000,r&b,2018,0
30,0.62,0.443,-8.145,0.375,0.297,4.25e-05,0.119,0.581,87.423,219900,r&b,2017,0
0,0.662,0.937,-3.89,0.333,0.0929,0.0,0.5,0.631,128.896,231773,r&b,2014,0
63,0.655,0.351,-7.628,0.153,0.73,0.000176,0.291,0.316,141.689,185992,r&b,2019,0
50,0.534,0.411,-8.119,0.0451,0.722,1.64e-06,0.64,0.676,127.372,188160,r&b,2005,0
69,0.664,0.285,-7.907,0.0342,0.855,0.0,0.0952,0.256,124.148,190268,r&b,2019,0
38,0.564,0.536,-7.779,0.0337,0.241,3.94e-05,0.091,0.162,129.932,276923,r&b,2019,0
20,0.604,0.738,-6.53,0.0504,0.0265,0.782,0.331,0.216,94.891,148280,r&b,2017,0
57,0.476,0.546,-7.137,0.252,0.653,9.02e-06,0.0895,0.646,74.212,196484,r&b,2017,0
18,0.531,0.479,-7.776,0.0306,0.203,0.000429,0.155,0.452,189.092,277667,r&b,2015,0
22,0.751,0.601,-8.206,0.044,0.00823,0.00329,0.0651,0.772,104.414,316467,r&b,1990,0
86,0.754,0.449,-9.211,0.109,0.0332,8.29e-05,0.552,0.357,77.169,198973,r&b,2018,0
76,0.745,0.728,-3.39,0.0423,0.352,0.0,0.228,0.39,120.099,130876,r&b,2019,0
51,0.899,0.491,-11.043,0.258,0.148,3.82e-06,0.411,0.826,107.706,287107,r&b,1982,0
77,0.902,0.608,-6.238,0.27,0.000456,0.0,0.0621,0.836,84.001,160742,r&b,2019,0
59,0.612,0.687,-7.093,0.182,0.279,0.0,0.209,0.305,99.939,222101,r&b,2019,0
7,0.722,0.836,-11.293,0.083,0.151,0.000178,0.393,0.807,107.189,263400,r&b,2020,0
27,0.609,0.551,-7.93,0.0291,0.0233,0.0,0.234,0.512,127.956,256040,r&b,2005,0
63,0.789,0.413,-7.518,0.244,0.0223,0.000313,0.3,0.518,89.911,241760,r&b,1997,0
46,0.257,0.451,-6.577,0.0326,0.0917,2.14e-05,0.0869,0.112,77.439,232560,r&b,2018,0
13,0.453,0.213,-13.656,0.0279,0.554,3.68e-06,0.0506,0.0955,64.177,203000,r&b,2020,0
31,0.371,0.746,-4.643,0.146,0.622,0.0,0.988,0.158,110.476,347667,r&b,2000,0
12,0.451,0.446,-10.168,0.0321,0.257,4.45e-06,0.103,0.567,89.459,202733,r&b,1999,0
22,0.634,0.56,-8.582,0.171,0.0775,0.00317,0.111,0.11,177.691,261166,r&b,2014,0
8,0.682,0.68,-7.437,0.397,0.594,3.1e-05,0.115,0.763,149.893,244114,r&b,2018,0
60,0.534,0.414,-7.952,0.0403,0.218,2.11e-06,0.103,0.458,117.079,374653,r&b,2016,0
8,0.453,0.431,-10.323,0.0315,0.373,0.0,0.0867,0.174,79.188,321543,r&b,2011,0
77,0.552,0.76,-4.706,0.342,0.0733,0.0,0.0865,0.639,135.702,260000,r&b,2018,0
57,0.725,0.279,-14.346,0.0701,0.592,0.0,0.0869,0.471,119.787,272560,r&b,1998,0
0,0.651,0.746,-9.24,0.0371,0.00584,0.000284,0.034,0.567,90.171,301707,r&b,1992,0
0,0.817,0.586,-7.72,0.0333,0.159,0.0,0.096,0.777,131.998,251173,r&b,1999,0
51,0.589,0.532,-8.572,0.0271,0.155,0.0903,0.323,0.434,84.012,253960,r&b,1994,0
57,0.725,0.279,-14.346,0.0701,0.592,0.0,0.0869,0.471,119.787,272560,r&b,1998,0
27,0.713,0.336,-8.687,0.0523,0.357,0.0,0.085,0.298,115.026,233739,r&b,2019,0
0,0.75,0.686,-8.015,0.182,0.0523,0.00717,0.283,0.692,122.022,174298,r&b,2018,0
77,0.903,0.839,-9.447,0.208,0.0939,0.0,0.102,0.727,133.986,190537,r&b,2019,0
47,0.715,0.682,-7.282,0.147,0.561,0.0,0.166,0.781,90.011,185891,r&b,2019,0
74,0.917,0.657,-5.716,0.0921,0.318,3.62e-06,0.0754,0.818,131.03,165733,r&b,2019,0
79,0.632,0.686,-7.665,0.243,0.549,0.0,0.2,0.329,89.949,170770,r&b,2018,0
66,0.623,0.585,-7.895,0.124,0.0628,0.000155,0.119,0.538,158.273,174947,r&b,2019,0
1,0.375,0.818,-4.031,0.141,0.084,0.0,0.0569,0.333,112.887,200226,r&b,2015,0
0,0.789,0.629,-4.941,0.0618,0.154,0.0,0.0864,0.487,123.95,179107,r&b,2016,0
0,0.751,0.663,-5.975,0.132,0.0773,1.24e-06,0.122,0.542,89.486,174984,r&b,2017,0
58,0.724,0.485,-5.919,0.0376,0.256,1.35e-05,0.416,0.581,136.057,296800,r&b,2008,0
0,0.926,0.427,-7.584,0.107,0.0703,0.00033,0.0818,0.305,96.023,268480,r&b,2015,0
40,0.769,0.387,-9.905,0.0421,0.134,0.00143,0.142,0.509,87.86,389107,r&b,1996,0
0,0.22,0.0286,-34.283,0.0562,0.943,0.0,0.218,0.0383,128.899,31893,r&b,1997,0
62,0.815,0.364,-11.834,0.089,0.14,0.0255,0.121,0.723,84.898,346267,r&b,1995,0
56,0.724,0.942,-4.585,0.049,0.419,3.53e-06,0.0682,0.81,100.027,307336,r&b,2018,0
51,0.467,0.572,-5.617,0.103,0.528,0.0,0.0517,0.591,140.904,147413,r&b,2013,0
41,0.922,0.573,-5.161,0.277,0.131,0.0,0.305,0.66,93.929,230053,r&b,2004,0
8,0.815,0.364,-11.834,0.089,0.14,0.0255,0.121,0.723,84.898,346267,r&b,1995,0
61,0.569,0.726,-5.343,0.178,0.1,0.0,0.244,0.373,185.946,188664,r&b,2019,0
5,0.648,0.608,-5.16,0.0587,0.0835,0.0,0.105,0.488,126.12,190643,r&b,2017,0
8,0.846,0.42,-13.927,0.117,0.152,1.76e-05,0.251,0.633,96.194,259000,r&b,1993,0
75,0.721,0.339,-11.195,0.0532,0.409,0.00153,0.0973,0.2,129.83,200747,r&b,2012,0
55,0.52,0.341,-12.66,0.0534,0.842,0.0193,0.0971,0.052,140.914,299200,r&b,2019,0
29,0.528,0.705,-4.767,0.352,0.0691,0.0,0.109,0.645,160.014,180581,r&b,2019,0
0,0.783,0.629,-5.023,0.328,0.311,0.0,0.284,0.769,142.896,161756,r&b,2015,0
78,0.799,0.698,-5.947,0.169,0.125,0.0,0.0778,0.799,121.998,254963,r&b,2019,0
75,0.634,0.645,-9.2,0.0376,0.292,0.0,0.246,0.677,93.05,231173,r&b,1990,0
3,0.861,0.479,-8.433,0.0515,0.0452,0.0,0.351,0.278,99.969,178840,r&b,2006,0
66,0.743,0.31,-10.016,0.0554,0.036,0.0251,0.183,0.171,95.993,135120,r&b,2019,0
79,0.296,0.351,-9.538,0.0351,0.823,1.5e-06,0.11,0.19,177.596,212720,r&b,2019,0
77,0.786,0.428,-10.011,0.31,0.0933,1.1e-06,0.156,0.556,97.001,255000,r&b,2019,0
61,0.816,0.245,-15.617,0.414,0.616,0.000813,0.127,0.187,140.04,138936,r&b,2017,0
40,0.573,0.788,-5.923,0.0871,0.0013,0.0,0.292,0.235,96.879,195499,r&b,2019,0
30,0.672,0.434,-7.96,0.0416,0.41,1.48e-05,0.105,0.696,125.909,215093,r&b,2012,0
21,0.653,0.609,-7.519,0.037,0.263,0.00101,0.233,0.482,95.982,210200,r&b,2001,0
44,0.422,0.503,-9.074,0.0663,0.612,0.00078,0.335,0.476,157.555,180200,r&b,2013,0
36,0.766,0.866,-3.425,0.35,0.242,0.0,0.104,0.351,143.479,193489,r&b,2017,0
0,0.695,0.841,-6.356,0.192,0.306,0.0,0.424,0.531,110.775,124903,r&b,2017,0
22,0.721,0.624,-7.104,0.0616,0.618,0.0865,0.106,0.808,89.998,86482,r&b,2019,0
52,0.626,0.916,-8.39,0.44,0.019,0.0,0.386,0.804,83.322,199347,r&b,2016,0
58,0.744,0.851,-10.108,0.049,0.0267,0.00738,0.0989,0.626,105.882,293600,r&b,1992,0
52,0.742,0.815,-6.603,0.179,0.0762,0.00145,0.204,0.637,171.918,183640,r&b,2002,0
49,0.647,0.721,-8.918,0.0341,0.0755,0.121,0.169,0.546,109.967,377973,r&b,2011,0
56,0.622,0.446,-9.647,0.22,0.318,0.0135,0.0904,0.168,68.85,215045,r&b,2017,0
0,0.732,0.848,-7.035,0.0574,0.135,1.36e-06,0.273,0.66,111.308,299863,r&b,1992,0
38,0.586,0.676,-8.076,0.0599,0.00269,6.14e-05,0.091,0.538,188.265,271093,r&b,2007,0
49,0.674,0.812,-5.928,0.175,0.281,0.0,0.13,0.702,120.15,284266,r&b,2016,0
0,0.694,0.744,-8.061,0.165,0.134,4.68e-06,0.159,0.492,94.012,394000,r&b,2020,0
0,0.636,0.459,-10.313,0.0366,0.392,0.0,0.113,0.183,116.628,329947,r&b,2007,0
56,0.655,0.837,-6.04,0.0723,0.0262,5.85e-06,0.0454,0.66,91.014,253613,r&b,2020,0
30,0.548,0.65,-12.406,0.408,0.117,1.6e-06,0.102,0.439,96.783,196531,r&b,2017,0
41,0.471,0.476,-6.995,0.159,0.221,1.94e-06,0.15,0.188,90.896,370027,r&b,2012,0
86,0.872,0.391,-9.144,0.242,0.469,4.13e-06,0.297,0.437,134.021,119133,r&b,2017,0
57,0.494,0.412,-5.687,0.133,0.639,4.46e-06,0.0631,0.378,113.108,240627,r&b,2016,0
37,0.443,0.597,-7.149,0.0459,0.168,9.27e-06,0.1,0.269,131.919,352738,r&b,2017,0
56,0.753,0.62,-10.544,0.0524,0.0657,0.0,0.27,0.676,110.172,291560,r&b,1988,0
57,0.878,0.779,-7.283,0.135,0.118,0.0192,0.104,0.778,115.009,183746,r&b,2019,0
59,0.615,0.72,-5.16,0.0658,0.068,0.0105,0.0889,0.696,94.002,226947,r&b,1992,0
61,0.747,0.67,-5.696,0.135,0.00594,2.68e-05,0.1,0.377,146.858,183001,r&b,2019,0
44,0.665,0.452,-8.486,0.0257,0.14,8.03e-06,0.125,0.304,136.12,272360,r&b,2020,0
61,0.198,0.162,-15.815,0.0343,0.926,0.00896,0.135,0.0527,70.453,185523,r&b,2017,0
35,0.666,0.254,-10.64,0.0774,0.426,0.406,0.115,0.207,82.884,393693,r&b,1997,0
83,0.798,0.539,-6.351,0.0421,0.199,1.66e-05,0.165,0.394,136.949,202547,r&b,2017,0
90,0.459,0.575,-4.858,0.0573,0.604,0.0,0.0885,0.183,111.881,215107,r&b,2019,0
64,0.847,0.402,-9.952,0.0641,0.0118,0.0,0.283,0.752,99.693,259440,r&b,1997,0
36,0.671,0.314,-8.091,0.244,0.11,0.0,0.0825,0.296,110.898,191600,r&b,2016,0
58,0.875,0.41,-6.29,0.0571,0.0674,0.0374,0.106,0.445,87.999,267400,r&b,2018,0
19,0.745,0.642,-6.257,0.287,0.0204,0.0,0.0658,0.226,179.974,131248,r&b,2019,0
0,0.53,0.843,-6.596,0.201,0.127,1.35e-06,0.302,0.47,82.35,241733,r&b,2008,0
43,0.865,0.836,-6.088,0.225,0.00372,0.00551,0.301,0.248,102.754,311507,r&b,2012,0
70,0.804,0.509,-10.833,0.132,0.208,0.00011,0.314,0.472,120.074,217006,r&b,2019,0
65,0.464,0.815,-6.371,0.0368,0.00871,0.201,0.162,0.467,161.845,298920,r&b,2014,0
69,0.556,0.437,-7.194,0.178,0.604,0.0,0.201,0.112,125.662,134440,r&b,2019,0
6,0.643,0.628,-12.075,0.0748,0.0443,0.00613,0.0359,0.894,100.392,245493,r&b,2020,0
62,0.424,0.647,-6.556,0.188,0.252,0.0,0.208,0.262,89.793,188220,r&b,2017,0
1,0.782,0.712,-4.964,0.0603,0.0447,2.98e-06,0.257,0.366,102.986,219306,r&b,2015,0
69,0.822,0.51,-6.954,0.0634,0.342,0.0,0.401,0.339,134.853,170667,r&b,2019,0
67,0.646,0.335,-9.915,0.247,0.626,1.3e-05,0.107,0.419,167.927,92093,r&b,2018,0
11,0.631,0.496,-13.559,0.0332,0.0539,0.0143,0.0831,0.595,149.024,332400,r&b,2000,0
2,0.538,0.679,-4.339,0.033,0.65,0.00273,0.124,0.369,117.006,236333,r&b,2020,0
54,0.702,0.764,-6.189,0.347,0.12,0.000307,0.146,0.471,85.991,153508,r&b,2019,0
63,0.735,0.423,-6.652,0.0459,0.011,0.0,0.0553,0.85,85.899,188174,r&b,2017,0
77,0.767,0.627,-4.096,0.0401,0.537,0.0,0.359,0.689,94.028,172606,r&b,2019,0
74,0.63,0.409,-8.83,0.0903,0.119,0.629,0.121,0.332,122.848,143773,r&b,2019,0
94,0.724,0.491,-6.024,0.0296,0.018,1.29e-05,0.0887,0.383,105.046,170746,r&b,2019,0
45,0.701,0.529,-12.242,0.147,0.82,0.00113,0.249,0.577,138.216,146390,r&b,2017,0
66,0.659,0.588,-5.682,0.063,0.632,0.0,0.124,0.297,135.884,219939,r&b,2019,0
0,0.727,0.791,-6.163,0.0392,0.131,1.4e-06,0.364,0.69,107.808,272533,r&b,2020,0
76,0.735,0.677,-4.979,0.093,0.0762,2.17e-05,0.111,0.188,100.584,211440,r&b,2018,0
14,0.594,0.67,-10.897,0.21,0.0566,0.0,0.117,0.884,205.696,229512,r&b,1993,0
28,0.78,0.496,-8.214,0.0814,0.581,1.54e-06,0.945,0.545,93.088,246452,r&b,2019,0
63,0.881,0.595,-9.781,0.0714,0.282,0.000117,0.112,0.911,130.019,149113,r&b,2019,0
53,0.798,0.715,-7.103,0.215,0.191,0.773,0.112,0.199,122.47,468587,r&b,2013,0
46,0.872,0.545,-6.012,0.0445,0.586,0.000693,0.131,0.727,119.979,236146,r&b,2016,0
84,0.56,0.68,-7.648,0.321,0.555,0.0,0.116,0.319,89.391,173800,r&b,2018,0
21,0.814,0.509,-8.587,0.0744,0.285,0.00337,0.116,0.665,154.885,224636,r&b,2019,0
43,0.522,0.756,-6.429,0.157,0.37,0.0,0.0865,0.432,145.938,234560,r&b,2008,0
49,0.463,0.405,-5.502,0.0297,0.39,0.0,0.0904,0.378,140.324,222390,r&b,2019,0
68,0.632,0.518,-6.126,0.0313,0.107,0.0,0.354,0.427,90.007,249147,r&b,2008,0
35,0.638,0.407,-11.577,0.0293,0.0852,9.1e-06,0.0841,0.34,100.003,212640,r&b,2019,0
61,0.518,0.822,-4.546,0.0645,0.3,0.0,0.067,0.314,127.793,215156,r&b,2019,0
8,0.74,0.467,-12.066,0.0425,0.0145,1.55e-06,0.173,0.89,107.848,360107,r&b,2017,0
6,0.565,0.621,-5.62,0.0264,0.00773,0.0324,0.257,0.403,150.036,268040,r&b,2012,0
49,0.534,0.404,-8.141,0.0758,0.793,3.23e-06,0.18,0.654,171.761,192401,r&b,2017,0
67,0.794,0.702,-5.656,0.0346,0.0671,0.0,0.155,0.535,121.938,189344,r&b,2019,0
47,0.674,0.575,-7.716,0.0388,0.413,0.0,0.0886,0.669,119.992,176000,r&b,2020,0
39,0.732,0.408,-8.475,0.036,0.747,0.000229,0.069,0.663,87.016,299440,r&b,2019,0
71,0.688,0.477,-6.681,0.036,0.594,0.0,0.115,0.257,127.866,196227,r&b,2007,0
0,0.625,0.266,-9.956,0.0299,0.739,0.0,0.113,0.211,105.011,318293,r&b,2006,0
54,0.713,0.503,-9.663,0.0575,0.0323,0.167,0.0601,0.211,95.019,221173,r&b,1994,0
33,0.401,0.834,-5.546,0.161,0.244,0.0,0.365,0.17,129.443,244766,r&b,2017,0
6,0.775,0.535,-7.125,0.113,0.349,0.0,0.14,0.315,84.122,280000,r&b,1995,0
61,0.769,0.646,-6.656,0.199,0.0566,0.0,0.406,0.432,90.079,278693,r&b,2002,0
88,0.78,0.759,-3.292,0.225,0.462,0.000868,0.143,0.579,91.952,201040,r&b,2019,0
58,0.664,0.354,-7.862,0.0539,0.205,0.000603,0.109,0.0501,110.936,186693,r&b,2019,0
1,0.783,0.418,-5.801,0.0659,0.00564,0.00205,0.177,0.674,99.234,221267,r&b,2020,0
40,0.783,0.882,-4.986,0.156,8.48e-05,0.00468,0.271,0.865,117.062,214359,r&b,2016,0
35,0.571,0.489,-10.132,0.0376,0.57,0.00884,0.0888,0.64,100.634,275827,r&b,1999,0
74,0.936,0.523,-6.71,0.0597,0.239,0.0,0.117,0.699,119.889,124056,r&b,2017,0
93,0.531,0.75,-5.831,0.111,0.00632,7.6e-05,0.117,0.198,169.954,200080,r&b,2019,0
47,0.591,0.892,-6.114,0.293,0.0944,0.0,0.113,0.712,89.849,213333,r&b,2012,0
7,0.552,0.367,-9.211,0.0332,0.773,1.15e-05,0.132,0.312,116.002,398733,r&b,2000,0
0,0.604,0.877,-4.899,0.065,0.000225,0.731,0.157,0.354,125.001,153600,r&b,2016,0
42,0.674,0.535,-6.718,0.0419,0.103,0.000464,0.113,0.255,88.98,202307,r&b,2015,0
64,0.792,0.605,-6.566,0.0393,0.00881,4.25e-05,0.104,0.239,139.917,261703,r&b,2018,0
52,0.672,0.279,-9.237,0.0421,0.402,0.000125,0.0946,0.478,133.625,251886,r&b,2019,0
15,0.717,0.91,-7.256,0.072,0.00427,0.158,0.347,0.648,113.728,247213,r&b,2009,0
0,0.794,0.632,-6.305,0.0346,0.0638,0.457,0.136,0.228,81.004,254112,r&b,2013,0
61,0.656,0.61,-7.894,0.171,0.416,0.000172,0.245,0.52,140.058,218067,r&b,2014,0
60,0.611,0.677,-6.745,0.034,0.0764,0.0698,0.241,0.233,166.04,255320,r&b,2012,0
31,0.596,0.595,-5.315,0.0655,0.585,2.51e-05,0.426,0.411,86.676,345427,r&b,2008,0
62,0.357,0.434,-11.521,0.0418,0.244,0.00654,0.0808,0.0907,145.743,257907,r&b,2015,0
61,0.787,0.63,-12.295,0.0609,0.0274,6.69e-06,0.161,0.882,125.347,267293,r&b,1990,0
4,0.674,0.612,-8.046,0.194,0.197,0.000745,0.0973,0.629,89.03,259867,r&b,2008,0
68,0.66,0.395,-5.242,0.0333,0.873,0.0,0.112,0.678,81.997,204880,r&b,2019,0
31,0.771,0.416,-4.553,0.0576,0.859,0.918,0.154,0.343,78.612,137866,r&b,2018,0
73,0.815,0.364,-11.158,0.375,0.533,3.52e-05,0.108,0.328,129.937,268566,r&b,2015,0
8,0.78,0.895,-4.633,0.0678,0.0329,7.36e-05,0.316,0.733,89.464,289040,r&b,2015,0
0,0.493,0.7,-11.64,0.347,0.483,0.00447,0.146,0.961,135.091,120902,r&b,2015,0
49,0.646,0.409,-14.908,0.051,0.0122,0.0,0.179,0.63,119.723,317133,r&b,2020,0
65,0.676,0.47,-7.831,0.0582,0.599,0.0,0.209,0.543,129.916,196615,r&b,2019,0
61,0.505,0.822,-5.528,0.077,0.0459,0.0,0.066,0.233,119.37,227453,r&b,2019,0
17,0.793,0.762,-4.584,0.0599,0.0113,3.82e-06,0.032,0.794,97.739,332427,r&b,1994,0
52,0.667,0.627,-10.488,0.0654,0.0972,5.19e-05,0.111,0.784,186.081,232560,r&b,2000,0
0,0.781,0.788,-5.965,0.202,0.00139,0.891,0.224,0.88,115.09,219712,r&b,2018,0
43,0.758,0.844,-9.453,0.0482,0.197,3.98e-06,0.242,0.766,120.571,321667,r&b,1987,0
46,0.757,0.639,-7.34,0.434,0.0615,1.45e-05,0.18,0.459,115.234,217200,r&b,2015,0
1,0.744,0.729,-6.612,0.031,0.00823,4.35e-05,0.15,0.689,95.983,226120,r&b,2011,0
75,0.928,0.481,-9.35,0.287,0.105,0.0,0.176,0.613,134.007,210937,r&b,2017,0
30,0.667,0.574,-9.847,0.0315,0.205,0.0,0.122,0.882,139.911,193093,r&b,2010,0
51,0.65,0.496,-12.349,0.0331,0.305,0.0,0.33,0.576,115.775,300907,r&b,1993,0
70,0.738,0.596,-6.958,0.0672,0.232,1.09e-06,0.221,0.457,94.017,164760,r&b,2019,0
61,0.494,0.735,-8.347,0.0345,0.00401,3.14e-06,0.544,0.742,132.526,283000,r&b,2020,0
48,0.662,0.865,-6.98,0.0774,0.212,0.0,0.0696,0.91,82.083,222507,r&b,2014,0
69,0.822,0.471,-7.303,0.193,0.186,0.0,0.215,0.512,135.07,230878,r&b,2017,0
73,0.685,0.742,-5.409,0.0471,0.22,0.0,0.185,0.618,115.008,213511,r&b,2019,0
32,0.843,0.722,-3.488,0.195,0.035,0.0,0.134,0.536,142.025,294973,r&b,2018,0
71,0.526,0.712,-6.525,0.0356,0.0161,0.0,0.179,0.32,105.009,241440,r&b,2020,0
55,0.552,0.403,-11.791,0.167,0.402,3.78e-06,0.0617,0.394,67.531,321360,r&b,2012,0
48,0.594,0.751,-5.452,0.253,0.204,0.0,0.0921,0.526,89.331,213484,r&b,2019,0
0,0.783,0.755,-13.341,0.0495,0.259,0.243,0.119,0.613,120.397,355773,r&b,1986,0
70,0.57,0.717,-4.914,0.029,0.00967,0.0,0.0833,0.321,111.91,250453,r&b,2008,0
89,0.668,0.892,-3.001,0.0645,0.298,0.0,0.735,0.478,95.927,159011,r&b,2019,0
25,0.254,0.672,-6.158,0.0446,0.154,0.0142,0.205,0.771,177.194,191733,r&b,2006,0
35,0.876,0.476,-6.489,0.0506,0.485,1.14e-06,0.0519,0.582,97.528,231507,r&b,1996,0
54,0.58,0.596,-10.31,0.0626,0.093,0.0,0.109,0.653,74.033,321907,r&b,1990,0
37,0.744,0.677,-5.833,0.0377,0.47,0.0,0.401,0.674,119.386,341547,r&b,2010,0
0,0.831,0.921,-2.383,0.0581,0.153,0.00213,0.305,0.794,108.002,239227,r&b,1991,0
1,0.707,0.942,-5.32,0.105,0.0057,1e-05,0.177,0.832,114.173,235265,r&b,2009,0
88,0.453,0.538,-8.212,0.0638,0.449,0.0,0.19,0.516,122.973,204533,r&b,2019,0
21,0.417,0.475,-8.414,0.184,0.0688,0.0,0.095,0.338,84.334,192302,r&b,2018,0
25,0.751,0.556,-5.066,0.043,0.00222,6.09e-06,0.104,0.369,123.98,263013,r&b,2017,0
37,0.639,0.316,-10.558,0.0454,0.184,0.000151,0.0903,0.193,85.063,180456,r&b,2019,0
0,0.655,0.555,-8.388,0.0362,0.318,0.0,0.104,0.394,113.001,246525,r&b,2014,0
75,0.915,0.588,-6.302,0.0677,0.0824,0.000169,0.104,0.329,123.936,218710,r&b,2019,0
67,0.584,0.684,-4.314,0.567,0.312,9.05e-05,0.112,0.72,210.164,213573,r&b,2019,0
55,0.644,0.843,-6.247,0.0512,0.261,0.0,0.0947,0.882,83.024,237373,r&b,2020,0
0,0.749,0.566,-7.637,0.0862,0.533,1.33e-06,0.189,0.771,81.141,239240,r&b,2020,0
40,0.581,0.505,-5.434,0.0309,0.231,0.0,0.141,0.131,135.594,253600,r&b,2005,0
15,0.711,0.697,-7.547,0.101,0.164,0.0,0.525,0.664,90.022,223975,r&b,2018,0
21,0.564,0.807,-4.561,0.028,0.0285,0.00111,0.192,0.49,67.003,199079,r&b,2015,0
46,0.842,0.473,-7.986,0.413,0.59,1.93e-05,0.0886,0.65,92.005,189623,r&b,2013,0
85,0.674,0.881,-2.853,0.147,0.296,3.01e-06,0.0793,0.234,98.994,178480,r&b,2019,0
17,0.621,0.729,-5.271,0.0453,0.149,1.11e-05,0.0435,0.727,142.076,225067,r&b,2005,0
82,0.939,0.305,-10.952,0.354,0.35,0.000169,0.105,0.563,100.029,179889,r&b,2019,0
39,0.73,0.623,-6.5,0.0876,0.594,0.000144,0.15,0.873,96.067,209867,r&b,2013,0
3,0.454,0.579,-4.5,0.342,0.0228,6.55e-05,0.27,0.403,119.435,201020,r&b,2015,0
38,0.547,0.126,-14.574,0.048,0.948,0.000326,0.206,0.195,98.879,223920,r&b,2014,0
31,0.699,0.764,-6.657,0.0914,0.191,0.082,0.256,0.652,93.997,229381,r&b,2019,0
49,0.642,0.572,-8.383,0.063,0.0814,0.0154,0.0725,0.607,72.493,271667,r&b,2015,0
63,0.305,0.462,-9.57,0.0338,0.475,0.122,0.0916,0.181,113.47,281213,r&b,2014,0
50,0.708,0.511,-7.437,0.163,0.106,4.5e-06,0.235,0.613,82.023,230867,r&b,2014,0
31,0.727,0.528,-8.771,0.0585,0.077,0.0,0.344,0.383,96.934,304373,r&b,2001,0
66,0.421,0.0952,-12.561,0.0479,0.931,0.000201,0.126,0.0773,109.698,177922,r&b,2016,0
54,0.643,0.132,-11.266,0.0931,0.909,0.0,0.101,0.132,114.251,234080,r&b,2017,0
67,0.487,0.458,-7.761,0.0371,0.552,0.0257,0.117,0.207,115.989,270413,r&b,2018,0
64,0.373,0.63,-5.131,0.0461,0.0552,0.0,0.107,0.352,115.942,202200,r&b,2016,0
53,0.603,0.782,-4.832,0.162,0.118,0.0,0.363,0.731,124.303,257893,r&b,2000,0
37,0.521,0.305,-9.452,0.0303,0.655,3.56e-06,0.128,0.242,120.076,303067,r&b,2006,0
49,0.521,0.566,-7.648,0.0454,0.212,0.0,0.109,0.387,87.753,172163,r&b,2019,0
90,0.61,0.624,-4.773,0.309,0.6,2.12e-06,0.243,0.244,176.169,250534,r&b,2019,0
52,0.695,0.316,-16.669,0.0511,0.136,0.0,0.0706,0.828,75.157,315640,r&b,1988,0
27,0.795,0.423,-8.58,0.0665,0.0265,0.0,0.0603,0.881,93.052,237120,r&b,2014,0
2,0.763,0.355,-8.826,0.0518,0.162,0.00552,0.092,0.867,70.007,234925,r&b,2016,0
6,0.824,0.683,-4.361,0.0322,0.165,5.6e-06,0.784,0.964,134.976,214781,r&b,2020,0
77,0.749,0.461,-2.961,0.0416,0.0516,6.24e-06,0.0738,0.42,139.02,204887,r&b,2019,0
44,0.83,0.414,-11.136,0.197,0.243,0.0,0.627,0.556,99.234,365800,r&b,1999,0
53,0.892,0.685,-4.906,0.072,0.301,0.000744,0.0775,0.61,95.958,263090,r&b,2018,0
26,0.581,0.623,-5.998,0.261,0.0872,0.0,0.126,0.282,129.049,201446,r&b,2017,0
18,0.959,0.694,-11.473,0.262,0.0385,0.0,0.0687,0.628,107.375,271307,r&b,1990,0
69,0.558,0.522,-5.857,0.036,0.228,0.0,0.104,0.228,83.977,271813,r&b,2012,0
28,0.651,0.745,-9.876,0.291,0.53,0.0106,0.398,0.509,93.932,183880,r&b,2018,0
35,0.302,0.179,-21.092,0.0403,0.943,0.666,0.112,0.279,85.477,198029,r&b,2016,0
19,0.838,0.917,-7.977,0.0666,0.0493,0.0,0.315,0.663,101.548,315453,r&b,2007,0
6,0.471,0.708,-8.809,0.0449,0.00733,0.0,0.161,0.282,125.823,300747,r&b,2005,0
1,0.839,0.86,-3.669,0.064,0.0895,0.000172,0.0282,0.883,110.123,222560,r&b,2014,0
25,0.681,0.722,-3.558,0.0432,0.0348,0.00537,0.223,0.226,89.876,351147,r&b,2005,0
0,0.608,0.665,-10.347,0.341,0.00342,0.0478,0.221,0.652,202.198,242267,r&b,2009,0
77,0.544,0.552,-7.45,0.0991,0.67,4.57e-05,0.415,0.554,159.738,184516,r&b,2016,0
37,0.732,0.583,-5.513,0.0526,0.208,0.0,0.0938,0.493,134.217,255253,r&b,2011,0
30,0.784,0.786,-6.822,0.232,0.409,2.14e-06,0.146,0.544,120.043,226427,r&b,2016,0
42,0.608,0.677,-6.523,0.139,0.157,0.0,0.0961,0.471,89.869,250081,r&b,2019,0
0,0.543,0.266,-18.813,0.0443,0.256,0.00093,0.0993,0.343,79.992,250693,r&b,1993,0
1,0.741,0.657,-5.564,0.054,0.639,0.0,0.104,0.778,90.954,351419,r&b,2016,0
34,0.697,0.544,-8.879,0.0602,0.00185,0.0,0.223,0.526,94.303,318933,r&b,2020,0
74,0.695,0.818,-5.379,0.0334,0.00647,4.87e-06,0.0219,0.916,119.965,182693,r&b,2017,0
66,0.766,0.644,-5.754,0.0909,0.0186,0.00539,0.0909,0.491,105.984,270718,r&b,2019,0
76,0.727,0.583,-7.385,0.0718,0.065,0.0,0.106,0.629,147.983,171840,r&b,2019,0
0,0.715,0.833,-6.041,0.0357,0.0058,0.0516,0.0661,0.605,111.786,298800,r&b,2009,0
71,0.775,0.661,-6.178,0.183,0.0261,2.09e-05,0.112,0.467,112.029,190700,r&b,2019,0
16,0.8,0.66,-11.164,0.0568,0.0637,0.0105,0.0352,0.576,112.592,267173,r&b,1988,0
46,0.677,0.741,-2.829,0.0743,0.371,2.37e-06,0.103,0.565,97.011,295667,r&b,2001,0
43,0.73,0.731,-3.438,0.0279,0.278,0.0,0.258,0.649,131.396,216546,r&b,1994,0
41,0.748,0.799,-9.322,0.0438,0.00348,1.59e-06,0.103,0.795,105.569,275107,r&b,1990,0
1,0.473,0.409,-10.998,0.0544,0.416,0.566,0.099,0.103,139.891,255467,r&b,2016,0
50,0.475,0.499,-6.818,0.185,0.84,0.0,0.111,0.454,142.867,313893,r&b,2016,0
74,0.724,0.573,-4.113,0.0549,0.118,0.0,0.538,0.438,113.088,135920,r&b,2016,0
0,0.543,0.757,-4.604,0.0679,0.0495,1.87e-05,0.0807,0.678,108.975,493960,r&b,2020,0
3,0.805,0.658,-6.137,0.0702,0.56,0.0133,0.124,0.305,114.972,218087,r&b,2016,0
0,0.748,0.511,-8.902,0.0603,0.21,0.0,0.105,0.249,139.981,219481,r&b,2017,0
30,0.897,0.601,-5.608,0.187,0.0264,1.37e-06,0.322,0.425,105.562,182040,r&b,1994,0
66,0.823,0.558,-7.119,0.0278,0.397,2.03e-05,0.0821,0.674,155.974,175707,r&b,2019,0
0,0.675,0.956,-5.345,0.053,0.326,0.00333,0.315,0.818,108.167,361173,r&b,2005,0
44,0.712,0.781,-6.256,0.0421,0.0605,0.00783,0.26,0.686,104.948,260360,r&b,2016,0
32,0.667,0.899,-7.084,0.0809,0.0371,4.12e-06,0.541,0.738,101.477,246373,r&b,2020,0
80,0.637,0.843,-5.413,0.0432,0.0151,0.0,0.0876,0.434,109.012,220733,r&b,2010,0
37,0.779,0.746,-7.81,0.0485,0.0812,0.0125,0.0726,0.794,105.061,299800,r&b,1992,0
19,0.687,0.921,-7.196,0.162,0.0879,9.7e-05,0.313,0.781,106.997,184347,r&b,2014,0
36,0.712,0.616,-6.687,0.0464,0.16,0.435,0.039,0.698,98.094,375000,r&b,1996,0
35,0.804,0.961,-5.188,0.183,0.0998,0.0,0.228,0.641,117.178,299000,r&b,1997,0
63,0.616,0.62,-6.398,0.0358,0.231,7.83e-06,0.181,0.367,156.986,186497,r&b,2019,0
39,0.734,0.718,-7.542,0.138,0.225,0.00231,0.363,0.478,99.033,186923,r&b,2019,0
15,0.599,0.423,-7.075,0.0914,0.208,0.000834,0.0773,0.893,139.636,221942,r&b,2019,0
34,0.892,0.377,-7.744,0.346,0.172,0.0,0.157,0.745,95.992,204107,r&b,2002,0
2,0.653,0.525,-10.022,0.149,0.402,0.000191,0.471,0.339,96.043,278067,r&b,1998,0
0,0.68,0.961,-9.85,0.0538,0.0146,0.00974,0.0527,0.609,111.599,335000,r&b,1990,0
29,0.571,0.435,-9.426,0.0573,0.77,0.0,0.153,0.464,132.352,238507,r&b,2011,0
3,0.593,0.619,-9.003,0.0976,0.118,0.0,0.484,0.668,80.02,326533,r&b,1998,0
60,0.753,0.539,-8.03,0.425,0.0515,1.19e-05,0.0841,0.78,83.92,134040,r&b,1997,0
45,0.479,0.646,-7.205,0.207,0.409,0.0,0.174,0.369,149.096,223782,r&b,2017,0
14,0.668,0.872,-8.787,0.0852,0.317,2.02e-06,0.277,0.868,165.147,300187,r&b,2012,0
63,0.581,0.315,-11.947,0.0781,0.389,1.68e-05,0.0766,0.185,61.381,246088,r&b,2018,0
45,0.675,0.673,-4.033,0.358,0.0471,0.0,0.218,0.637,140.036,236893,r&b,2011,0
15,0.582,0.704,-6.242,0.0347,0.0651,0.0,0.212,0.698,150.863,197286,r&b,2018,0
67,0.672,0.752,-4.866,0.0843,0.0046,0.00047,0.056,0.429,116.945,211838,r&b,2019,0
56,0.507,0.778,-3.71,0.427,0.0804,0.0,0.297,0.696,189.833,186107,r&b,2019,0
66,0.636,0.243,-9.509,0.04,0.815,0.0,0.111,0.239,142.016,163547,r&b,2020,0
79,0.532,0.455,-8.366,0.156,0.452,0.0,0.237,0.204,148.182,160187,r&b,2020,0
28,0.691,0.66,-8.161,0.0354,0.18,0.000266,0.174,0.94,146.78,143507,r&b,2007,0
25,0.715,0.859,-5.248,0.293,0.217,2.09e-05,0.13,0.592,115.995,240446,r&b,2016,0
61,0.504,0.728,-5.699,0.0234,0.36,0.0,0.159,0.683,89.255,266201,r&b,1986,0
72,0.589,0.652,-7.498,0.373,0.704,0.00055,0.125,0.486,158.49,194960,r&b,2019,0
0,0.339,0.602,-12.926,0.0838,0.434,2.25e-05,0.0518,0.51,104.091,503093,r&b,2020,0
26,0.756,0.759,-4.606,0.0378,0.000398,0.00987,0.113,0.522,96.843,204333,r&b,2003,0
48,0.87,0.366,-18.998,0.0977,0.46,0.0139,0.071,0.819,96.74,301733,r&b,1987,0
41,0.554,0.464,-8.61,0.0851,0.39,0.0,0.119,0.563,112.776,164319,r&b,2019,0
33,0.692,0.693,-5.468,0.0312,0.0417,0.00656,0.421,0.46,94.003,298160,r&b,2009,0
55,0.69,0.651,-7.86,0.101,0.343,9.56e-05,0.178,0.691,79.305,225333,r&b,1992,0
20,0.817,0.336,-10.797,0.536,0.655,0.85,0.188,0.197,92.04,208696,r&b,2018,0
48,0.672,0.755,-4.666,0.187,0.014,0.826,0.164,0.51,77.549,210596,r&b,2017,0
64,0.902,0.67,-4.074,0.19,0.167,0.0,0.107,0.39,144.07,186672,r&b,2015,0
58,0.547,0.6,-7.546,0.351,0.211,0.0,0.145,0.49,89.041,289147,r&b,2018,0
45,0.449,0.598,-4.92,0.269,0.375,0.0,0.105,0.689,48.981,198621,r&b,2019,0
36,0.782,0.806,-6.659,0.0472,0.00101,0.833,0.0551,0.921,130.039,125627,r&b,2017,0
35,0.721,0.62,-10.766,0.0662,0.042,0.00113,0.0407,0.699,109.952,224200,r&b,1990,0
1,0.856,0.621,-8.71,0.0499,0.162,0.0,0.116,0.635,126.983,226983,r&b,2018,0
65,0.944,0.514,-7.895,0.195,0.0684,0.00209,0.103,0.331,120.004,276785,r&b,2015,0
0,0.659,0.498,-5.712,0.0254,0.688,0.221,0.136,0.324,119.994,186114,r&b,2015,0
0,0.764,0.642,-6.414,0.0563,0.229,0.0659,0.0779,0.924,101.012,258427,r&b,2020,0
8,0.69,0.572,-6.131,0.0264,0.0457,0.0,0.0969,0.375,111.919,235667,r&b,2006,0
58,0.778,0.721,-6.912,0.0411,0.00289,5.43e-05,0.102,0.46,110.034,184376,r&b,2019,0
32,0.764,0.64,-7.424,0.0388,0.0507,0.434,0.097,0.701,92.0,219440,r&b,2018,0
44,0.418,0.746,-4.836,0.264,0.208,0.0,0.167,0.644,87.398,196596,r&b,2018,0
39,0.489,0.564,-10.712,0.138,0.0326,3.9e-05,0.979,0.33,128.011,249453,r&b,2010,0
50,0.658,0.689,-5.729,0.0458,0.665,1.12e-05,0.0946,0.874,195.042,203227,r&b,2019,0
60,0.765,0.821,-5.926,0.183,0.0918,0.0,0.217,0.962,162.519,276800,r&b,2003,0
5,0.464,0.706,-5.214,0.317,0.571,0.0,0.464,0.331,198.07,275347,r&b,2006,0
36,0.586,0.717,-6.512,0.0434,0.566,0.0,0.0994,0.432,179.955,242760,r&b,2020,0
75,0.707,0.238,-8.818,0.0379,0.0905,2.42e-06,0.0842,0.345,124.156,270847,r&b,2016,0
53,0.62,0.445,-17.154,0.382,0.00273,0.0145,0.333,0.587,202.134,248493,r&b,1990,0
39,0.774,0.81,-7.775,0.0649,0.0677,0.000701,0.0269,0.526,107.709,257400,r&b,1991,0
63,0.771,0.466,-8.651,0.0308,0.0314,0.000761,0.31,0.245,110.011,419500,r&b,2016,0
22,0.654,0.873,-10.818,0.0637,0.000977,0.0105,0.152,0.317,118.239,285307,r&b,1991,0
67,0.345,0.676,-6.268,0.099,0.232,2.77e-05,0.246,0.584,83.329,211707,r&b,2019,0
1,0.642,0.698,-6.907,0.0256,0.616,0.0,0.187,0.628,111.96,244000,r&b,2018,0
36,0.628,0.783,-6.351,0.248,0.159,0.000155,0.103,0.53,88.702,245027,r&b,2007,0
37,0.706,0.682,-12.378,0.0561,0.0322,9.34e-05,0.27,0.706,96.068,344600,r&b,1988,0
26,0.66,0.584,-6.503,0.116,0.381,1.9e-06,0.217,0.238,87.048,253080,r&b,2008,0
54,0.623,0.824,-8.971,0.0479,0.0195,0.13,0.0491,0.574,111.356,279933,r&b,2020,0
77,0.786,0.733,-4.961,0.127,0.0257,0.0,0.143,0.358,101.046,202653,r&b,2019,0
77,0.876,0.519,-6.531,0.143,0.202,0.0,0.108,0.158,94.981,175230,r&b,2018,0
33,0.865,0.674,-6.577,0.0502,0.0778,3.06e-06,0.0955,0.625,119.975,202547,r&b,2007,0
80,0.756,0.609,-7.927,0.0544,0.217,0.00474,0.096,0.537,117.023,155720,r&b,2017,0
58,0.827,0.852,-12.052,0.0942,0.115,1.49e-05,0.299,0.635,117.17,298373,r&b,1990,0
71,0.583,0.075,-15.843,0.0726,0.933,1.4e-06,0.111,0.347,108.418,207520,r&b,2019,0
57,0.864,0.483,-5.147,0.363,0.00518,0.0,0.0755,0.428,164.916,177008,r&b,2019,0
5,0.743,0.372,-10.459,0.132,0.194,0.014,0.12,0.575,160.07,326880,r&b,2016,0
24,0.715,0.761,-9.521,0.456,0.286,1.22e-06,0.32,0.832,77.563,169173,r&b,2017,0
30,0.747,0.62,-6.956,0.0608,0.177,0.0,0.0535,0.517,111.545,264400,r&b,2004,0
66,0.805,0.653,-7.076,0.0829,0.109,0.0,0.074,0.417,92.017,173054,r&b,2017,0
47,0.534,0.559,-5.22,0.0358,0.567,0.0,0.111,0.746,69.878,176040,r&b,2013,0
47,0.771,0.786,-7.324,0.0648,0.00677,0.901,0.705,0.19,119.961,268080,r&b,2016,0
37,0.936,0.397,-12.391,0.45,0.00165,0.0,0.104,0.464,136.02,148123,r&b,2019,0
21,0.719,0.784,-5.474,0.084,0.102,0.0,0.142,0.684,96.536,239547,r&b,1994,0
0,0.817,0.478,-7.32,0.119,0.315,0.0399,0.294,0.347,126.951,303133,r&b,1997,0
1,0.717,0.273,-12.887,0.0647,0.574,0.0,0.163,0.657,132.494,321000,r&b,2000,0
58,0.348,0.263,-8.531,0.0516,0.835,0.654,0.129,0.12,74.517,236000,r&b,2020,0
46,0.778,0.636,-6.539,0.129,0.501,4.25e-05,0.106,0.52,98.008,245426,r&b,2020,0
1,0.747,0.732,-8.233,0.119,0.0905,0.0,0.0552,0.782,82.101,224467,r&b,2001,0
57,0.878,0.676,-5.198,0.255,0.257,0.0,0.101,0.534,140.013,231194,r&b,2017,0
47,0.748,0.372,-7.577,0.173,0.439,0.0,0.366,0.547,95.033,251427,r&b,2000,0
68,0.944,0.613,-5.999,0.291,0.00818,0.0,0.0893,0.328,120.102,170156,r&b,2019,0
2,0.618,0.585,-8.649,0.0362,0.395,0.0,0.288,0.66,79.98,245160,r&b,2009,0
4,0.345,0.327,-14.856,0.061,0.938,0.000378,0.136,0.722,163.377,270361,r&b,2017,0
7,0.485,0.301,-14.518,0.0336,0.755,8.14e-06,0.104,0.416,180.598,166573,r&b,2007,0
24,0.803,0.759,-9.357,0.0513,0.144,0.303,0.231,0.957,119.068,344307,r&b,2007,0
60,0.54,0.674,-8.734,0.0296,0.0978,0.156,0.147,0.165,95.036,195107,r&b,2017,0
1,0.292,0.567,-4.191,0.0416,0.112,1.01e-06,0.119,0.392,153.199,120627,r&b,2016,0
0,0.676,0.495,-10.504,0.03,0.0127,0.000992,0.0792,0.91,125.434,270307,r&b,2014,0
43,0.44,0.121,-12.865,0.0354,0.898,0.0,0.0981,0.248,146.177,137547,r&b,2006,0
28,0.405,0.508,-9.028,0.0596,0.258,0.0479,0.142,0.371,74.701,292885,r&b,2018,0
9,0.699,0.479,-7.83,0.0919,0.00433,9.58e-05,0.0435,0.462,102.959,204727,r&b,2018,0
25,0.785,0.341,-10.32,0.0366,0.353,5.41e-06,0.118,0.69,111.874,160933,r&b,2013,0
60,0.512,0.544,-7.953,0.226,0.356,0.0159,0.169,0.616,99.927,205027,r&b,2019,0
2,0.864,0.844,-9.354,0.0433,0.206,0.000603,0.344,0.887,122.644,252640,r&b,1995,0
32,0.744,0.385,-10.23,0.0474,0.589,0.0245,0.111,0.83,78.494,234640,r&b,1997,0
33,0.681,0.587,-5.419,0.0316,0.369,1.04e-06,0.11,0.759,98.669,205095,r&b,2017,0
55,0.754,0.376,-7.561,0.204,0.404,0.0,0.358,0.554,95.018,251427,r&b,2000,0
62,0.77,0.86,-3.702,0.19,0.0159,0.000713,0.0682,0.547,96.428,281907,r&b,2001,0
51,0.633,0.42,-11.784,0.0352,0.737,0.0,0.0727,0.482,137.693,236147,r&b,2020,0
51,0.61,0.676,-6.521,0.132,0.158,0.0,0.0961,0.464,90.028,250081,r&b,2019,0
58,0.749,0.679,-5.889,0.238,0.0177,9.33e-06,0.406,0.672,85.04,293667,r&b,1996,0
1,0.645,0.622,-8.215,0.0456,0.182,0.753,0.0769,0.377,87.036,268171,r&b,2014,0
88,0.708,0.186,-8.953,0.0422,0.868,0.0,0.0779,0.321,72.541,156107,r&b,2019,0
26,0.508,0.682,-5.381,0.0489,0.0217,0.0,0.343,0.309,127.93,196348,r&b,2020,0
40,0.852,0.664,-5.179,0.123,0.12,0.00113,0.0737,0.148,95.815,212044,r&b,2016,0
61,0.678,0.871,-4.781,0.0342,0.0587,0.249,0.0928,0.28,117.029,285973,r&b,2010,0
75,0.733,0.678,-7.771,0.438,0.121,0.0,0.344,0.841,175.985,142000,r&b,2018,0
73,0.549,0.413,-5.587,0.0362,0.756,0.0,0.0939,0.29,139.981,225920,r&b,2019,0
38,0.79,0.594,-9.831,0.0604,0.308,0.00111,0.114,0.547,122.929,182800,r&b,2017,0
47,0.585,0.036,-14.145,0.0418,0.859,3.34e-06,0.0908,0.433,151.223,198760,r&b,1961,0
39,0.632,0.469,-8.856,0.0705,0.198,3.91e-05,0.143,0.446,83.001,149250,r&b,2019,0
50,0.717,0.561,-7.898,0.245,0.567,0.0,0.439,0.673,93.116,225933,r&b,1995,0
63,0.642,0.527,-9.444,0.0534,0.808,4.28e-05,0.154,0.566,133.062,261291,r&b,2019,0
98,0.896,0.586,-6.687,0.0559,0.104,0.0,0.79,0.642,116.971,196653,r&b,2019,0
50,0.468,0.149,-13.976,0.0363,0.464,0.000276,0.152,0.124,97.965,430000,r&b,2000,0
81,0.827,0.469,-9.141,0.341,0.0807,8.12e-06,0.207,0.196,97.028,238321,r&b,2019,0
1,0.866,0.63,-4.795,0.172,0.0199,0.0,0.036,0.75,82.044,257640,r&b,2006,0
74,0.591,0.815,-4.725,0.0366,0.168,8.68e-06,0.142,0.306,118.024,198689,r&b,2019,0
74,0.398,0.316,-7.031,0.0368,0.805,0.0,0.295,0.174,118.582,253342,r&b,2015,0
71,0.531,0.269,-10.6,0.0406,0.866,0.0,0.116,0.52,84.186,229557,r&b,2018,0
0,0.865,0.535,-9.379,0.242,0.155,0.239,0.11,0.867,98.223,225227,r&b,1999,0
74,0.736,0.795,-3.299,0.0545,0.498,1.21e-06,0.254,0.511,104.066,230813,r&b,2017,0
14,0.73,0.552,-8.177,0.146,0.18,6.14e-05,0.224,0.613,168.091,289173,r&b,2002,0
22,0.828,0.641,-7.675,0.22,0.101,0.0,0.068,0.842,95.244,242360,r&b,2005,0
30,0.716,0.836,-4.802,0.144,0.134,0.0,0.159,0.315,86.635,246133,r&b,2010,0
50,0.312,0.562,-6.495,0.0298,0.123,0.173,0.136,0.514,185.725,215693,r&b,2016,0
99,0.621,0.601,-5.616,0.148,0.0522,0.0,0.46,0.457,116.735,163636,r&b,2019,0
23,0.686,0.408,-10.814,0.0365,0.2,7.29e-05,0.314,0.382,59.989,206936,r&b,2020,0
4,0.42,0.6,-9.655,0.198,0.00804,0.0,0.155,0.466,176.083,234627,r&b,2008,0
45,0.377,0.284,-9.74,0.0368,0.678,4.14e-05,0.0988,0.168,95.381,254640,r&b,2008,0
26,0.551,0.292,-15.494,0.0383,0.0802,0.0,0.0811,0.582,78.158,196067,r&b,1988,0
75,0.804,0.702,-6.553,0.072,0.0582,0.0,0.11,0.575,122.027,165246,r&b,2019,0
53,0.765,0.831,-6.522,0.0565,0.0894,0.0,0.393,0.809,100.026,293106,r&b,1992,0
73,0.536,0.901,-7.211,0.0374,0.00145,0.0186,0.06,0.666,87.559,276880,r&b,1981,0
48,0.672,0.846,-5.21,0.236,0.354,2.21e-05,0.143,0.388,96.973,188660,r&b,2019,0
3,0.706,0.326,-10.45,0.116,0.538,8.06e-06,0.179,0.705,145.976,318067,r&b,2001,0
0,0.394,0.256,-16.528,0.056,0.885,0.000133,0.249,0.22,204.527,228160,r&b,1976,0
0,0.87,0.92,-2.858,0.0538,0.00819,0.000838,0.083,0.852,99.123,266493,r&b,1994,0
58,0.753,0.635,-7.244,0.248,0.0607,0.0,0.0914,0.313,123.892,187013,r&b,2017,0
36,0.348,0.866,-4.369,0.345,0.0644,0.0,0.111,0.542,160.15,134076,r&b,2020,0
50,0.339,0.273,-9.945,0.0309,0.729,0.0,0.152,0.304,96.804,251467,r&b,2002,0
72,0.676,0.869,-4.689,0.132,0.00134,6.77e-05,0.0692,0.271,114.991,169681,r&b,2019,0
57,0.744,0.697,-14.753,0.0631,0.039,0.0,0.171,0.683,119.955,258200,r&b,1991,0
67,0.396,0.496,-11.728,0.0356,0.833,0.00534,0.0996,0.679,165.647,256653,r&b,1997,0
0,0.688,0.799,-7.434,0.0381,0.00784,0.0,0.0647,0.592,101.904,270333,r&b,2005,0
2,0.55,0.451,-11.754,0.0363,0.00957,0.0228,0.0712,0.247,117.951,379227,r&b,2016,0
30,0.782,0.326,-12.198,0.0754,0.0585,8.69e-06,0.132,0.197,123.94,193548,r&b,2019,0
63,0.514,0.632,-6.305,0.0501,0.208,0.0132,0.115,0.31,94.569,233818,r&b,2012,0
27,0.777,0.801,-5.588,0.0568,0.00354,2.06e-06,0.0927,0.287,93.001,211584,r&b,2019,0
26,0.557,0.573,-6.005,0.286,0.623,0.00433,0.104,0.328,160.215,205500,r&b,2017,0
4,0.809,0.422,-11.005,0.325,0.236,0.000185,0.114,0.56,166.006,207597,r&b,2014,0
76,0.326,0.685,-5.576,0.179,0.503,0.0,0.427,0.409,86.882,312000,r&b,2017,0
43,0.628,0.496,-6.003,0.0492,0.174,0.0,0.106,0.203,76.655,276667,r&b,2002,0
53,0.54,0.168,-11.772,0.0654,0.25,0.0284,0.258,0.16,97.798,192042,r&b,2017,0
12,0.643,0.871,-2.734,0.118,0.491,0.0,0.29,0.452,121.569,185187,r&b,2006,0
0,0.685,0.853,-7.075,0.0568,0.0335,0.0211,0.0636,0.968,114.905,235013,r&b,2006,0
45,0.836,0.385,-8.559,0.0883,0.226,0.00761,0.11,0.347,114.046,252632,r&b,2015,0
77,0.843,0.805,-5.946,0.269,0.142,0.0,0.0771,0.615,94.946,270507,r&b,2000,0
56,0.696,0.404,-10.662,0.0417,0.155,0.0119,0.228,0.116,120.057,182027,r&b,2019,0
65,0.653,0.668,-8.183,0.0881,0.00116,0.00269,0.0731,0.711,160.048,257187,r&b,2011,0
61,0.198,0.162,-15.815,0.0343,0.926,0.00896,0.135,0.0527,70.453,185523,r&b,2017,0
35,0.508,0.502,-5.125,0.0322,0.705,4.68e-05,0.145,0.49,136.409,162040,r&b,2013,0
43,0.681,0.534,-7.319,0.0325,0.364,0.0,0.0735,0.343,120.101,273533,r&b,2001,0
9,0.535,0.558,-8.134,0.055,0.23,0.0,0.0935,0.489,155.638,402093,r&b,2010,0
1,0.7,0.423,-7.149,0.0306,0.0292,0.0291,0.0825,0.429,86.289,284213,r&b,2004,0
0,0.796,0.755,-6.906,0.0447,0.0759,0.0,0.0749,0.556,111.492,278773,r&b,2008,0
15,0.745,0.359,-10.429,0.112,0.192,0.00628,0.138,0.55,160.123,326933,r&b,2016,0
24,0.369,0.244,-13.133,0.0301,0.0996,0.000132,0.584,0.508,171.747,153507,r&b,2020,0
0,0.897,0.606,-7.605,0.178,0.0171,1.93e-05,0.0756,0.588,92.709,239227,r&b,1995,0
75,0.859,0.619,-9.434,0.121,0.137,0.0,0.0933,0.631,132.01,221818,r&b,2019,0
79,0.752,0.505,-7.621,0.253,0.535,2.55e-06,0.104,0.419,91.97,197437,r&b,2018,0
0,0.464,0.24,-12.213,0.0456,0.941,0.000137,0.322,0.287,90.972,198120,r&b,2020,0
60,0.733,0.521,-3.657,0.0457,0.107,0.0,0.0692,0.525,112.913,294693,r&b,2002,0
58,0.665,0.389,-6.709,0.441,0.745,0.000982,0.326,0.521,89.962,210001,r&b,2011,0
20,0.235,0.386,-8.93,0.028,0.572,0.0,0.0863,0.0956,78.757,225861,r&b,2015,0
10,0.594,0.839,-5.467,0.333,0.0582,0.0,0.136,0.577,87.014,250987,r&b,2006,0
82,0.561,0.0848,-15.099,0.0404,0.913,2.62e-05,0.112,0.206,102.128,219147,r&b,2019,0
55,0.723,0.464,-8.446,0.0409,0.0236,0.0,0.189,0.531,137.983,187600,r&b,2019,0
43,0.663,0.302,-9.154,0.4,0.395,2.72e-06,0.12,0.626,176.107,204387,r&b,2019,0
60,0.894,0.307,-8.941,0.115,0.173,0.0,0.0831,0.48,120.001,242000,r&b,2019,0
66,0.638,0.708,-5.342,0.0754,0.0973,0.0,0.177,0.606,84.978,201627,r&b,2017,0
66,0.739,0.852,-7.323,0.0453,0.51,0.123,0.157,0.903,102.014,197559,r&b,2019,0
4,0.741,0.31,-8.705,0.213,0.686,0.0,0.224,0.582,80.991,264093,r&b,2020,0
55,0.71,0.545,-9.599,0.0588,0.483,0.0,0.0644,0.632,140.233,216333,r&b,1995,0
91,0.843,0.391,-7.899,0.0845,0.181,0.0,0.137,0.496,129.972,160627,r&b,2019,0
51,0.653,0.733,-5.893,0.0557,0.00114,1.96e-06,0.108,0.042,157.961,194430,r&b,2019,0
5,0.697,0.251,-13.628,0.039,0.572,0.00394,0.122,0.555,72.95,187242,r&b,2019,0
98,0.764,0.32,-7.209,0.0546,0.837,0.0,0.0822,0.575,91.019,189486,r&b,2019,0
0,0.717,0.819,-3.195,0.104,0.149,0.0,0.191,0.588,101.011,229693,r&b,1994,0
52,0.489,0.757,-4.062,0.0926,0.00981,0.0,0.234,0.567,168.004,267160,r&b,2020,0
51,0.718,0.477,-9.278,0.027,0.105,0.0,0.0964,0.382,109.99,248400,r&b,1998,0
68,0.536,0.721,-6.44,0.386,0.062,0.0,0.824,0.393,117.139,191942,r&b,2016,0
26,0.654,0.555,-8.554,0.0569,0.107,0.0,0.358,0.644,161.613,192093,r&b,2007,0
11,0.384,0.529,-9.251,0.0595,0.525,5.42e-06,0.0772,0.504,86.066,200933,r&b,2011,0
56,0.732,0.789,-3.717,0.0476,0.0459,3.11e-05,0.123,0.607,107.978,160760,r&b,2016,0
46,0.62,0.282,-10.533,0.0464,0.694,0.0,0.119,0.193,124.609,211205,r&b,2018,0
70,0.834,0.668,-7.069,0.0949,0.0517,0.0,0.044,0.755,95.996,177813,r&b,2019,0
0,0.889,0.768,-9.148,0.131,0.128,0.0,0.0769,0.808,104.653,241480,r&b,1994,0
37,0.2,0.943,-8.217,0.0544,0.0125,0.0,0.139,0.778,203.243,313800,r&b,1977,0
62,0.835,0.481,-7.188,0.387,0.0308,0.000501,0.0896,0.34,139.581,201000,r&b,2011,0
0,0.786,0.372,-17.765,0.0536,0.19,5.9e-06,0.129,0.685,102.237,249667,r&b,1993,0
0,0.646,0.837,-9.621,0.0456,0.078,0.768,0.0597,0.781,131.054,435508,r&b,2012,0
38,0.745,0.891,-9.464,0.0746,0.0867,0.0,0.124,0.654,106.641,262333,r&b,2020,0
58,0.441,0.267,-9.64,0.0583,0.921,1.73e-05,0.121,0.324,77.558,214012,r&b,2017,0
67,0.618,0.552,-6.863,0.0981,0.176,0.0,0.252,0.586,81.975,242773,r&b,2020,0
34,0.722,0.423,-5.711,0.0566,0.0161,2.11e-06,0.0603,0.353,136.039,240133,r&b,1998,0
57,0.592,0.764,-4.139,0.0641,0.644,0.0,0.0783,0.153,82.099,225720,r&b,2018,0
11,0.688,0.7,-6.295,0.0757,0.73,0.0,0.727,0.876,119.117,142547,r&b,2020,0
81,0.827,0.469,-9.141,0.341,0.0807,8.12e-06,0.207,0.196,97.028,238321,r&b,2019,0
3,0.678,0.894,-7.147,0.0617,0.126,6.26e-06,0.0802,0.799,107.886,252107,r&b,1993,0
13,0.854,0.692,-6.625,0.0479,0.0668,0.0,0.247,0.753,101.865,291782,r&b,2000,0
55,0.856,0.693,-4.956,0.0649,0.103,0.0,0.071,0.133,133.039,219040,r&b,2019,0
48,0.353,0.354,-13.448,0.0575,0.797,0.0,0.582,0.71,90.563,167413,r&b,2004,0
39,0.627,0.498,-8.174,0.0298,0.548,0.000734,0.1,0.641,107.251,215320,r&b,2018,0
53,0.709,0.704,-6.021,0.0486,0.363,0.0,0.344,0.451,102.003,275400,r&b,2011,0
49,0.491,0.253,-15.562,0.0928,0.955,0.0008,0.168,0.422,84.33,170455,r&b,2019,0
0,0.563,0.706,-7.924,0.0501,0.124,3.79e-06,0.229,0.584,170.038,257987,r&b,2014,0
53,0.804,0.789,-7.578,0.192,0.0533,0.0,0.0875,0.756,83.962,194385,r&b,2019,0
0,0.604,0.631,-8.006,0.312,0.417,0.0,0.118,0.53,79.094,181427,r&b,2009,0
68,0.866,0.73,-8.201,0.0767,0.137,0.0,0.0843,0.625,118.523,379267,r&b,1982,0
46,0.813,0.412,-8.356,0.205,0.561,0.00477,0.107,0.427,90.807,223773,r&b,2013,0
10,0.867,0.73,-6.605,0.0496,0.45,0.0143,0.0817,0.917,132.57,346133,r&b,2020,0
46,0.69,0.567,-10.875,0.311,0.599,9.2e-05,0.116,0.609,96.002,328573,r&b,2008,0
20,0.729,0.728,-5.436,0.267,0.0275,1.97e-06,0.131,0.553,80.646,241000,r&b,2005,0
0,0.726,0.45,-6.555,0.0909,0.632,8.06e-05,0.278,0.679,81.789,214387,r&b,2005,0
8,0.639,0.674,-11.007,0.0768,0.158,0.0,0.304,0.844,139.218,226853,r&b,2008,0
48,0.625,0.685,-6.705,0.33,0.371,0.0708,0.236,0.834,116.937,204253,r&b,2019,0
79,0.7,0.748,-6.044,0.0434,0.127,0.0,0.0941,0.631,111.939,182920,r&b,2019,0
16,0.661,0.714,-5.644,0.0628,0.0208,0.0,0.286,0.79,75.025,310413,r&b,2001,0
0,0.702,0.89,-4.901,0.035,0.00462,0.228,0.0968,0.468,110.24,263440,r&b,2006,0
13,0.756,0.731,-6.237,0.105,0.0327,0.241,0.151,0.775,95.058,276627,r&b,2008,0
14,0.591,0.596,-6.38,0.0278,0.141,0.0,0.11,0.333,111.009,205473,r&b,2019,0
71,0.404,0.43,-12.327,0.224,0.538,0.0,0.0802,0.641,180.061,148053,r&b,1969,0
6,0.924,0.714,-5.502,0.282,0.00479,4.56e-06,0.172,0.601,90.468,149893,r&b,2019,0
4,0.837,0.302,-14.141,0.0993,0.556,0.0143,0.0756,0.167,147.978,207720,r&b,2011,0
46,0.668,0.42,-9.187,0.034,0.72,0.0,0.0837,0.781,124.051,193558,r&b,2019,0
30,0.827,0.596,-13.486,0.0559,0.0744,0.0266,0.0768,0.899,118.73,249440,r&b,1987,0
5,0.512,0.581,-9.151,0.263,0.302,6.67e-05,0.474,0.717,77.656,112587,r&b,2020,0
59,0.653,0.468,-12.101,0.0572,0.0504,7.9e-05,0.372,0.199,96.931,185172,r&b,2019,0
63,0.634,0.496,-6.077,0.292,0.333,0.0,0.13,0.546,119.627,241747,r&b,2019,0
86,0.498,0.235,-16.541,0.188,0.72,0.0,0.144,0.0895,118.917,179080,r&b,2018,0
25,0.661,0.61,-9.119,0.0957,0.0494,0.000251,0.0725,0.828,78.035,189267,r&b,1994,0
57,0.665,0.59,-6.831,0.0257,0.358,0.628,0.564,0.577,110.069,308680,r&b,2010,0
52,0.687,0.651,-5.36,0.0853,0.147,0.0,0.305,0.661,99.994,182680,r&b,2017,0
35,0.771,0.662,-13.227,0.056,0.000199,1.23e-05,0.279,0.511,102.824,445573,r&b,1988,0
67,0.784,0.645,-7.325,0.402,0.00936,0.000132,0.117,0.59,109.978,226720,r&b,2019,0
34,0.754,0.436,-10.023,0.0905,0.246,0.0,0.204,0.647,87.04,281960,r&b,2001,0
76,0.71,0.0565,-15.099,0.0534,0.965,0.0,0.0889,0.348,123.994,275280,r&b,2015,0
71,0.761,0.554,-4.583,0.0432,0.226,0.000232,0.181,0.381,145.015,188505,r&b,2019,0
85,0.689,0.516,-5.857,0.0444,0.513,0.0,0.163,0.209,124.876,190920,r&b,2018,0
11,0.529,0.783,-6.143,0.0388,0.0359,0.0,0.174,0.493,140.026,225360,r&b,2019,0
67,0.581,0.452,-9.558,0.15,0.206,0.00329,0.0881,0.523,75.046,173653,r&b,2019,0
35,0.451,0.699,-6.169,0.306,0.195,0.0,0.0958,0.627,98.453,253200,r&b,2019,0
31,0.248,0.33,-14.419,0.0396,0.14,0.0191,0.918,0.0456,73.627,262724,r&b,2014,0
32,0.412,0.815,-8.788,0.161,0.524,7.97e-05,0.991,0.43,127.035,278854,r&b,2014,0
52,0.523,0.482,-6.646,0.0245,0.612,0.0103,0.264,0.283,79.581,210628,r&b,2011,0
49,0.753,0.704,-5.562,0.0843,0.259,0.143,0.103,0.8,93.951,91465,r&b,2017,0
60,0.733,0.521,-3.657,0.0457,0.107,0.0,0.0692,0.525,112.913,294693,r&b,2002,0
35,0.68,0.941,-7.509,0.0374,0.484,7.43e-05,0.0656,0.823,110.264,247160,r&b,2020,0
32,0.744,0.385,-10.23,0.0474,0.589,0.0245,0.111,0.83,78.494,234640,r&b,1997,0
43,0.311,0.192,-14.745,0.0389,0.344,0.0,0.0619,0.397,75.018,144933,r&b,1996,0
39,0.763,0.385,-8.215,0.0429,0.0305,0.0805,0.13,0.304,76.985,205595,r&b,2017,0
46,0.646,0.699,-8.122,0.0669,0.0397,3.15e-05,0.154,0.53,91.44,323133,r&b,1992,0
32,0.387,0.44,-11.158,0.0337,0.519,0.0152,0.0909,0.386,165.238,481080,r&b,2008,0
1,0.803,0.522,-5.971,0.111,0.0232,0.0,0.108,0.189,127.943,214667,r&b,2013,0
39,0.579,0.834,-5.668,0.0561,0.00313,4.25e-05,0.18,0.424,92.059,280840,r&b,2012,0
35,0.55,0.305,-12.922,0.037,0.681,0.00302,0.0954,0.205,139.933,212467,r&b,2016,0
25,0.7,0.638,-5.98,0.0634,0.141,0.0,0.0691,0.593,95.949,254507,r&b,2014,0
29,0.539,0.729,-4.513,0.284,0.451,0.0,0.123,0.857,93.96,144333,r&b,2019,0
66,0.566,0.664,-9.081,0.0281,0.0928,0.305,0.0903,0.764,91.117,298760,r&b,2015,0
75,0.721,0.339,-11.195,0.0532,0.409,0.00153,0.0973,0.2,129.83,200747,r&b,2012,0
0,0.793,0.755,-7.215,0.0757,0.00997,1.89e-06,0.426,0.621,111.817,306338,r&b,2009,0
58,0.796,0.729,-6.94,0.0488,0.082,0.0,0.302,0.578,111.496,278760,r&b,2006,0
59,0.463,0.282,-12.075,0.0424,0.884,0.000158,0.0983,0.244,106.952,204249,r&b,2019,0
66,0.663,0.38,-7.462,0.0473,0.501,0.0,0.169,0.476,80.077,215467,r&b,2018,0
51,0.655,0.477,-9.616,0.0421,0.029,0.000221,0.0518,0.642,92.097,238013,r&b,1988,0
36,0.629,0.518,-13.237,0.0352,0.00662,0.0,0.0534,0.632,92.042,297520,r&b,1993,0
32,0.571,0.698,-6.786,0.109,0.0839,0.00319,0.127,0.909,132.215,320027,r&b,1993,0
3,0.75,0.667,-6.785,0.186,0.136,2.11e-05,0.19,0.865,173.086,308240,r&b,2008,0
25,0.507,0.578,-12.99,0.0529,0.549,3.13e-05,0.899,0.915,150.198,151067,r&b,1991,0
14,0.593,0.619,-9.003,0.0976,0.118,0.0,0.484,0.668,80.02,326533,r&b,1998,0
50,0.795,0.386,-10.093,0.157,0.59,2.65e-06,0.0923,0.196,98.969,329693,r&b,2019,0
77,0.714,0.686,-6.333,0.0445,0.203,7.76e-06,0.102,0.828,127.015,231653,r&b,2019,0
49,0.868,0.357,-10.594,0.12,0.649,6.59e-05,0.0767,0.77,140.04,149080,r&b,2016,0
61,0.619,0.521,-8.092,0.0744,0.26,0.000542,0.101,0.254,139.886,418507,r&b,2012,0
5,0.716,0.487,-5.827,0.0808,0.0349,1.79e-06,0.0766,0.461,100.047,249573,r&b,2006,0
64,0.645,0.753,-4.929,0.122,0.00613,0.0,0.0685,0.498,115.792,179689,r&b,2017,0
4,0.719,0.829,-9.128,0.119,0.0117,1.68e-06,0.144,0.706,93.922,258240,r&b,2006,0
66,0.658,0.711,-7.424,0.0425,0.0759,1.77e-05,0.0446,0.614,172.365,284587,r&b,2020,0
32,0.633,0.632,-8.493,0.0338,0.0546,0.000602,0.55,0.523,141.947,177305,r&b,2019,0
36,0.597,0.28,-10.396,0.0593,0.803,0.0,0.089,0.528,77.565,258093,r&b,2007,0
49,0.698,0.897,-4.425,0.171,0.654,0.0,0.121,0.858,75.003,171176,r&b,2019,0
54,0.639,0.907,-7.85,0.0409,0.0128,0.328,0.704,0.696,97.019,234333,r&b,2016,0
1,0.744,0.447,-11.014,0.0273,0.686,0.0482,0.154,0.702,100.96,215632,r&b,2015,0
0,0.784,0.812,-7.944,0.258,0.166,3.16e-06,0.443,0.395,115.064,163826,r&b,2014,0
75,0.823,0.556,-5.883,0.118,0.34,0.00121,0.084,0.879,142.0,189867,r&b,2019,0
57,0.909,0.414,-7.337,0.0514,0.166,2.49e-05,0.109,0.761,139.963,172445,r&b,2018,0
86,0.837,0.364,-11.713,0.276,0.149,0.0,0.271,0.463,123.984,213594,r&b,2019,0
34,0.546,0.678,-5.685,0.0432,0.175,0.0,0.761,0.455,116.922,243080,r&b,2015,0
71,0.627,0.527,-7.012,0.0294,0.0219,0.0,0.16,0.293,119.995,219435,r&b,2019,0
52,0.533,0.434,-5.473,0.0315,0.867,3.73e-06,0.107,0.247,78.463,211736,r&b,2019,0
25,0.828,0.476,-6.089,0.097,0.796,3.14e-05,0.111,0.541,98.941,242424,r&b,2019,0
52,0.819,0.428,-9.883,0.317,0.128,0.00151,0.211,0.454,87.9,307440,r&b,2012,0
9,0.636,0.448,-12.243,0.0284,0.103,8.63e-06,0.119,0.351,133.821,238293,r&b,2000,0
5,0.742,0.668,-5.449,0.129,0.178,2.07e-06,0.107,0.604,92.019,269867,r&b,2003,0
31,0.557,0.517,-6.777,0.0254,0.387,0.0928,0.0776,0.485,122.383,360933,r&b,2006,0
40,0.806,0.552,-6.411,0.112,0.0269,0.000684,0.1,0.8,94.04,308907,r&b,1996,0
42,0.797,0.453,-10.412,0.0473,0.381,0.0,0.156,0.475,146.045,167733,r&b,2019,0
62,0.699,0.492,-9.449,0.0318,0.484,0.0,0.0482,0.388,117.907,264773,r&b,2020,0
19,0.784,0.732,-4.353,0.268,0.0474,0.0,0.23,0.615,127.023,185000,r&b,2016,0
22,0.697,0.974,-5.317,0.596,0.123,0.0,0.0673,0.464,124.1,174194,r&b,2017,0
59,0.588,0.522,-6.254,0.0383,0.233,0.0,0.24,0.584,66.024,290600,r&b,1998,0
16,0.688,0.543,-7.225,0.0284,0.00365,0.153,0.541,0.721,148.019,290533,r&b,1999,0
0,0.782,0.751,-7.807,0.0491,0.0791,0.018,0.0769,0.79,105.04,300440,r&b,1992,0
35,0.733,0.65,-11.793,0.0694,0.0288,0.0432,0.0558,0.811,100.567,264840,r&b,1988,0
82,0.85,0.569,-8.152,0.136,0.0609,0.0816,0.1,0.294,80.02,205040,r&b,2018,0
3,0.578,0.438,-11.483,0.0696,0.737,0.00877,0.0965,0.79,89.083,225094,r&b,2008,0
84,0.63,0.804,-4.183,0.0363,0.215,0.0,0.253,0.492,123.146,220293,r&b,2016,0
38,0.549,0.491,-9.537,0.127,0.111,1.46e-05,0.0564,0.728,203.818,221987,r&b,2005,0
14,0.666,0.723,-6.164,0.268,0.0109,0.00047,0.0507,0.739,192.024,210893,r&b,2020,0
16,0.64,0.574,-8.886,0.153,0.516,5.98e-06,0.0925,0.655,149.973,217773,r&b,2014,0
2,0.451,0.512,-10.616,0.0563,0.903,0.824,0.141,0.584,97.145,284200,r&b,2006,0
45,0.581,0.577,-7.8,0.0374,0.0361,4.81e-05,0.246,0.15,89.517,201536,r&b,2019,0
76,0.653,0.816,-4.353,0.167,0.228,0.0,0.0967,0.816,178.086,228827,r&b,2017,0
58,0.769,0.836,-4.15,0.244,0.0618,0.0,0.182,0.651,88.978,237720,r&b,2020,0
0,0.272,0.363,-6.164,0.0316,0.924,0.0,0.0989,0.425,179.782,195627,r&b,2008,0
56,0.697,0.409,-11.238,0.0369,0.685,2.83e-05,0.114,0.542,124.382,251133,r&b,1993,0
60,0.633,0.621,-11.494,0.0313,0.042,0.0172,0.186,0.593,113.325,276000,r&b,1975,0
52,0.777,0.67,-6.59,0.0484,0.177,0.0,0.247,0.946,127.961,188583,r&b,2015,0
59,0.688,0.425,-8.134,0.027,0.748,0.00548,0.101,0.179,129.975,144000,r&b,2015,0
74,0.585,0.62,-8.09,0.0327,0.0426,0.00224,0.15,0.281,101.939,172227,r&b,2019,0
27,0.794,0.525,-6.582,0.161,0.198,3.68e-06,0.124,0.265,160.119,196320,r&b,2019,0
40,0.853,0.566,-6.223,0.49,0.286,2.6e-06,0.0874,0.531,155.109,130142,r&b,2019,0
88,0.585,0.52,-6.136,0.0712,0.124,7.01e-05,0.131,0.129,159.801,218147,r&b,2018,0
19,0.764,0.826,-5.993,0.119,0.201,0.0,0.405,0.849,104.986,224235,r&b,2017,0
71,0.461,0.653,-8.617,0.327,0.158,0.0,0.197,0.588,81.628,322000,r&b,2017,0
42,0.599,0.548,-9.906,0.0608,0.249,0.000933,0.271,0.81,101.641,149880,r&b,2007,0
18,0.745,0.356,-10.425,0.0941,0.172,0.00943,0.123,0.607,160.033,326933,r&b,2016,0
63,0.769,0.781,-5.472,0.0797,0.119,0.000371,0.0506,0.826,95.02,269973,r&b,1992,0
39,0.677,0.63,-4.778,0.05,0.102,0.0,0.0554,0.625,72.954,288600,r&b,1996,0
71,0.461,0.653,-8.617,0.327,0.158,0.0,0.197,0.588,81.628,322000,r&b,2017,0
48,0.6,0.617,-6.383,0.0255,0.755,0.624,0.151,0.354,110.024,192550,r&b,2018,0
24,0.706,0.71,-11.686,0.0292,0.014,0.15,0.0886,0.961,102.065,271600,r&b,1992,0
83,0.762,0.7,-6.021,0.0694,0.00261,1.56e-05,0.153,0.608,116.073,209320,r&b,2017,0
45,0.649,0.445,-7.13,0.029,0.134,7.42e-06,0.116,0.335,123.767,281867,r&b,2001,0
1,0.658,0.659,-5.937,0.0513,0.211,0.0,0.13,0.91,122.886,170635,r&b,2019,0
26,0.802,0.577,-4.483,0.0545,0.0241,0.0,0.165,0.544,130.652,218013,r&b,2011,0
11,0.787,0.473,-9.034,0.0371,0.25,1.28e-05,0.114,0.697,125.114,199872,r&b,2020,0
41,0.641,0.62,-5.886,0.0372,0.327,1.66e-06,0.186,0.702,175.924,213267,r&b,2008,0
6,0.656,0.716,-5.266,0.0376,0.165,2.65e-06,0.157,0.512,87.978,225293,r&b,2006,0
61,0.714,0.343,-7.641,0.38,0.723,5.48e-06,0.102,0.372,72.348,221940,r&b,2016,0
27,0.717,0.581,-13.927,0.0458,0.0526,0.000665,0.0723,0.902,107.184,293733,r&b,1988,0
80,0.765,0.356,-5.556,0.196,0.222,0.0,0.0963,0.19,97.001,198293,r&b,2015,0
49,0.437,0.792,-6.792,0.0354,0.0574,1.46e-06,0.22,0.402,83.961,266470,r&b,2015,0
55,0.65,0.418,-12.363,0.0451,0.467,0.000108,0.101,0.265,127.206,233857,r&b,2017,0
48,0.712,0.605,-6.45,0.142,0.132,0.0,0.131,0.511,94.953,214490,r&b,2019,0
24,0.695,0.383,-9.988,0.0416,0.632,1.35e-05,0.101,0.6,81.127,298347,r&b,2004,0
67,0.508,0.521,-6.749,0.0377,0.411,0.0,0.104,0.459,81.995,204978,r&b,2019,0
4,0.633,0.459,-7.462,0.0446,0.355,1.3e-05,0.0715,0.255,60.603,275797,r&b,2016,0
65,0.929,0.572,-6.928,0.0506,0.017,0.00353,0.122,0.288,128.014,237231,r&b,2017,0
1,0.873,0.563,-8.172,0.0623,0.0367,0.00141,0.0945,0.851,101.315,250667,r&b,1994,0
20,0.702,0.908,-5.518,0.335,0.0276,0.00387,0.222,0.645,122.037,206557,r&b,2017,0
49,0.695,0.762,-3.497,0.0395,0.192,0.00244,0.0863,0.553,120.042,215280,r&b,2019,0
2,0.628,0.523,-7.246,0.192,0.61,0.00609,0.12,0.356,112.864,191595,r&b,2015,0
60,0.675,0.82,-5.261,0.0398,0.161,1.14e-06,0.425,0.51,109.08,209018,r&b,2019,0
66,0.532,0.407,-9.658,0.0233,0.235,0.0,0.117,0.23,83.207,259853,r&b,1994,0
48,0.541,0.701,-7.287,0.102,0.0761,0.0,0.0763,0.334,80.057,266533,r&b,1998,0
7,0.838,0.367,-11.833,0.0396,0.176,0.0,0.0861,0.961,95.508,244386,r&b,2010,0
34,0.575,0.497,-8.592,0.0449,0.0943,2.98e-05,0.0948,0.423,93.625,227510,r&b,2017,0
32,0.632,0.655,-10.853,0.0657,0.297,0.0,0.103,0.535,154.004,320027,r&b,1989,0
19,0.623,0.722,-8.492,0.0501,0.0211,0.000534,0.171,0.726,166.046,312227,r&b,2001,0
79,0.901,0.522,-8.304,0.33,0.0114,0.0,0.259,0.329,104.053,127947,r&b,2018,0
43,0.772,0.514,-11.961,0.0754,0.148,0.906,0.0934,0.103,118.015,490000,r&b,2017,0
76,0.943,0.664,-5.952,0.106,0.235,5.84e-06,0.112,0.93,120.051,156893,r&b,2019,0
0,0.778,0.829,-8.882,0.054,0.00013,6.7e-06,0.207,0.744,102.396,408333,r&b,1988,0
62,0.856,0.904,-4.804,0.139,0.0253,3.16e-05,0.0537,0.855,99.247,246533,r&b,1996,0
36,0.54,0.832,-4.964,0.298,0.61,0.0,0.179,0.843,88.551,196362,r&b,2016,0
26,0.906,0.382,-13.632,0.282,0.0782,3.21e-05,0.113,0.63,126.073,338533,r&b,1991,0
52,0.736,0.666,-4.929,0.0337,0.0593,3.82e-05,0.107,0.224,89.824,226760,r&b,2000,0
47,0.758,0.596,-11.406,0.0504,0.0605,0.0,0.288,0.645,110.608,288800,r&b,1988,0
78,0.854,0.712,-5.325,0.0945,0.0436,0.0,0.338,0.601,89.975,246653,r&b,2019,0
53,0.702,0.297,-9.76,0.0445,0.724,3.06e-06,0.124,0.123,141.193,323920,r&b,2004,0
59,0.64,0.548,-6.965,0.147,0.543,3.1e-06,0.303,0.181,148.077,212495,r&b,2017,0
69,0.831,0.921,-2.383,0.0581,0.153,0.00213,0.305,0.794,108.002,239227,r&b,1991,0
43,0.73,0.731,-3.438,0.0279,0.278,0.0,0.258,0.649,131.396,216546,r&b,1994,0
40,0.391,0.711,-5.317,0.0402,0.00314,0.0,0.158,0.276,147.592,405040,r&b,2017,0
36,0.651,0.113,-16.092,0.041,0.937,5.54e-06,0.0998,0.497,99.942,209067,r&b,2008,0
76,0.776,0.5,-4.788,0.0979,0.0537,0.0,0.344,0.491,92.027,190435,r&b,2019,0
61,0.621,0.481,-8.016,0.0371,0.0984,0.0,0.241,0.679,65.004,256133,r&b,1993,0
12,0.767,0.883,-7.444,0.179,0.026,0.00232,0.315,0.663,111.984,226453,r&b,1998,0
2,0.589,0.547,-10.599,0.0321,0.721,0.119,0.0852,0.599,176.904,253347,r&b,2013,0
20,0.479,0.796,-4.652,0.202,0.00779,0.0,0.333,0.51,131.998,230227,r&b,2014,0
26,0.514,0.686,-4.991,0.207,0.0104,0.0,0.273,0.524,81.328,250521,r&b,2016,0
53,0.778,0.707,-3.606,0.0746,0.0459,0.0,0.111,0.458,126.684,190355,r&b,2017,0
3,0.457,0.649,-15.602,0.0628,0.000505,0.00309,0.145,0.521,208.057,279373,r&b,2020,0
33,0.61,0.665,-6.926,0.0314,0.238,0.00785,0.0928,0.549,91.976,224773,r&b,2012,0
52,0.34,0.336,-7.288,0.0289,0.765,0.000114,0.126,0.0932,142.631,234053,r&b,1985,0
62,0.866,0.399,-10.938,0.0745,0.117,0.0,0.0689,0.713,129.047,223256,r&b,2019,0
60,0.764,0.525,-5.969,0.048,0.0296,0.0,0.0993,0.787,95.813,289413,r&b,1996,0
0,0.778,0.628,-8.858,0.278,0.0311,0.0,0.15,0.835,97.908,190387,r&b,2003,0
0,0.661,0.815,-5.407,0.0497,0.106,4.39e-05,0.0863,0.702,141.997,224453,r&b,2013,0
73,0.655,0.722,-4.726,0.048,0.556,0.0,0.133,0.298,90.099,208208,r&b,2020,0
47,0.497,0.614,-8.758,0.0738,0.029,0.0,0.59,0.497,168.245,297400,r&b,2015,0
81,0.693,0.575,-6.998,0.0801,0.374,0.0,0.252,0.492,117.999,211362,r&b,2018,0
42,0.887,0.539,-9.857,0.265,0.00942,0.0,0.166,0.56,82.024,326040,rap,1993,0
49,0.8,0.827,-2.534,0.224,0.0405,0.0,0.113,0.719,177.08,179848,rap,2019,0
18,0.64,0.83,-4.631,0.396,0.106,0.0,0.103,0.653,169.891,184886,rap,2013,0
59,0.727,0.653,-4.735,0.038,0.0895,0.0,0.0936,0.0389,140.107,169719,rap,2019,0
68,0.667,0.661,-6.857,0.254,0.0395,0.0,0.108,0.101,93.373,178027,rap,2019,0
51,0.771,0.397,-14.158,0.0589,0.707,0.944,0.112,0.914,137.833,97625,rap,2018,0
44,0.756,0.71,-6.499,0.107,0.423,1.16e-05,0.1,0.46,117.064,182564,rap,2019,0
42,0.532,0.629,-7.955,0.371,0.26,0.0,0.478,0.545,94.03,188893,rap,2011,0
52,0.716,0.236,-10.73,0.0579,0.741,0.923,0.145,0.541,79.983,132000,rap,2019,0
71,0.747,0.705,-5.137,0.126,0.0128,0.0,0.126,0.56,136.024,213507,rap,2014,0
68,0.636,0.901,-7.094,0.118,0.119,0.0,0.391,0.836,162.994,165908,rap,2011,0
74,0.66,0.809,-4.837,0.156,0.0921,0.0,0.16,0.547,133.922,187822,rap,2019,0
57,0.497,0.925,-4.489,0.0745,0.00523,0.781,0.222,0.262,139.961,207827,rap,2018,0
37,0.785,0.535,-6.686,0.0445,0.14,0.0,0.11,0.229,135.058,162704,rap,2018,0
44,0.611,0.478,-13.737,0.145,0.316,0.0,0.0677,0.742,171.288,420960,rap,1988,0
57,0.605,0.829,-2.377,0.444,0.0392,0.0,0.196,0.708,176.103,278533,rap,2004,0
36,0.643,0.707,-4.05,0.407,0.0278,0.0,0.286,0.646,174.179,236016,rap,2016,0
53,0.551,0.839,-2.461,0.0578,0.0241,0.00391,0.0874,0.314,141.976,290704,rap,2016,0
64,0.589,0.826,-4.577,0.0776,0.0663,0.000735,0.367,0.215,117.099,240508,rap,2017,0
30,0.841,0.653,-7.875,0.137,0.0403,0.000257,0.143,0.37,127.013,139842,rap,2018,0
56,0.85,0.492,-6.767,0.163,0.0394,0.0,0.149,0.233,79.942,204000,rap,2019,0
50,0.633,0.879,-3.456,0.141,0.00453,0.0,0.822,0.416,151.51,293680,rap,2005,0
23,0.774,0.474,-8.953,0.29,0.134,1.49e-05,0.233,0.0893,85.016,117176,rap,2019,0
73,0.782,0.436,-7.033,0.155,0.331,1.3e-05,0.342,0.243,82.994,268933,rap,2017,0
21,0.806,0.836,-5.696,0.251,0.0557,0.0,0.132,0.923,146.068,294760,rap,2020,0
51,0.896,0.517,-12.813,0.143,0.00596,0.364,0.124,0.285,98.472,240493,rap,1985,0
51,0.674,0.915,-3.719,0.0424,0.389,0.803,0.103,0.28,150.011,204852,rap,2018,0
0,0.604,0.812,-4.463,0.144,0.0872,0.0,0.255,0.362,81.563,314560,rap,2009,0
58,0.687,0.597,-10.741,0.374,0.0314,0.0,0.0348,0.804,169.691,265533,rap,1996,0
24,0.759,0.604,-7.217,0.0962,0.101,0.0,0.136,0.472,84.991,189257,rap,2015,0
52,0.517,0.3,-13.716,0.0435,0.693,0.664,0.0664,0.174,122.996,196098,rap,2018,0
57,0.595,0.285,-14.36,0.0371,0.973,0.946,0.146,0.305,130.021,118154,rap,2019,0
63,0.796,0.387,-6.549,0.0913,0.663,0.00387,0.108,0.835,84.005,236001,rap,2019,0
52,0.88,0.693,-5.201,0.332,0.0599,0.0,0.248,0.767,75.603,233707,rap,2020,0
0,0.65,0.496,-10.311,0.189,0.0185,0.0,0.138,0.382,166.002,196994,rap,2019,0
43,0.841,0.628,-7.773,0.085,0.00165,0.0445,0.276,0.556,102.008,246333,rap,1998,0
46,0.731,0.696,-6.28,0.141,0.63,5.61e-06,0.103,0.482,156.056,109207,rap,2019,0
51,0.739,0.354,-13.433,0.141,0.484,4.25e-05,0.118,0.576,98.958,213333,rap,2019,0
30,0.783,0.653,-7.889,0.166,0.105,0.0,0.201,0.783,84.161,282800,rap,1998,0
31,0.753,0.88,-4.241,0.327,0.165,0.0,0.0948,0.23,98.006,166531,rap,2017,0
36,0.783,0.836,-4.039,0.0793,0.0208,0.342,0.207,0.687,150.017,224000,rap,2019,0
89,0.729,0.726,-3.208,0.0422,0.223,0.0,0.101,0.876,92.025,217130,rap,2019,0
68,0.59,0.672,-11.792,0.412,0.125,1.04e-06,0.147,0.688,206.247,286440,rap,1993,0
3,0.797,0.88,-2.534,0.04,0.0813,0.0,0.272,0.779,144.925,238379,rap,2017,0
72,0.457,0.899,-2.591,0.132,0.0019,0.0,0.831,0.298,147.268,215510,rap,2016,0
41,0.686,0.969,-4.46,0.344,0.214,8.2e-06,0.337,0.789,155.003,199995,rap,2015,0
62,0.9,0.781,-5.452,0.159,0.108,0.0,0.0513,0.79,135.025,165150,rap,2019,0
20,0.532,0.62,-3.8,0.0549,0.041,0.0,0.182,0.256,134.427,200458,rap,2020,0
0,0.772,0.84,-4.48,0.103,0.0218,0.0,0.288,0.613,129.928,192459,rap,2017,0
64,0.796,0.561,-6.654,0.337,0.157,0.0,0.0894,0.42,129.915,180924,rap,2019,0
53,0.669,0.245,-13.548,0.0438,0.813,0.903,0.0835,0.394,109.488,115135,rap,2019,0
50,0.477,0.13,-14.846,0.131,0.776,0.94,0.142,0.45,148.643,109674,rap,2018,0
47,0.788,0.864,-5.767,0.0335,0.0956,0.0,0.335,0.665,133.295,238467,rap,2005,0
44,0.654,0.917,-5.249,0.32,0.187,2.05e-06,0.0821,0.447,93.1,315893,rap,2010,0
0,0.694,0.923,-1.963,0.0642,0.182,0.0,0.201,0.431,89.022,207787,rap,2007,0
50,0.163,0.843,-4.175,0.0561,0.00107,0.0,0.279,0.616,167.872,189770,rap,2016,0
69,0.783,0.483,-8.963,0.127,0.212,0.0,0.185,0.299,100.036,158400,rap,2019,0
51,0.533,0.37,-12.646,0.0583,0.8,0.945,0.103,0.326,204.637,98888,rap,2019,0
78,0.656,0.661,-5.888,0.0602,0.0686,0.0,0.125,0.509,140.956,223045,rap,2019,0
0,0.511,0.79,-6.592,0.449,0.319,0.0,0.265,0.456,170.903,319907,rap,2009,0
10,0.682,0.813,-4.549,0.443,0.0665,0.0,0.136,0.435,165.439,265025,rap,2013,0
56,0.722,0.234,-13.737,0.134,0.801,0.845,0.0955,0.492,63.245,67798,rap,2019,0
40,0.583,0.847,-9.945,0.298,0.0675,1.17e-05,0.206,0.443,155.478,191067,rap,2020,0
56,0.497,0.848,-4.304,0.374,0.342,0.00491,0.411,0.479,86.397,191267,rap,2017,0
17,0.731,0.518,-8.423,0.304,0.549,0.0,0.149,0.503,130.081,167750,rap,2019,0
19,0.867,0.684,-8.815,0.276,0.0615,0.0,0.29,0.695,96.997,214040,rap,1998,0
28,0.513,0.756,-5.449,0.0372,0.305,0.0,0.0481,0.511,177.678,222173,rap,2019,0
0,0.899,0.397,-6.845,0.269,0.192,0.0,0.156,0.602,99.951,332560,rap,2020,0
49,0.629,0.277,-14.958,0.0783,0.628,0.94,0.0851,0.0398,131.03,117868,rap,2018,0
50,0.715,0.567,-7.537,0.132,0.264,0.0,0.0902,0.507,131.95,218182,rap,2019,0
53,0.92,0.363,-11.92,0.0933,0.028,0.0118,0.0854,0.558,120.002,165747,rap,2019,0
32,0.842,0.547,-8.49,0.179,0.31,0.00157,0.0945,0.435,89.989,167750,rap,2019,0
49,0.784,0.52,-7.185,0.0564,0.24,0.000748,0.0674,0.436,157.921,173176,rap,2019,0
60,0.905,0.387,-14.539,0.0938,0.414,0.00522,0.115,0.212,116.988,147692,rap,2018,0
8,0.601,0.422,-13.364,0.518,0.21,0.0,0.0839,0.563,132.456,226987,rap,2020,0
38,0.845,0.73,-5.377,0.0356,0.275,0.0,0.135,0.864,107.011,325253,rap,2009,0
59,0.784,0.922,-3.92,0.152,0.141,3.48e-06,0.377,0.836,94.082,250213,rap,2018,0
8,0.427,0.844,-4.597,0.427,0.578,0.0,0.284,0.716,85.346,193733,rap,2004,0
35,0.642,0.886,-2.856,0.324,0.162,0.000573,0.183,0.468,94.693,226867,rap,2009,0
70,0.645,0.487,-8.584,0.352,0.121,0.0,0.0931,0.618,88.893,140319,rap,2019,0
23,0.577,0.581,-11.265,0.214,0.321,1.53e-05,0.545,0.592,102.173,243529,rap,2016,0
57,0.471,0.342,-12.588,0.371,0.822,0.602,0.224,0.406,174.746,114483,rap,2019,0
66,0.784,0.543,-9.769,0.272,0.0588,5.32e-05,0.255,0.451,108.982,150200,rap,2019,0
57,0.777,0.764,-5.682,0.14,0.243,0.0,0.103,0.174,177.868,270867,rap,2001,0
71,0.879,0.58,-4.797,0.0883,0.00626,0.0433,0.0653,0.312,92.004,211304,rap,2018,0
63,0.887,0.627,-6.989,0.254,0.136,0.00288,0.0914,0.53,80.025,123038,rap,2018,0
69,0.69,0.639,-5.914,0.0753,0.469,0.0,0.104,0.0684,141.987,189987,rap,2020,0
47,0.845,0.744,-4.886,0.277,0.194,0.0,0.549,0.645,91.693,228040,rap,2020,0
4,0.728,0.694,-5.07,0.161,0.281,0.0,0.118,0.74,143.078,206307,rap,2015,0
69,0.886,0.525,-7.39,0.132,0.236,0.0,0.057,0.708,145.99,225205,rap,2016,0
45,0.799,0.923,-6.108,0.119,0.0366,1.33e-05,0.41,0.776,109.964,290667,rap,2000,0
73,0.643,0.573,-7.034,0.0709,0.41,0.00017,0.0695,0.47,165.192,259747,rap,2019,0
60,0.574,0.576,-8.267,0.0446,0.0579,0.00147,0.208,0.287,145.094,254897,rap,2015,0
47,0.874,0.391,-15.11,0.112,0.229,0.764,0.338,0.502,98.88,262333,rap,1993,0
9,0.686,0.695,-6.087,0.174,0.44,6.37e-06,0.314,0.541,140.25,178264,rap,2019,0
0,0.806,0.626,-8.825,0.0617,0.00268,0.0227,0.135,0.172,126.042,242666,rap,2016,0
54,0.449,0.325,-8.762,0.0336,0.808,0.711,0.518,0.0575,82.788,127229,rap,2019,0
56,0.686,0.83,-5.202,0.277,0.0831,0.0,0.335,0.758,162.149,139134,rap,2019,0
68,0.86,0.697,-4.727,0.0718,0.102,0.0,0.159,0.586,129.978,268794,rap,2019,0
36,0.753,0.514,-12.235,0.26,0.0612,0.0,0.292,0.563,166.015,287600,rap,2020,0
68,0.8,0.505,-6.54,0.115,0.0206,2.05e-05,0.198,0.179,114.972,128418,rap,2016,0
76,0.728,0.607,-8.417,0.132,0.133,0.0,0.0864,0.445,129.938,176702,rap,2017,0
39,0.854,0.598,-7.265,0.413,0.0432,0.0,0.0946,0.705,164.065,201951,rap,2019,0
35,0.49,0.939,-6.004,0.0419,0.00123,0.0501,0.179,0.533,159.983,145554,rap,2019,0
38,0.535,0.473,-14.876,0.0533,0.0166,0.0,0.0459,0.817,163.926,461946,rap,2020,0
55,0.715,0.785,-4.973,0.0996,0.509,0.0,0.169,0.504,121.077,144640,rap,2018,0
52,0.808,0.771,-3.359,0.145,0.121,0.0,0.0561,0.727,91.046,179958,rap,2019,0
67,0.709,0.589,-7.776,0.0433,0.0507,0.0,0.0585,0.58,133.922,278067,rap,2014,0
60,0.856,0.572,-8.429,0.373,0.0136,1.55e-06,0.121,0.454,82.445,228438,rap,2017,0
53,0.283,0.782,-6.243,0.122,0.0189,0.0238,0.0994,0.0807,150.306,202400,rap,2019,0
53,0.575,0.825,-2.096,0.064,0.00468,0.00229,0.14,0.107,116.042,243103,rap,2019,0
46,0.666,0.577,-10.658,0.0687,0.017,0.869,0.129,0.207,148.107,143293,rap,2019,0
28,0.734,0.527,-7.05,0.102,0.0155,0.0,0.141,0.338,82.978,167579,rap,2019,0
50,0.484,0.855,-4.852,0.321,0.00269,0.000157,0.276,0.619,130.554,204133,rap,2013,0
54,0.735,0.933,-2.151,0.0788,0.0185,0.0108,0.1,0.116,129.988,281538,rap,2017,0
56,0.422,0.641,-4.947,0.323,0.422,0.0,0.317,0.654,187.027,260276,rap,2013,0
12,0.9,0.653,-6.962,0.289,0.0945,0.0,0.528,0.399,112.503,145603,rap,2018,0
30,0.87,0.76,-3.899,0.0678,0.0484,2.44e-06,0.373,0.926,100.004,281787,rap,2003,0
40,0.84,0.888,-4.78,0.262,0.34,0.0,0.303,0.648,98.532,236640,rap,2020,0
58,0.47,0.83,-5.35,0.115,0.00474,0.0,0.339,0.587,90.967,218187,rap,2020,0
49,0.846,0.548,-9.875,0.605,0.415,0.0,0.286,0.751,138.02,313427,rap,1996,0
60,0.834,0.456,-11.683,0.369,0.365,0.0,0.132,0.704,97.655,213677,rap,2019,0
22,0.801,0.807,-5.913,0.15,0.0817,4.41e-06,0.0652,0.859,95.99,244467,rap,1999,0
23,0.574,0.772,-6.173,0.443,0.254,0.0,0.141,0.576,174.17,180125,rap,2017,0
57,0.939,0.486,-3.488,0.207,0.172,0.0,0.264,0.517,97.582,206547,rap,1999,0
49,0.721,0.678,-3.703,0.258,0.00521,0.0,0.153,0.712,160.023,241373,rap,2002,0
70,0.897,0.612,-10.489,0.211,0.0297,0.186,0.0894,0.767,102.305,208267,rap,1993,0
2,0.653,0.77,-6.091,0.0353,0.00342,0.0,0.0887,0.272,137.616,321293,rap,2008,0
85,0.787,0.713,-5.252,0.401,0.0849,0.0,0.717,0.762,175.041,148759,rap,2019,0
74,0.68,0.687,-6.162,0.0709,0.0161,0.0,0.261,0.467,150.053,249533,rap,2008,0
34,0.526,0.912,-5.816,0.0848,0.129,8.02e-06,0.328,0.339,145.043,177103,rap,2020,0
0,0.802,0.692,-6.722,0.236,0.209,0.0,0.0865,0.879,170.05,417254,rap,2016,0
63,0.923,0.473,-8.641,0.407,0.151,0.0,0.0978,0.531,100.018,136800,rap,2019,0
57,0.944,0.839,-4.141,0.108,0.00919,0.0,0.0921,0.892,136.019,261973,rap,2000,0
63,0.728,0.628,-8.83,0.319,0.351,0.0,0.198,0.313,94.128,182267,rap,2016,0
55,0.492,0.336,-11.989,0.203,0.793,0.91,0.104,0.158,75.278,97266,rap,2018,0
86,0.639,0.791,-4.443,0.253,0.0275,0.0,0.362,0.939,92.603,222347,rap,2019,0
45,0.689,0.658,-7.532,0.0767,0.154,0.0,0.499,0.608,149.991,310133,rap,1995,0
69,0.929,0.547,-6.491,0.143,0.199,1.11e-06,0.337,0.933,141.97,207957,rap,2019,0
33,0.783,0.438,-12.123,0.173,0.00318,0.000235,0.0508,0.781,89.921,282067,rap,2015,0
51,0.337,0.19,-17.009,0.161,0.929,0.852,0.193,0.0674,79.744,147000,rap,2019,0
88,0.882,0.602,-5.554,0.245,0.0177,0.0,0.178,0.43,142.959,183011,rap,2019,0
36,0.7,0.886,-4.95,0.324,0.0084,0.0,0.0904,0.53,167.863,253400,rap,2004,0
45,0.701,0.682,-11.993,0.205,0.0285,0.00319,0.332,0.267,100.029,211168,rap,2019,0
45,0.737,0.625,-8.067,0.0297,0.00873,0.0,0.628,0.504,113.934,221053,rap,2016,0
52,0.715,0.349,-10.519,0.251,0.732,0.715,0.0725,0.406,85.302,101295,rap,2019,0
53,0.622,0.771,-6.973,0.351,0.368,2.42e-05,0.236,0.788,90.214,197251,rap,2019,0
38,0.449,0.645,-4.784,0.0366,0.00956,0.00846,0.107,0.0589,109.846,207442,rap,2016,0
25,0.62,0.552,-8.819,0.37,0.0421,3.02e-06,0.613,0.623,87.781,279160,rap,1998,0
67,0.654,0.637,-6.915,0.293,0.158,1.28e-05,0.338,0.364,81.947,309800,rap,1996,0
44,0.729,0.827,-8.71,0.161,0.16,0.938,0.0794,0.829,81.985,162482,rap,2019,0
0,0.618,0.836,-3.92,0.201,0.111,0.0,0.149,0.705,143.865,260613,rap,2020,0
37,0.861,0.637,-5.692,0.24,0.0515,3.35e-06,0.0967,0.474,98.044,228654,rap,2018,0
29,0.788,0.757,-4.584,0.116,0.0306,0.0,0.133,0.505,82.699,156405,rap,2020,0
37,0.717,0.69,-7.71,0.0325,0.493,3.37e-06,0.075,0.887,100.979,307067,rap,2011,0
15,0.604,0.897,-3.678,0.0641,0.00041,0.838,0.327,0.588,102.053,194490,rap,2018,0
64,0.689,0.657,-3.632,0.0394,0.127,0.0,0.166,0.234,77.509,188832,rap,2017,0
31,0.785,0.752,-5.216,0.26,0.039,0.0,0.114,0.588,95.944,213469,rap,2014,0
53,0.649,0.772,-5.332,0.133,0.717,0.00305,0.103,0.0294,109.973,219749,rap,2017,0
37,0.732,0.763,-2.006,0.205,0.775,0.0,0.136,0.542,82.985,200853,rap,2010,0
2,0.809,0.801,-5.461,0.407,0.0408,0.0,0.353,0.744,81.94,201960,rap,2014,0
52,0.602,0.437,-10.426,0.0281,2.22e-06,0.804,0.351,0.298,90.039,144250,rap,2019,0
42,0.663,0.606,-7.552,0.203,0.579,0.0,0.217,0.613,79.721,325373,rap,1996,0
51,0.837,0.819,-5.245,0.211,0.000507,0.0,0.323,0.643,149.918,167400,rap,1999,0
0,0.57,0.731,-4.62,0.317,0.00373,0.000119,0.0364,0.361,199.891,206320,rap,2016,0
39,0.756,0.365,-14.252,0.348,0.151,0.000338,0.222,0.64,159.882,357440,rap,1992,0
56,0.853,0.688,-6.509,0.296,0.0118,0.0,0.151,0.565,150.012,166693,rap,2017,0
35,0.611,0.723,-5.325,0.264,0.00854,0.0,0.557,0.493,160.094,264400,rap,2020,0
68,0.748,0.733,-4.421,0.072,0.0062,0.0,0.329,0.291,93.019,312240,rap,2015,0
56,0.71,0.486,-6.221,0.251,0.0641,0.0,0.112,0.17,133.284,226733,rap,2015,0
70,0.718,0.776,-5.418,0.24,0.112,0.00243,0.144,0.41,91.158,145085,rap,2019,0
57,0.555,0.639,-5.16,0.263,0.0594,0.0,0.118,0.184,171.609,270747,rap,2004,0
1,0.75,0.849,-5.389,0.276,0.124,0.0,0.0978,0.284,89.003,182040,rap,2015,0
17,0.592,0.849,-5.185,0.346,0.185,0.0,0.179,0.725,79.776,172698,rap,2012,0
55,0.697,0.943,-4.954,0.175,0.00269,0.0,0.0773,0.754,99.468,212853,rap,2020,0
59,0.784,0.346,-12.193,0.0645,0.226,0.899,0.0869,0.379,145.553,148454,rap,2019,0
59,0.906,0.595,-6.345,0.444,0.0203,0.0,0.211,0.666,134.951,175653,rap,2020,0
24,0.606,0.789,-3.865,0.0817,0.00213,6.12e-06,0.501,0.844,167.977,190533,rap,2006,0
0,0.865,0.844,-4.946,0.311,0.0582,0.0,0.373,0.755,150.09,205120,rap,2004,0
45,0.742,0.513,-7.399,0.0409,0.447,0.0,0.118,0.106,115.994,281638,rap,2019,0
46,0.793,0.441,-8.718,0.124,0.455,0.213,0.101,0.461,144.496,103059,rap,2019,0
49,0.738,0.596,-7.222,0.149,0.00416,5.08e-05,0.15,0.255,118.922,181577,rap,2016,0
62,0.886,0.232,-9.919,0.4,0.247,0.906,0.114,0.661,130.015,166154,rap,2018,0
60,0.678,0.516,-4.601,0.444,0.0523,0.0,0.13,0.11,133.939,245920,rap,2019,0
55,0.736,0.292,-18.504,0.131,0.765,0.802,0.428,0.236,85.011,102048,rap,2020,0
58,0.443,0.41,-10.891,0.0899,0.688,0.877,0.105,0.261,82.17,128120,rap,2019,0
57,0.901,0.795,-4.197,0.261,0.0368,0.0,0.0933,0.825,149.98,105621,rap,2019,0
53,0.484,0.254,-7.54,0.274,0.658,0.909,0.121,0.705,148.463,115200,rap,2018,0
3,0.724,0.692,-6.75,0.324,0.0397,0.00477,0.314,0.532,96.937,237707,rap,2005,0
48,0.734,0.708,-7.417,0.0589,0.246,0.0,0.166,0.278,110.035,133091,rap,2019,0
46,0.774,0.625,-8.522,0.245,0.191,0.0,0.327,0.675,158.065,184972,rap,2018,0
47,0.551,0.697,-6.411,0.308,0.231,0.0,0.253,0.81,89.161,88000,rap,2019,0
14,0.772,0.551,-6.896,0.0906,0.0433,0.0,0.149,0.269,91.048,214086,rap,2013,0
0,0.893,0.437,-10.518,0.122,0.0227,1.35e-06,0.602,0.405,104.443,261427,rap,2020,0
43,0.566,0.644,-3.82,0.406,0.805,0.0,0.103,0.601,83.632,147250,rap,2019,0
39,0.784,0.925,-2.51,0.0883,0.00269,0.0,0.345,0.208,149.98,128052,rap,2017,0
72,0.431,0.894,-2.673,0.33,0.0951,0.0,0.188,0.604,162.193,258760,rap,2010,0
51,0.457,0.67,-4.859,0.0815,0.276,4.81e-06,0.105,0.267,150.093,201600,rap,2019,0
72,0.883,0.668,-2.957,0.113,0.11,0.000529,0.0734,0.676,87.972,226533,rap,2019,0
82,0.823,0.476,-8.951,0.242,0.0115,0.0,0.213,0.353,144.998,174067,rap,2019,0
48,0.41,0.814,-6.563,0.102,0.0129,0.000326,0.0782,0.471,139.939,156643,rap,2019,0
40,0.59,0.988,-2.039,0.0834,0.00481,0.605,0.28,0.28,150.963,224503,rap,2019,0
36,0.797,0.668,-8.648,0.226,0.0134,0.0,0.216,0.325,156.026,205720,rap,1998,0
44,0.694,0.493,-8.698,0.0439,0.654,0.00287,0.338,0.4,83.975,254758,rap,2020,0
47,0.393,0.266,-15.228,0.0634,0.606,0.926,0.11,0.493,75.523,126340,rap,2018,0
30,0.718,0.819,-3.364,0.0356,0.258,1.35e-06,0.168,0.929,97.036,353547,rap,2008,0
26,0.458,0.683,-10.029,0.415,0.0449,0.0,0.104,0.389,77.959,209480,rap,2010,0
72,0.649,0.538,-9.793,0.0918,0.0483,0.401,0.0928,0.355,160.075,150000,rap,2017,0
60,0.795,0.779,-5.413,0.177,0.109,1.44e-05,0.0836,0.783,95.045,211787,rap,2019,0
53,0.868,0.444,-7.122,0.301,0.059,0.0,0.0727,0.395,159.973,153347,rap,2016,0
39,0.779,0.777,-5.608,0.0416,0.308,0.0,0.14,0.391,100.971,173511,rap,2017,0
76,0.84,0.62,-6.91,0.129,0.0584,0.0,0.0988,0.511,98.076,188401,rap,2019,0
62,0.79,0.728,-9.221,0.391,0.366,0.0,0.112,0.403,96.978,265493,rap,1999,0
61,0.632,0.696,-4.77,0.0557,0.36,1.75e-05,0.338,0.666,155.941,186923,rap,2019,0
58,0.805,0.253,-10.066,0.412,0.294,0.0,0.0841,0.712,120.29,240000,rap,2018,0
52,0.754,0.575,-8.269,0.0541,0.0939,3.06e-06,0.192,0.167,109.012,140808,rap,2018,0
81,0.757,0.673,-8.513,0.141,0.095,0.0,0.338,0.574,92.958,185806,rap,2019,0
30,0.931,0.39,-6.134,0.0594,0.159,0.0,0.0812,0.806,96.006,300440,rap,2016,0
85,0.889,0.496,-6.365,0.0905,0.259,0.0,0.252,0.544,86.003,180522,rap,2018,0
54,0.811,0.35,-11.318,0.0439,0.406,0.907,0.105,0.634,118.001,136525,rap,2019,0
2,0.521,0.652,-5.773,0.03,0.00244,0.000135,0.292,0.566,175.926,171818,rap,2015,0
51,0.797,0.563,-14.138,0.123,0.119,0.323,0.0969,0.687,108.369,172267,rap,1991,0
67,0.772,0.765,-4.576,0.066,0.0961,0.0,0.107,0.392,143.979,280646,rap,2019,0
2,0.779,0.591,-7.056,0.04,0.315,6.63e-05,0.129,0.414,119.961,220500,rap,2018,0
7,0.901,0.464,-9.789,0.0645,0.368,1.71e-05,0.238,0.638,109.004,203267,rap,2018,0
27,0.708,0.653,-5.141,0.305,0.0744,0.000208,0.176,0.369,97.131,172301,rap,2018,0
92,0.474,0.631,-5.884,0.343,0.0687,0.0,0.132,0.425,180.051,189323,rap,2019,0
41,0.754,0.575,-8.22,0.366,0.0977,0.0,0.474,0.561,180.389,272834,rap,1996,0
74,0.835,0.413,-9.81,0.396,0.373,0.00133,0.101,0.111,149.004,258880,rap,2016,0
64,0.828,0.352,-6.665,0.0602,0.338,0.0,0.0981,0.349,115.938,233813,rap,2018,0
85,0.889,0.496,-6.365,0.0905,0.259,0.0,0.252,0.544,86.003,180522,rap,2018,0
76,0.745,0.646,-6.987,0.17,0.157,0.0,0.338,0.46,79.993,203908,rap,2017,0
83,0.796,0.586,-6.946,0.147,0.0247,0.0,0.132,0.179,97.981,200107,rap,2019,0
9,0.786,0.728,-5.744,0.344,0.101,0.0,0.0903,0.487,116.934,199480,rap,2015,0
76,0.736,0.74,-2.18,0.0786,0.515,0.0,0.0468,0.803,140.141,221933,rap,2007,0
67,0.512,0.598,-4.959,0.115,0.611,0.0,0.0881,0.345,70.189,213253,rap,2011,0
1,0.534,0.63,-7.048,0.191,0.0915,0.0,0.489,0.484,174.199,190293,rap,2017,0
60,0.473,0.318,-13.997,0.0341,0.679,0.865,0.0844,0.113,89.992,184000,rap,2019,0
42,0.259,0.76,-5.029,0.0709,0.0354,0.0,0.174,0.232,171.777,252000,rap,2019,0
49,0.79,0.509,-7.165,0.242,0.0372,0.0,0.144,0.354,136.958,177314,rap,2019,0
64,0.706,0.607,-10.121,0.314,0.0197,0.0,0.718,0.637,145.957,198975,rap,2019,0
43,0.917,0.239,-11.039,0.201,0.399,0.387,0.0954,0.441,90.007,193608,rap,2018,0
42,0.756,0.928,-5.233,0.138,0.0762,0.0,0.106,0.858,128.075,193345,rap,2019,0
20,0.74,0.526,-9.793,0.0555,0.499,0.000188,0.119,0.464,159.971,184600,rap,2020,0
26,0.727,0.793,-12.555,0.127,0.0924,0.000299,0.313,0.888,93.647,302987,rap,1992,0
61,0.852,0.874,-11.208,0.0427,0.0168,0.45,0.133,0.666,129.029,250627,rap,2002,0
32,0.711,0.419,-6.353,0.145,0.294,0.00013,0.0622,0.592,188.597,252370,rap,2014,0
53,0.737,0.89,-8.443,0.158,0.00556,0.00171,0.0801,0.809,105.848,262800,rap,1992,0
54,0.751,0.786,-7.441,0.383,0.0126,0.0,0.107,0.679,95.989,200840,rap,2001,0
53,0.667,0.209,-13.383,0.0501,0.922,0.932,0.124,0.664,148.152,84371,rap,2018,0
74,0.638,0.924,-3.887,0.0359,0.00205,0.000173,0.149,0.529,111.995,263787,rap,2015,0
64,0.779,0.854,-4.958,0.219,0.0462,0.0,0.21,0.379,91.992,290360,rap,2019,0
24,0.69,0.783,-6.249,0.286,0.0115,0.0,0.155,0.681,176.494,375747,rap,2008,0
37,0.696,0.824,-4.458,0.265,0.565,0.0,0.374,0.686,171.001,301680,rap,2020,0
76,0.548,0.805,-5.732,0.351,0.212,0.000389,0.408,0.648,142.094,216387,rap,2019,0
37,0.756,0.831,-6.881,0.0666,0.0613,0.0,0.121,0.399,105.031,164583,rap,2019,0
70,0.747,0.52,-10.523,0.0357,0.0977,0.0537,0.142,0.601,92.869,232773,rap,1993,0
46,0.824,0.676,-7.548,0.339,0.344,0.0,0.0998,0.817,172.73,201144,rap,2019,0
51,0.857,0.721,-12.702,0.341,0.118,0.0,0.178,0.594,109.806,193200,rap,1990,0
56,0.678,0.355,-10.102,0.0354,0.676,0.17,0.0912,0.158,80.982,183648,rap,2019,0
48,0.813,0.687,-10.178,0.152,0.0562,0.0,0.113,0.733,103.196,237533,rap,2005,0
42,0.741,0.594,-5.949,0.0604,0.118,0.0206,0.14,0.348,84.493,153373,rap,2019,0
56,0.52,0.506,-10.224,0.337,0.564,1.27e-05,0.105,0.326,129.225,264186,rap,2019,0
60,0.656,0.566,-9.501,0.339,0.0125,0.0,0.0655,0.563,137.215,199992,rap,2020,0
26,0.847,0.433,-5.846,0.771,0.116,0.0,0.384,0.587,80.036,244344,rap,2020,0
0,0.348,0.82,-7.605,0.0435,1.66e-06,0.655,0.129,0.235,89.796,325382,rap,1999,0
73,0.814,0.665,-7.87,0.173,0.351,0.00172,0.108,0.326,126.027,265356,rap,2019,0
63,0.915,0.79,-3.186,0.207,0.16,0.0,0.112,0.967,140.095,275907,rap,2000,0
65,0.811,0.726,-6.726,0.323,0.362,1.88e-06,0.121,0.57,150.061,235897,rap,2018,0
47,0.589,0.194,-13.551,0.0974,0.972,0.873,0.0841,0.474,82.123,163500,rap,2018,0
32,0.661,0.752,-6.123,0.0869,0.0214,0.00566,0.258,0.617,93.107,242133,rap,2009,0
0,0.706,0.947,-4.654,0.182,0.0176,0.598,0.0529,0.298,99.976,202933,rap,2016,0
10,0.508,0.687,-4.361,0.326,0.551,3.41e-06,0.126,0.555,180.044,205600,rap,2016,0
75,0.743,0.732,-4.511,0.104,0.0509,1.77e-05,0.227,0.339,123.994,203373,rap,2017,0
89,0.559,0.491,-6.406,0.0346,0.0567,0.0,0.0992,0.114,153.131,244874,rap,2019,0
55,0.589,0.541,-10.087,0.163,0.122,0.00414,0.0882,0.236,133.97,184013,rap,2014,0
50,0.798,0.906,-3.514,0.0936,0.243,0.0,0.202,0.806,103.021,210000,rap,2019,0
41,0.531,0.614,-8.746,0.297,0.627,1.12e-05,0.171,0.636,81.293,180337,rap,2019,0
44,0.538,0.882,-6.098,0.0443,0.0672,0.317,0.143,0.252,159.98,237000,rap,2019,0
30,0.805,0.49,-8.575,0.191,0.0614,0.0,0.101,0.952,95.826,161373,rap,2008,0
0,0.81,0.5,-11.823,0.265,0.00119,0.0,0.114,0.336,90.036,209307,rap,1994,0
24,0.863,0.549,-11.739,0.386,0.02,0.0,0.343,0.772,152.041,296560,rap,1994,0
7,0.853,0.638,-6.368,0.163,0.0164,3.19e-06,0.0276,0.868,100.993,238893,rap,2002,0
60,0.889,0.466,-10.74,0.36,0.0846,7.44e-06,0.384,0.403,100.17,177067,rap,1993,0
0,0.699,0.67,-9.465,0.0561,0.135,0.0,0.138,0.76,95.984,247800,rap,2016,0
64,0.772,0.413,-8.193,0.089,0.0361,0.0,0.111,0.211,131.965,246213,rap,2012,0
46,0.58,0.705,-9.425,0.0374,0.0144,2.72e-05,0.213,0.629,160.986,223552,rap,2017,0
45,0.863,0.368,-12.307,0.0396,0.299,0.000324,0.102,0.445,119.994,192235,rap,2019,0
5,0.644,0.479,-8.352,0.177,0.169,0.0,0.639,0.612,79.929,180680,rap,2013,0
4,0.758,0.774,-4.487,0.389,0.717,0.0,0.123,0.825,80.112,169867,rap,2013,0
34,0.214,0.942,-3.928,0.157,0.000359,0.708,0.0942,0.391,130.433,346117,rap,2005,0
13,0.816,0.818,-6.314,0.184,0.217,0.0,0.138,0.766,143.07,299827,rap,2000,0
63,0.403,0.696,-5.956,0.236,0.00114,0.265,0.0722,0.0696,89.999,272562,rap,2016,0
75,0.671,0.833,-5.152,0.395,0.0825,0.0,0.0726,0.702,79.351,233278,rap,2019,0
3,0.552,0.653,-6.881,0.228,0.329,0.0003,0.202,0.293,93.893,195547,rap,2005,0
44,0.609,0.474,-9.972,0.493,0.177,1.81e-05,0.125,0.422,100.049,159614,rap,2019,0
25,0.603,0.809,-5.582,0.0314,0.000132,0.0322,0.202,0.542,124.01,280867,rap,2009,0
57,0.824,0.427,-8.314,0.182,0.387,0.0,0.0915,0.566,148.008,143020,rap,2018,0
41,0.293,0.928,-4.865,0.095,4.2e-05,0.0325,0.197,0.507,106.113,251973,rap,2006,0
41,0.829,0.539,-7.359,0.208,0.136,1.78e-06,0.103,0.388,99.96,149547,rap,2019,0
0,0.563,0.68,-5.953,0.39,0.236,3.28e-05,0.122,0.0396,180.218,110000,rap,2017,0
75,0.781,0.728,-4.981,0.0621,0.0509,1.94e-06,0.257,0.395,102.99,219306,rap,2015,0
30,0.841,0.629,-10.379,0.274,0.781,0.0,0.116,0.674,119.047,232777,rap,2014,0
42,0.463,0.694,-5.755,0.229,0.257,0.0,0.0734,0.438,184.438,211182,rap,2014,0
79,0.627,0.675,-7.125,0.213,0.125,0.0,0.0784,0.961,79.31,277107,rap,2019,0
63,0.776,0.587,-7.004,0.0604,0.424,1.04e-06,0.201,0.652,140.029,216917,rap,2018,0
35,0.957,0.524,-7.418,0.241,0.00842,0.0,0.122,0.516,105.107,306467,rap,2012,0
49,0.771,0.745,-4.337,0.152,0.0172,0.0,0.0875,0.713,155.967,259733,rap,2003,0
71,0.966,0.563,-5.764,0.0618,0.00202,0.0,0.105,0.363,104.991,173926,rap,2019,0
60,0.873,0.479,-6.683,0.222,0.656,8.13e-06,0.19,0.945,108.014,135013,rap,2019,0
59,0.769,0.867,-2.809,0.166,0.386,0.0,0.126,0.688,130.165,140212,rap,2019,0
44,0.534,0.742,-6.674,0.0973,0.133,0.0,0.587,0.3,154.072,335000,rap,2016,0
50,0.866,0.818,-4.111,0.26,0.0137,0.0,0.132,0.747,103.332,219947,rap,1988,0
63,0.551,0.81,-4.365,0.0344,0.0155,0.0,0.169,0.332,73.464,274333,rap,2006,0
16,0.722,0.708,-5.683,0.324,0.125,0.0,0.329,0.236,76.985,154721,rap,2019,0
75,0.873,0.719,-5.948,0.248,0.03,0.0,0.333,0.858,93.281,307773,rap,1996,0
37,0.53,0.592,-6.781,0.546,0.0841,0.0,0.224,0.0894,84.979,162067,rap,2015,0
46,0.543,0.744,-5.907,0.0306,0.166,0.0,0.146,0.595,136.894,242666,rap,2012,0
1,0.791,0.638,-6.362,0.246,0.153,3.98e-06,0.36,0.393,82.102,312373,rap,1998,0
48,0.552,0.842,-4.961,0.285,0.0176,0.00327,0.258,0.561,89.017,281960,rap,2000,0
69,0.934,0.735,-6.668,0.251,0.031,8.6e-06,0.107,0.768,101.368,273107,rap,1994,0
43,0.894,0.657,-9.086,0.284,0.103,0.0,0.0806,0.906,150.088,169600,rap,2019,0
31,0.559,0.435,-9.524,0.0986,0.206,0.0,0.0661,0.587,165.055,315493,rap,2008,0
82,0.729,0.603,-6.736,0.0666,0.0948,0.0,0.113,0.207,134.972,243976,rap,2019,0
72,0.619,0.67,-10.319,0.0353,0.00165,0.0109,0.331,0.777,129.267,211933,rap,1993,0
29,0.943,0.455,-7.543,0.296,0.152,0.0135,0.0595,0.838,107.94,190840,rap,2014,0
36,0.798,0.579,-5.983,0.537,0.664,0.0,0.109,0.733,124.619,182360,rap,2019,0
45,0.669,0.8,-5.609,0.117,0.358,0.0,0.241,0.179,105.052,170310,rap,2019,0
77,0.692,0.744,-4.565,0.257,0.00868,0.000423,0.359,0.0612,171.374,326467,rap,2005,0
72,0.831,0.814,-7.364,0.42,0.0598,0.0134,0.0556,0.389,156.985,124539,rap,2017,0
13,0.839,0.691,-7.239,0.0492,0.000165,0.000271,0.118,0.246,140.979,299750,rap,2017,0
64,0.863,0.645,-10.297,0.484,0.523,2.28e-05,0.186,0.763,140.009,125205,rap,2019,0
53,0.639,0.559,-6.844,0.0513,0.0781,0.0,0.136,0.103,77.616,241237,rap,2019,0
12,0.461,0.841,-6.748,0.34,0.0141,0.0,0.253,0.599,75.524,190728,rap,2017,0
42,0.562,0.859,-3.29,0.411,0.15,0.146,0.0794,0.397,184.059,240000,rap,2019,0
46,0.728,0.318,-12.446,0.0776,0.182,0.951,0.115,0.909,89.748,93000,rap,2018,0
70,0.763,0.542,-6.753,0.148,0.639,0.0,0.113,0.504,142.031,122113,rap,2019,0
41,0.594,0.857,-6.441,0.0423,0.126,0.729,0.111,0.0581,102.882,195449,rap,2019,0
46,0.495,0.619,-5.989,0.154,0.381,0.014,0.177,0.141,93.513,176229,rap,2019,0
27,0.815,0.741,-3.549,0.127,0.0393,0.0,0.0962,0.251,132.055,89973,rap,2018,0
55,0.694,0.711,-5.525,0.221,0.0397,0.0,0.112,0.283,138.049,127524,rap,2015,0
78,0.849,0.655,-2.899,0.106,0.266,0.0,0.0781,0.76,161.966,264483,rap,2019,0
61,0.654,0.733,-4.127,0.0705,0.59,3.48e-06,0.0751,0.45,140.005,281653,rap,2019,0
68,0.787,0.727,-7.194,0.265,0.000997,0.0017,0.376,0.21,141.52,140038,rap,2017,0
47,0.65,0.661,-7.186,0.266,0.00993,1.11e-05,0.294,0.173,94.914,173600,rap,2016,0
44,0.898,0.624,-7.414,0.334,0.0737,0.0,0.246,0.854,140.034,129035,rap,2020,0
74,0.797,0.802,-4.797,0.118,0.353,0.000733,0.156,0.637,108.048,162173,rap,2019,0
54,0.565,0.673,-6.503,0.0377,0.481,0.415,0.103,0.0461,89.005,148000,rap,2019,0
40,0.715,0.453,-9.738,0.339,0.791,0.0,0.0698,0.465,75.003,254399,rap,2019,0
47,0.495,0.926,-3.333,0.0556,0.0126,0.0,0.263,0.523,155.031,176079,rap,2019,0
18,0.741,0.478,-13.757,0.224,0.00399,0.0211,0.15,0.328,104.206,246360,rap,2020,0
65,0.874,0.714,-6.664,0.129,0.0155,0.0,0.0968,0.541,95.826,265600,rap,1998,0
22,0.547,0.765,-5.795,0.519,0.0128,0.0,0.212,0.417,79.253,306307,rap,2005,0
36,0.57,0.518,-12.438,0.0512,0.261,0.0237,0.187,0.226,132.96,185937,rap,2019,0
57,0.777,0.101,-11.868,0.202,0.604,0.339,0.0881,0.504,82.924,96779,rap,2019,0
49,0.713,0.839,-6.377,0.349,0.00417,0.706,0.106,0.0369,150.004,149230,rap,2016,0
64,0.753,0.652,-5.943,0.0753,0.444,0.0,0.117,0.745,139.962,123560,rap,2019,0
41,0.713,0.389,-8.157,0.0839,0.165,0.637,0.0706,0.217,178.07,167497,rap,2017,0
27,0.876,0.734,-4.361,0.21,0.000812,0.0,0.0515,0.666,143.865,214920,rap,2020,0
47,0.781,0.633,-6.983,0.291,0.0969,0.000984,0.154,0.913,100.414,174800,rap,1999,0
56,0.774,0.65,-6.4,0.25,0.126,2.63e-06,0.122,0.358,84.389,170397,rap,2019,0
68,0.646,0.709,-6.005,0.0381,0.00925,0.000308,0.115,0.281,80.504,159150,rap,2018,0
54,0.561,0.0644,-13.783,0.481,0.197,0.884,0.0932,0.96,130.583,76835,rap,2018,0
1,0.814,0.217,-15.636,0.086,0.785,0.908,0.1,0.722,82.965,68000,rap,2017,0
78,0.867,0.761,-5.1,0.0937,0.336,2.12e-06,0.0654,0.609,122.952,316000,rap,2019,0
63,0.763,0.85,-3.052,0.0417,0.0304,1.21e-06,0.371,0.761,91.519,284907,rap,1998,0
56,0.62,0.349,-11.26,0.107,0.761,0.92,0.127,0.378,78.904,168608,rap,2018,0
61,0.855,0.307,-10.599,0.0732,0.365,0.854,0.105,0.174,89.993,149333,rap,2018,0
63,0.7,0.616,-8.505,0.155,0.27,0.0,0.174,0.55,140.0,175429,rap,2019,0
36,0.756,0.754,-5.251,0.309,0.466,0.0,0.11,0.65,84.931,232620,rap,2017,0
41,0.726,0.74,-5.229,0.129,0.46,0.0,0.106,0.784,173.975,220690,rap,2019,0
68,0.821,0.759,-8.541,0.121,0.247,0.0,0.321,0.962,140.01,185143,rap,2015,0
7,0.853,0.558,-7.448,0.202,0.0462,0.0,0.341,0.654,142.079,205879,rap,2015,0
59,0.52,0.847,-5.3,0.427,0.272,0.0,0.325,0.799,177.371,302013,rap,2004,0
34,0.793,0.423,-8.165,0.469,0.247,0.0,0.0873,0.101,86.971,155866,rap,2019,0
41,0.68,0.754,-6.562,0.0494,0.00998,0.192,0.157,0.107,122.03,240000,rap,2018,0
54,0.798,0.553,-6.296,0.348,0.102,0.0,0.113,0.158,144.052,186680,rap,2017,0
14,0.699,0.82,-4.968,0.243,0.00712,0.0,0.319,0.468,130.015,190427,rap,2020,0
35,0.525,0.871,-3.05,0.0756,0.102,0.00042,0.295,0.161,145.183,268552,rap,2019,0
59,0.437,0.81,-7.004,0.0518,0.186,0.0,0.371,0.315,137.542,301647,rap,2019,0
56,0.813,0.897,-4.592,0.264,0.0157,0.00106,0.0391,0.863,93.029,312640,rap,1996,0
0,0.61,0.746,-6.384,0.291,0.362,0.0,0.191,0.677,96.098,245013,rap,2020,0
0,0.424,0.612,-5.007,0.323,0.139,0.0,0.0813,0.157,176.188,232777,rap,2017,0
60,0.841,0.738,-5.317,0.3,0.102,0.0235,0.0901,0.305,93.725,255893,rap,1994,0
63,0.616,0.375,-16.921,0.0405,0.905,0.896,0.332,0.333,159.972,132000,rap,2018,0
52,0.664,0.834,-3.761,0.0846,0.0326,0.0,0.273,0.47,86.025,197103,rap,2018,0
60,0.774,0.577,-6.146,0.0829,0.516,0.00131,0.28,0.184,86.01,255000,rap,2019,0
72,0.844,0.784,-6.218,0.0346,0.47,0.0,0.245,0.95,125.974,209032,rap,2019,0
69,0.571,0.739,-6.11,0.247,0.00865,5.21e-06,0.158,0.66,83.089,221227,rap,2004,0
45,0.637,0.2,-17.277,0.205,0.303,0.00528,0.102,0.414,90.001,224000,rap,2016,0
98,0.896,0.586,-6.687,0.0559,0.104,0.0,0.79,0.642,116.971,196653,rap,2019,0
21,0.794,0.695,-7.045,0.245,0.0182,0.00156,0.0972,0.774,80.999,191293,rap,2013,0
56,0.767,0.867,-2.931,0.247,0.109,0.0,0.155,0.786,151.965,224211,rap,2019,0
37,0.548,0.534,-10.493,0.342,0.0898,0.0,0.138,0.192,155.872,224679,rap,2016,0
93,0.886,0.672,-4.394,0.188,0.0363,8.78e-06,0.101,0.526,91.976,192024,rap,2019,0
35,0.707,0.564,-10.141,0.067,0.0462,0.441,0.137,0.238,80.042,192000,rap,2019,0
31,0.885,0.787,-4.946,0.248,0.045,0.0,0.151,0.861,94.996,146526,rap,2018,0
32,0.714,0.744,-6.437,0.0547,0.232,0.0,0.152,0.96,79.946,232827,rap,2014,0
65,0.589,0.827,-2.938,0.384,0.0143,0.00151,0.14,0.386,161.978,256240,rap,2003,0
42,0.784,0.358,-10.151,0.0613,0.85,0.961,0.11,0.89,169.899,101647,rap,2018,0
74,0.78,0.768,-4.325,0.238,0.0371,2.34e-06,0.518,0.507,80.063,404107,rap,2000,0
55,0.805,0.653,-11.251,0.185,0.138,0.0,0.1,0.257,100.349,270067,rap,2020,0
0,0.939,0.754,-6.22,0.113,0.124,0.0,0.113,0.647,110.002,183354,rap,2017,0
51,0.68,0.707,-5.133,0.127,0.00914,0.00638,0.097,0.228,159.941,149804,rap,2018,0
52,0.746,0.877,-3.782,0.0666,0.0375,0.000833,0.233,0.751,107.985,166138,rap,2015,0
16,0.712,0.891,-6.457,0.24,0.0557,0.0,0.133,0.799,170.13,225933,rap,2019,0
46,0.776,0.57,-5.392,0.0335,0.222,2.23e-06,0.111,0.964,103.028,234707,rap,2011,0
31,0.68,0.559,-5.545,0.129,0.172,0.0,0.318,0.137,202.006,194520,rap,2019,0
47,0.624,0.435,-15.44,0.245,0.000917,1.17e-06,0.41,0.735,179.267,279733,rap,1987,0
30,0.84,0.789,-3.909,0.377,0.0983,0.0,0.144,0.793,84.06,353440,rap,2004,0
21,0.719,0.834,-5.977,0.281,0.223,0.0,0.559,0.579,161.714,311707,rap,1999,0
44,0.764,0.502,-6.392,0.0508,0.0162,0.0,0.0569,0.779,95.952,290040,rap,2020,0
72,0.798,0.815,-3.322,0.323,0.0267,0.0,0.342,0.732,109.83,152907,rap,2019,0
82,0.85,0.569,-8.152,0.136,0.0609,0.0816,0.1,0.294,80.02,205040,rap,2018,0
1,0.75,0.851,-2.197,0.202,0.256,0.0,0.215,0.54,90.001,249533,rap,2004,0
45,0.61,0.489,-9.703,0.0678,0.63,0.0,0.112,0.584,76.365,200784,rap,2019,0
1,0.623,0.896,-4.719,0.247,0.035,0.0,0.0941,0.613,95.158,300933,rap,2000,0
0,0.706,0.634,-3.458,0.0469,0.00211,3.47e-06,0.0908,0.391,150.122,239604,rap,2019,0
46,0.778,0.87,-1.344,0.214,0.525,0.353,0.34,0.481,82.001,175720,rap,2019,0
41,0.564,0.608,-9.804,0.0394,0.307,0.0,0.0407,0.283,80.027,199467,rap,2017,0
49,0.467,0.796,-3.487,0.048,0.144,0.0,0.116,0.236,77.962,164712,rap,2019,0
25,0.532,0.783,-5.697,0.0523,0.0038,0.0012,0.161,0.643,124.08,247427,rap,2013,0
35,0.764,0.889,-4.697,0.141,0.0438,0.0,0.377,0.59,122.208,270200,rap,2002,0
75,0.489,0.692,-6.672,0.41,0.0322,0.00608,0.315,0.527,96.946,237707,rap,2005,0
1,0.736,0.47,-6.409,0.1,0.0397,0.0295,0.0816,0.171,96.229,159267,rap,2006,0
70,0.604,0.436,-8.32,0.188,0.0544,0.000242,0.162,0.239,107.978,361280,rap,2018,0
52,0.568,0.633,-6.212,0.409,0.0154,0.0,0.123,0.5,81.304,164665,rap,2015,0
64,0.615,0.424,-12.324,0.114,0.968,0.809,0.106,0.178,159.033,133165,rap,2019,0
74,0.794,0.51,-7.314,0.42,0.0505,1.81e-06,0.0562,0.18,167.879,194561,rap,2014,0
54,0.722,0.791,-6.555,0.245,0.143,0.0,0.129,0.332,160.061,94582,rap,2019,0
32,0.4,0.963,-2.745,0.47,0.208,2.89e-06,0.348,0.366,169.61,386573,rap,2005,0
90,0.809,0.545,-6.678,0.0735,0.392,0.0,0.151,0.244,97.008,180435,rap,2019,0
73,0.85,0.5,-6.708,0.0665,0.0139,0.000384,0.0947,0.816,160.02,170509,rap,2018,0
62,0.452,0.794,-5.151,0.0483,0.0111,0.00182,0.416,0.282,137.825,196664,rap,2013,0
67,0.48,0.511,-7.709,0.199,0.316,0.0,0.215,0.346,149.587,142776,rap,2019,0
88,0.882,0.602,-5.554,0.245,0.0177,0.0,0.178,0.43,142.959,183011,rap,2019,0
45,0.487,0.867,-3.293,0.0543,0.00197,0.00602,0.0968,0.403,160.048,213000,rap,2014,0
73,0.899,0.624,-6.729,0.0534,0.432,0.00116,0.0885,0.751,132.05,156533,rap,2019,0
50,0.627,0.887,-8.899,0.64,0.16,0.0,0.114,0.23,94.52,173107,rap,2016,0
45,0.607,0.738,-7.034,0.4,0.128,3.44e-05,0.243,0.564,90.645,170653,rap,2015,0
65,0.84,0.571,-7.421,0.0797,0.16,0.0,0.406,0.617,116.59,188493,rap,2007,0
52,0.59,0.427,-10.999,0.186,0.476,0.00059,0.352,0.343,118.925,126055,rap,2019,0
37,0.587,0.772,-7.308,0.0592,0.864,0.0,0.101,0.0918,105.996,151824,rap,2014,0
61,0.607,0.599,-6.886,0.0995,0.33,0.0,0.199,0.562,86.491,253573,rap,2007,0
50,0.909,0.538,-10.117,0.0456,0.471,0.00233,0.11,0.74,111.958,150674,rap,2019,0
36,0.884,0.358,-17.725,0.25,0.244,0.0,0.116,0.483,94.019,311000,rap,2013,0
67,0.769,0.818,-1.385,0.192,0.263,0.0,0.0787,0.918,88.017,240800,rap,2003,0
68,0.764,0.468,-9.181,0.446,0.24,0.0,0.252,0.756,77.044,163247,rap,2019,0
56,0.791,0.531,-8.105,0.333,0.351,0.0,0.0898,0.237,94.415,166484,rap,2019,0
49,0.879,0.591,-6.194,0.149,0.431,0.118,0.123,0.0748,134.99,142222,rap,2019,0
52,0.32,0.428,-10.338,0.0621,0.258,0.0075,0.134,0.0853,78.305,108942,rap,2018,0
27,0.731,0.654,-6.619,0.0548,0.296,3.47e-06,0.51,0.786,152.918,189804,rap,2018,0
50,0.754,0.299,-16.236,0.052,0.579,0.9,0.0475,0.897,143.862,135026,rap,2019,0
60,0.765,0.821,-5.926,0.183,0.0918,0.0,0.217,0.962,162.519,276800,rap,2003,0
44,0.832,0.54,-8.309,0.334,0.0707,0.0,0.438,0.561,138.8,193560,rap,2020,0
28,0.838,0.828,-4.172,0.267,0.0381,0.0,0.0642,0.721,88.012,251507,rap,1998,0
45,0.761,0.791,-6.392,0.323,0.201,0.0,0.107,0.783,174.047,223970,rap,2014,0
2,0.78,0.643,-4.154,0.121,0.0381,0.0,0.115,0.211,169.995,150041,rap,2019,0
58,0.639,0.359,-8.64,0.0662,0.0839,0.769,0.116,0.149,91.094,159560,rap,2019,0
58,0.508,0.717,-6.882,0.186,0.0268,0.0,0.175,0.209,96.591,198621,rap,2019,0
76,0.602,0.751,-4.358,0.327,0.173,0.0,0.667,0.934,163.874,196745,rap,2019,0
57,0.849,0.755,-7.399,0.363,0.346,0.0,0.0564,0.393,144.186,206655,rap,2014,0
28,0.599,0.815,-7.638,0.337,0.125,0.0,0.0877,0.623,72.437,311640,rap,2011,0
18,0.812,0.707,-6.815,0.0752,0.236,0.0,0.587,0.248,109.992,175203,rap,2016,0
26,0.623,0.965,-4.686,0.263,0.105,0.0,0.0723,0.478,92.54,159009,rap,2020,0
1,0.77,0.878,-4.033,0.155,0.0228,0.0,0.0959,0.679,170.272,219925,rap,2018,0
43,0.866,0.555,-7.292,0.0743,0.187,0.0,0.0566,0.455,120.005,156047,rap,2019,0
61,0.745,0.869,-4.375,0.0444,0.00193,0.0,0.0799,0.814,104.015,168641,rap,2015,0
35,0.864,0.552,-4.648,0.202,0.199,0.0,0.126,0.33,150.05,259453,rap,2020,0
0,0.936,0.476,-11.439,0.403,0.0139,0.0,0.402,0.363,121.979,175543,rap,2017,0
0,0.636,0.535,-8.021,0.0366,0.329,0.0006,0.136,0.197,159.825,171363,rap,2017,0
28,0.665,0.89,-5.424,0.185,0.076,2.07e-05,0.143,0.281,139.912,187101,rap,2015,0
1,0.683,0.833,-3.902,0.0838,0.00152,0.0,0.382,0.61,102.918,310667,rap,2014,0
66,0.875,0.658,-3.641,0.359,0.275,0.0,0.122,0.661,92.039,274093,rap,1996,0
41,0.699,0.575,-9.922,0.159,0.218,0.0,0.112,0.234,148.767,116240,rap,2019,0
78,0.83,0.71,-5.523,0.326,0.374,0.0,0.0877,0.703,93.977,237013,rap,2019,0
0,0.573,0.734,-8.216,0.363,0.0386,0.0,0.68,0.249,94.843,232920,rap,2014,0
70,0.782,0.568,-8.074,0.0772,0.0711,0.0203,0.143,0.454,118.033,218133,rap,2019,0
76,0.834,0.621,-6.156,0.0821,0.0918,0.0,0.0759,0.613,140.05,244506,rap,2018,0
18,0.495,0.72,-5.195,0.407,0.0917,0.0,0.567,0.359,178.052,265023,rap,2016,0
57,0.722,0.728,-4.458,0.0601,0.198,0.0,0.482,0.509,123.057,284133,rap,2017,0
36,0.702,0.745,-6.177,0.0655,0.015,4.37e-06,0.203,0.354,128.018,229336,rap,2019,0
51,0.697,0.501,-7.59,0.23,0.494,0.915,0.105,0.715,90.07,88000,rap,2019,0
57,0.863,0.815,-6.242,0.232,0.216,0.0,0.0887,0.636,108.972,200800,rap,2015,0
46,0.743,0.565,-10.454,0.324,0.778,0.000174,0.298,0.753,88.041,219786,rap,2019,0
55,0.761,0.748,-6.542,0.0724,0.155,0.0,0.111,0.695,150.122,174393,rap,2019,0
63,0.853,0.591,-5.583,0.179,0.174,0.0,0.0993,0.433,119.088,164598,rap,2017,0
76,0.888,0.43,-6.728,0.588,0.0786,1.58e-06,0.132,0.45,120.088,160013,rap,2019,0
67,0.652,0.862,-2.29,0.206,0.161,0.0,0.203,0.727,173.859,210000,rap,2019,0
2,0.694,0.728,-4.846,0.106,0.401,0.0,0.0966,0.251,130.067,263840,rap,2018,0
42,0.84,0.747,-9.112,0.435,0.481,1.55e-05,0.104,0.405,120.848,312333,rap,2005,0
22,0.676,0.5,-9.583,0.0563,0.0359,0.00164,0.127,0.171,92.039,127399,rap,2018,0
11,0.501,0.851,-5.111,0.292,0.0295,0.0,0.0775,0.627,95.058,219253,rap,2010,0
12,0.692,0.448,-13.417,0.0286,0.772,0.87,0.347,0.533,102.013,190112,rap,2018,0
21,0.809,0.859,-4.799,0.33,0.17,0.0,0.119,0.769,78.013,260187,rap,2020,0
56,0.698,0.86,-5.181,0.429,0.0368,0.0,0.0721,0.433,160.904,263920,rap,2007,0
0,0.39,0.895,-4.419,0.444,0.0344,0.0,0.247,0.646,85.407,253840,rap,2005,0
45,0.547,0.827,-5.975,0.324,0.00728,0.186,0.084,0.408,182.056,269200,rap,2014,0
37,0.819,0.835,-3.788,0.263,0.0485,0.0,0.278,0.53,90.992,225653,rap,2005,0
69,0.92,0.553,-5.068,0.189,0.237,0.0,0.0767,0.947,112.021,286907,rap,2008,0
18,0.744,0.628,-6.545,0.101,0.0388,0.0,0.272,0.697,137.974,242773,rap,2003,0
67,0.826,0.635,-5.181,0.212,0.102,0.0,0.245,0.808,119.954,224916,rap,2019,0
2,0.82,0.398,-10.151,0.446,0.405,0.0,0.126,0.2,92.04,178000,rap,2018,0
42,0.661,0.712,-4.899,0.0958,0.883,0.742,0.125,0.603,97.645,124173,rap,2018,0
13,0.621,0.672,-3.892,0.276,0.21,0.0,0.13,0.228,83.808,251267,rap,2005,0
0,0.673,0.905,-3.349,0.0412,0.029,0.818,0.104,0.232,149.998,221156,rap,2019,0
57,0.631,0.732,-4.706,0.203,0.0304,0.0,0.261,0.549,151.779,231659,rap,2017,0
1,0.484,0.711,-4.584,0.239,0.142,0.0,0.378,0.46,90.961,284653,rap,2006,0
0,0.766,0.45,-8.398,0.123,0.0319,0.0,0.174,0.135,112.908,242312,rap,2016,0
86,0.837,0.364,-11.713,0.276,0.149,0.0,0.271,0.463,123.984,213594,rap,2019,0
43,0.718,0.551,-3.94,0.154,0.106,0.0,0.153,0.55,78.013,234231,rap,2018,0
21,0.386,0.764,-7.573,0.221,0.000249,0.0,0.633,0.277,84.91,240333,rap,1996,0
66,0.875,0.658,-3.641,0.359,0.275,0.0,0.122,0.661,92.039,274093,rap,1996,0
11,0.806,0.624,-3.086,0.391,0.111,0.0,0.0831,0.745,79.008,171800,rap,1999,0
47,0.807,0.265,-7.969,0.279,0.0402,0.93,0.0866,0.617,160.369,96592,rap,2018,0
63,0.822,0.423,-4.846,0.0453,0.00806,0.0,0.108,0.208,131.951,203800,rap,2019,0
25,0.867,0.645,-4.717,0.197,0.0131,0.0,0.0287,0.707,82.041,257933,rap,2006,0
43,0.784,0.494,-7.235,0.129,0.0686,4.88e-06,0.103,0.642,133.959,161907,rap,2019,0
52,0.788,0.599,-5.082,0.123,0.205,0.0,0.0613,0.66,150.023,176014,rap,2019,0
38,0.737,0.737,-5.34,0.057,0.00131,0.0,0.145,0.389,95.027,259493,rap,2008,0
0,0.892,0.693,-4.048,0.215,0.0277,0.0,0.123,0.357,91.989,287267,rap,2009,0
0,0.553,0.862,-5.521,0.506,0.158,0.0,0.109,0.716,123.743,166253,rap,2006,0
30,0.518,0.851,-4.93,0.217,0.224,0.0,0.154,0.792,206.051,293267,rap,1999,0
43,0.909,0.485,-7.87,0.258,0.406,0.0,0.0921,0.748,139.524,166378,rap,2019,0
58,0.747,0.532,-5.474,0.0394,0.0549,2.78e-06,0.121,0.347,77.032,221360,rap,2018,0
33,0.77,0.829,-4.529,0.282,0.104,0.0,0.169,0.797,160.141,192157,rap,2019,0
72,0.758,0.638,-6.923,0.192,0.115,0.0,0.297,0.456,135.042,142747,rap,2019,0
49,0.586,0.699,-7.049,0.261,0.0729,0.0,0.211,0.299,123.991,399725,rap,2018,0
74,0.778,0.578,-7.22,0.274,0.432,0.0,0.138,0.758,84.487,252747,rap,1994,0
37,0.779,0.428,-14.431,0.0494,0.0528,0.00582,0.0733,0.736,123.697,315093,rap,1981,0
39,0.75,0.696,-6.025,0.146,0.618,4.79e-05,0.15,0.65,149.943,205924,rap,2019,0
0,0.854,0.503,-13.406,0.224,0.529,8.26e-06,0.112,0.766,95.276,250107,rap,1994,0
66,0.843,0.7,-3.249,0.26,0.127,0.0,0.876,0.675,95.05,293053,rap,2003,0
51,0.748,0.742,-6.516,0.0979,0.154,3.06e-05,0.196,0.474,81.017,169233,rap,2018,0
58,0.47,0.83,-5.35,0.115,0.00474,0.0,0.339,0.587,90.967,218187,rap,2020,0
52,0.781,0.71,-3.683,0.0903,0.00888,0.003,0.12,0.317,156.068,230707,rap,2009,0
76,0.513,0.788,-4.629,0.0364,0.00968,0.0,0.11,0.234,139.987,238459,rap,2019,0
58,0.789,0.774,-4.415,0.0614,0.609,0.00122,0.298,0.488,100.077,201547,rap,2019,0
67,0.901,0.484,-11.169,0.117,0.0367,2.25e-05,0.198,0.766,130.02,221490,rap,2019,0
42,0.854,0.87,-4.57,0.246,0.095,0.0,0.283,0.638,136.076,235097,rap,2019,0
42,0.697,0.683,-7.332,0.185,0.0746,0.0,0.265,0.527,159.943,145164,rap,2019,0
63,0.881,0.595,-9.781,0.0714,0.282,0.000117,0.112,0.911,130.019,149113,rap,2019,0
47,0.416,0.423,-15.069,0.248,0.97,0.928,0.206,0.41,76.372,111381,rap,2018,0
31,0.706,0.806,-0.544,0.279,0.321,0.0,0.225,0.761,139.858,146700,rap,2019,0
0,0.915,0.659,-5.169,0.236,0.24,0.000181,0.203,0.722,96.974,212648,rap,2005,0
77,0.854,0.554,-4.684,0.172,0.769,1.84e-06,0.0749,0.272,142.069,163121,rap,2019,0
54,0.596,0.655,-7.176,0.39,0.035,0.0,0.152,0.742,128.004,192578,rap,2019,0
54,0.892,0.559,-6.388,0.0813,0.0636,0.0,0.0872,0.438,121.93,181577,rap,2018,0
34,0.693,0.695,-10.802,0.0521,0.000727,0.937,0.32,0.255,150.092,184800,rap,2019,0
37,0.812,0.554,-9.806,0.209,0.247,0.0,0.129,0.687,146.099,323960,rap,2003,0
79,0.861,0.572,-6.537,0.415,0.382,0.0,0.0853,0.396,90.052,193363,rap,2019,0
47,0.815,0.797,-6.304,0.186,0.0557,0.0,0.641,0.65,96.006,292840,rap,1999,0
37,0.481,0.643,-8.414,0.0414,0.00404,0.848,0.128,0.153,167.935,245722,rap,2018,0
36,0.621,0.392,-14.526,0.227,0.483,0.00865,0.142,0.325,152.271,197564,rap,2018,0
47,0.788,0.864,-5.767,0.0335,0.0956,0.0,0.335,0.665,133.295,238467,rap,2005,0
53,0.848,0.698,-5.73,0.338,0.107,0.0,0.174,0.697,94.066,283053,rap,1994,0
75,0.718,0.882,-4.677,0.0521,0.0229,0.0286,0.102,0.611,95.005,194171,rap,2019,0
49,0.797,0.518,-7.802,0.0463,0.398,0.00014,0.0924,0.946,139.969,123519,rap,2019,0
51,0.755,0.453,-7.334,0.156,0.41,0.00467,0.206,0.236,86.06,158372,rap,2019,0
74,0.803,0.709,-8.164,0.327,0.0352,0.0,0.122,0.54,139.877,140591,rap,2019,0
74,0.822,0.505,-7.384,0.147,0.0317,0.000911,0.114,0.523,73.003,210200,rap,2017,0
48,0.796,0.756,-2.244,0.0572,0.0059,0.00679,0.128,0.0292,120.01,112000,rap,2018,0
62,0.858,0.517,-7.766,0.0863,0.112,0.0,0.0957,0.497,100.011,144522,rap,2020,0
65,0.859,0.792,-4.007,0.141,0.065,0.0,0.3,0.766,103.201,276813,rap,1996,0
17,0.758,0.448,-9.441,0.103,0.0309,8.67e-05,0.558,0.373,77.176,198960,rap,2018,0
66,0.964,0.605,-6.223,0.179,0.0668,7.78e-06,0.214,0.646,129.994,260240,rap,2014,0
56,0.936,0.474,-9.694,0.393,0.0213,0.0,0.111,0.168,129.999,166910,rap,2016,0
20,0.584,0.791,-6.514,0.245,0.057,0.0,0.323,0.692,180.183,245360,rap,1994,0
37,0.632,0.956,-1.512,0.293,0.00242,0.469,0.634,0.189,128.063,251775,rap,2018,0
38,0.858,0.554,-8.165,0.344,0.0377,0.0,0.164,0.75,140.011,192000,rap,2019,0
50,0.722,0.884,-4.031,0.333,0.056,0.0,0.202,0.689,120.203,173253,rap,2017,0
7,0.612,0.49,-10.261,0.0918,0.24,0.000907,0.358,0.894,152.011,195997,rap,2017,0
48,0.728,0.723,-7.441,0.271,0.024,3.71e-05,0.306,0.586,86.003,230467,rap,2020,0
51,0.808,0.765,-7.363,0.302,0.00916,0.000196,0.0515,0.761,92.044,254933,rap,1995,0
68,0.57,0.736,-5.712,0.586,0.0592,0.0,0.614,0.361,86.079,149160,rap,2020,0
46,0.697,0.733,-5.265,0.329,0.0487,1.18e-06,0.103,0.828,173.009,359173,rap,2011,0
34,0.739,0.379,-7.989,0.242,0.252,1.78e-05,0.123,0.467,74.006,321858,rap,2015,0
60,0.759,0.782,-6.975,0.0741,0.000589,0.0,0.35,0.507,131.04,352853,rap,2020,0
63,0.875,0.673,-4.184,0.0932,0.135,0.0,0.292,0.231,130.0,222600,rap,2015,0
43,0.389,0.566,-8.187,0.385,0.438,0.0,0.11,0.604,65.36,212993,rap,2019,0
1,0.525,0.933,-4.673,0.356,0.159,0.000241,0.311,0.457,122.631,223720,rap,2007,0
53,0.683,0.754,-6.466,0.0576,0.43,0.591,0.0932,0.646,83.016,143133,rap,2019,0
77,0.76,0.646,-5.048,0.433,0.233,0.0,0.0905,0.625,188.009,178534,rap,2019,0
1,0.589,0.827,-5.851,0.164,0.0505,0.0,0.0938,0.184,125.135,233221,rap,2017,0
1,0.894,0.698,-8.264,0.275,0.0279,3.52e-06,0.329,0.695,98.104,336917,rap,1988,0
47,0.538,0.71,-6.089,0.291,0.109,0.0,0.052,0.702,160.572,178250,rap,2019,0
62,0.881,0.561,-7.351,0.139,0.333,0.88,0.148,0.801,95.011,156632,rap,2018,0
0,0.86,0.668,-8.411,0.222,0.0985,0.0,0.117,0.792,95.312,248693,rap,1995,0
28,0.852,0.721,-5.555,0.44,0.105,0.0,0.596,0.899,92.405,263133,rap,1999,0
51,0.773,0.508,-8.583,0.0558,0.32,0.102,0.106,0.496,133.966,211436,rap,2012,0
45,0.701,0.7,-8.096,0.411,0.0151,0.000116,0.345,0.757,172.124,222693,rap,2007,0
44,0.608,0.919,-7.203,0.0758,0.137,0.000276,0.243,0.728,160.029,222027,rap,2017,0
37,0.69,0.566,-9.274,0.0395,0.0103,0.343,0.129,0.441,127.954,196441,rap,2018,0
56,0.853,0.688,-6.509,0.296,0.0118,0.0,0.151,0.565,150.012,166693,rap,2017,0
61,0.7,0.855,-6.403,0.174,0.23,0.0,0.216,0.59,160.027,193400,rap,2019,0
47,0.7,0.821,-4.338,0.0444,0.115,0.0,0.0796,0.608,94.952,247520,rap,2016,0
61,0.817,0.523,-10.134,0.0441,0.166,0.0,0.216,0.428,116.127,202241,rap,2018,0
68,0.536,0.721,-6.44,0.386,0.062,0.0,0.824,0.393,117.139,191942,rap,2016,0
55,0.729,0.795,-4.579,0.144,0.354,0.0,0.536,0.856,146.747,176880,rap,2006,0
9,0.548,0.302,-12.869,0.12,0.752,0.893,0.314,0.546,127.159,77922,rap,2017,0
33,0.638,0.707,-12.232,0.134,0.211,0.00243,0.349,0.509,89.111,235800,rap,1992,0
62,0.622,0.0701,-13.016,0.0421,0.495,0.911,0.102,0.247,77.065,140714,rap,2019,0
46,0.619,0.762,-5.69,0.11,0.471,1.64e-06,0.322,0.351,126.354,216056,rap,2018,0
63,0.867,0.796,-4.73,0.0693,0.202,0.0,0.0838,0.776,92.766,231040,rap,2011,0
55,0.906,0.253,-11.742,0.206,0.0596,0.000108,0.0803,0.138,94.529,206379,rap,2017,0
30,0.47,0.733,-7.479,0.385,0.0481,0.000182,0.102,0.681,77.019,194862,rap,2016,0
49,0.749,0.655,-7.389,0.202,0.293,0.0,0.0736,0.349,125.029,165120,rap,2019,0
41,0.775,0.673,-6.018,0.316,0.123,0.0,0.477,0.263,91.331,160173,rap,1994,0
44,0.918,0.36,-9.952,0.275,0.029,0.0,0.0799,0.243,91.959,214040,rap,1995,0
53,0.69,0.38,-12.845,0.0609,0.000168,0.000533,0.136,0.305,201.697,304280,rap,1992,0
67,0.719,0.651,-5.878,0.0274,0.127,0.0,0.0763,0.288,104.956,219429,rap,2019,0
65,0.611,0.66,-5.883,0.0839,0.198,0.0,0.365,0.583,71.544,246387,rap,2010,0
40,0.593,0.455,-15.988,0.197,0.698,0.607,0.545,0.573,80.383,84023,rap,2019,0
42,0.7,0.598,-5.771,0.14,0.126,0.185,0.0861,0.282,150.027,214107,rap,2019,0
31,0.683,0.74,-5.512,0.274,0.0272,0.0,0.333,0.429,83.857,248520,rap,2016,0
0,0.653,0.692,-6.093,0.429,0.356,0.0,0.0856,0.554,85.114,177882,rap,2018,0
63,0.758,0.804,-4.704,0.0531,0.106,2.78e-05,0.169,0.197,100.003,170400,rap,2019,0
56,0.457,0.941,-5.174,0.0339,0.000136,3.12e-06,0.0896,0.704,154.038,201680,rap,2016,0
4,0.777,0.654,-6.513,0.348,0.0979,0.00215,0.0413,0.597,76.863,238667,rap,2003,0
39,0.756,0.53,-8.623,0.0896,0.541,0.0,0.11,0.362,129.927,213889,rap,2019,0
80,0.745,0.561,-4.869,0.0807,0.0758,0.0,0.133,0.449,77.557,248431,rap,2019,0
52,0.638,0.231,-12.597,0.0624,0.984,0.935,0.0925,0.229,59.975,150000,rap,2019,0
47,0.562,0.892,-3.226,0.0497,0.0399,1.06e-05,0.107,0.292,150.049,198400,rap,2019,0
0,0.462,0.852,-3.463,0.326,0.263,0.0,0.143,0.455,92.4,172173,rap,2018,0
72,0.803,0.456,-10.783,0.243,0.0358,0.0,0.212,0.583,95.013,161684,rap,2019,0
19,0.679,0.772,-5.071,0.35,0.074,0.0,0.0476,0.387,148.149,325400,rap,2008,0
35,0.724,0.516,-8.646,0.177,0.185,0.000627,0.313,0.277,139.927,160571,rap,2019,0
0,0.734,0.914,-5.473,0.0953,0.485,0.0,0.311,0.719,97.981,259307,rap,2010,0
61,0.617,0.517,-6.84,0.561,0.113,0.00711,0.351,0.454,105.606,135237,rap,2020,0
31,0.947,0.696,-8.516,0.109,0.0286,0.000235,0.064,0.45,120.019,105288,rap,2018,0
64,0.72,0.514,-7.108,0.132,0.146,0.00713,0.107,0.212,142.98,272160,rap,2011,0
29,0.845,0.785,-4.821,0.277,0.0145,0.0,0.1,0.193,126.04,172000,rap,2018,0
34,0.777,0.901,-10.789,0.168,0.00106,0.0,0.428,0.577,133.011,248133,rap,1994,0
15,0.556,0.836,-6.903,0.199,0.0587,0.000351,0.355,0.429,168.196,293173,rap,2005,0
60,0.669,0.788,-3.869,0.282,0.0537,0.0,0.0457,0.776,160.171,175500,rap,2019,0
14,0.671,0.314,-8.091,0.244,0.11,0.0,0.0825,0.296,110.898,191600,rap,2016,0
56,0.779,0.629,-6.797,0.274,0.00311,0.0,0.254,0.185,116.53,233400,rap,2015,0
40,0.824,0.48,-6.745,0.144,0.178,0.0,0.167,0.724,88.029,261080,rap,1995,0
66,0.546,0.899,-3.937,0.233,0.00158,6.08e-06,0.229,0.47,130.003,210840,rap,2010,0
70,0.772,0.672,-5.333,0.178,0.288,0.0,0.133,0.655,111.003,210811,rap,2019,0
28,0.695,0.583,-9.459,0.253,0.0252,0.0,0.122,0.292,83.916,272067,rap,1996,0
54,0.796,0.513,-8.078,0.119,0.282,0.000548,0.111,0.113,99.02,218973,rap,2019,0
0,0.664,0.778,-5.191,0.14,0.00018,0.0,0.369,0.264,145.964,253227,rap,2015,0
46,0.831,0.425,-9.404,0.082,0.0592,0.00311,0.135,0.43,148.082,299360,rap,2008,0
31,0.729,0.606,-8.272,0.6,0.0125,0.0,0.308,0.516,114.527,225220,rap,2018,0
63,0.683,0.902,-7.389,0.291,0.219,0.000761,0.226,0.724,90.447,253227,rap,2020,0
63,0.922,0.448,-9.197,0.309,0.231,0.0,0.246,0.233,130.017,142053,rap,2019,0
67,0.862,0.619,-6.645,0.318,0.0434,0.0,0.117,0.512,95.036,174000,rap,2019,0
82,0.802,0.82,-5.969,0.146,0.0579,0.0,0.149,0.613,164.005,172196,rap,2019,0
39,0.15,0.7,-5.113,0.0359,0.0212,0.483,0.104,0.341,66.76,218293,rap,2015,0
36,0.491,0.617,-9.369,0.402,0.163,0.0,0.312,0.368,90.197,337136,rap,2014,0
73,0.834,0.538,-5.54,0.246,0.191,0.0,0.113,0.536,97.025,178907,rap,2019,0
47,0.604,0.291,-13.967,0.392,0.798,0.889,0.144,0.111,78.066,110769,rap,2017,0
43,0.351,0.86,-6.676,0.11,0.0394,0.0345,0.217,0.502,167.935,185973,rap,2010,0
47,0.714,0.702,-6.88,0.066,0.231,3.6e-06,0.118,0.575,83.018,153227,rap,2019,0
43,0.649,0.38,-12.245,0.257,0.498,0.011,0.0997,0.412,120.112,161442,rap,2019,0
55,0.877,0.42,-8.239,0.175,0.278,0.0,0.163,0.292,135.017,124444,rap,2019,0
48,0.573,0.537,-9.476,0.035,0.206,0.0,0.11,0.0637,170.123,124235,rap,2020,0
42,0.921,0.461,-9.478,0.425,0.0261,0.0,0.109,0.438,130.042,193379,rap,2019,0
61,0.702,0.586,-6.689,0.0415,0.00476,0.000155,0.0925,0.546,159.975,210035,rap,2019,0
48,0.778,0.596,-6.017,0.348,0.0197,0.0,0.201,0.437,88.931,189267,rap,1997,0
0,0.655,0.463,-7.881,0.0432,0.452,0.0,0.106,0.644,78.55,305732,rap,2013,0
47,0.751,0.862,-3.113,0.112,0.195,0.0,0.137,0.906,80.005,252307,rap,2003,0
0,0.853,0.546,-8.647,0.233,0.00242,0.0,0.0993,0.441,98.872,353627,rap,2001,0
44,0.537,0.697,-4.58,0.0385,0.132,0.0,0.104,0.228,144.009,211667,rap,2019,0
31,0.885,0.58,-10.24,0.225,0.719,8.74e-05,0.12,0.94,93.981,167547,rap,2018,0
38,0.791,0.44,-8.443,0.0416,0.64,0.0,0.0926,0.553,110.105,279507,rap,2008,0
45,0.906,0.663,-3.955,0.355,0.325,0.0,0.0883,0.847,90.042,193467,rap,2003,0
38,0.77,0.812,-5.247,0.146,0.0205,0.0,0.461,0.652,94.661,251173,rap,2020,0
22,0.884,0.721,-3.368,0.058,0.0734,0.0,0.112,0.807,91.069,254293,rap,2010,0
37,0.837,0.71,-6.335,0.0383,0.511,1.11e-06,0.331,0.893,144.025,179429,rap,2019,0
60,0.738,0.62,-7.413,0.0661,0.17,0.0,0.0773,0.204,115.031,319587,rap,2017,0
75,0.849,0.648,-6.188,0.0832,0.0725,0.00592,0.0984,0.196,106.075,111020,rap,2015,0
56,0.896,0.711,-5.047,0.332,0.444,0.0,0.101,0.81,85.013,223001,rap,2019,0
38,0.408,0.956,-5.546,0.368,0.479,0.0,0.344,0.544,87.797,107383,rap,2019,0
49,0.595,0.726,-8.363,0.132,0.0498,0.0,0.122,0.434,150.774,236648,rap,2016,0
51,0.773,0.759,-5.889,0.0518,0.21,0.0,0.119,0.67,154.044,183787,rap,2018,0
50,0.819,0.57,-9.313,0.374,0.00267,0.0,0.0692,0.694,176.241,320172,rap,1988,0
28,0.506,0.899,-6.299,0.393,0.00962,0.0,0.379,0.517,81.161,175107,rap,2015,0
73,0.792,0.68,-5.392,0.119,0.361,0.0,0.1,0.519,140.041,175029,rap,2019,0
66,0.763,0.84,-3.704,0.0929,0.0346,0.0,0.0601,0.748,92.477,287547,rap,1996,0
74,0.936,0.523,-6.71,0.0597,0.239,0.0,0.117,0.699,119.889,124056,rap,2017,0
65,0.873,0.591,-5.928,0.226,0.168,0.0,0.117,0.277,100.515,143333,rap,2019,0
39,0.764,0.867,-3.141,0.24,0.0292,0.0,0.0553,0.677,123.995,230920,rap,2018,0
19,0.694,0.759,-5.667,0.398,0.137,0.0,0.167,0.77,140.055,245387,rap,2019,0
0,0.837,0.429,-6.659,0.0443,0.693,1.86e-06,0.116,0.261,129.959,223086,rap,2017,0
80,0.884,0.346,-8.228,0.351,0.0151,7.04e-06,0.0871,0.376,75.016,220307,rap,2017,0
41,0.865,0.617,-7.639,0.0817,0.112,1.21e-06,0.0959,0.788,139.926,156000,rap,2019,0
56,0.587,0.551,-8.523,0.236,0.106,0.0,0.0545,0.172,71.329,195012,rap,2019,0
0,0.52,0.709,-5.194,0.109,0.0156,0.0,0.103,0.329,79.033,241387,rap,2015,0
51,0.58,0.653,-3.818,0.0745,0.447,0.0,0.111,0.175,150.231,174960,rap,2019,0
56,0.906,0.413,-9.044,0.143,0.361,0.0,0.114,0.337,130.039,171107,rap,2019,0
74,0.76,0.595,-6.366,0.0391,0.00544,0.0,0.241,0.361,131.497,263773,rap,2010,0
56,0.697,0.844,-5.008,0.29,0.384,2.04e-05,0.0557,0.263,146.056,141971,rap,2018,0
57,0.569,0.798,-4.693,0.409,0.069,0.0,0.107,0.476,93.446,319347,rap,2017,0
50,0.723,0.554,-7.012,0.356,0.00819,0.000131,0.106,0.102,168.119,151429,rap,2019,0
57,0.764,0.726,-5.812,0.245,0.0947,0.0,0.112,0.36,120.114,179533,rap,2019,0
58,0.752,0.64,-7.286,0.113,0.294,0.0,0.126,0.529,116.923,217737,rap,2019,0
49,0.678,0.774,-3.701,0.266,0.0543,0.0,0.241,0.435,171.903,263721,rap,2019,0
32,0.717,0.542,-9.2,0.177,0.00139,0.0,0.329,0.493,79.9,239560,rap,2010,0
52,0.504,0.782,-3.006,0.342,0.0506,0.0,0.0787,0.66,170.606,248893,rap,2003,0
50,0.795,0.414,-10.718,0.0867,0.813,0.889,0.373,0.657,138.013,132213,rap,2019,0
43,0.611,0.393,-13.501,0.144,0.292,0.908,0.112,0.167,80.006,189273,rap,2019,0
61,0.886,0.316,-8.683,0.0677,0.0987,0.0166,0.108,0.0389,135.006,142222,rap,2019,0
62,0.715,0.691,-5.405,0.111,0.413,0.0,0.166,0.381,93.024,208103,rap,2019,0
41,0.381,0.539,-6.761,0.0375,2.5e-05,0.723,0.125,0.499,127.424,282160,rap,2007,0
44,0.636,0.674,-6.772,0.343,0.015,1.01e-05,0.201,0.464,102.161,289733,rap,1997,0
76,0.765,0.704,-4.589,0.127,0.0215,0.0,0.227,0.498,147.055,192172,rap,2018,0
3,0.721,0.891,-4.487,0.114,0.00235,0.0,0.327,0.571,133.621,230173,rap,2011,0
43,0.701,0.68,-6.209,0.225,0.284,0.0,0.143,0.333,96.862,170507,rap,2000,0
48,0.7,0.547,-7.907,0.156,0.0532,0.0,0.068,0.67,157.137,237947,rap,2006,0
66,0.264,0.78,-2.741,0.0517,0.0452,0.0222,0.376,0.456,155.376,280467,rap,2006,0
18,0.477,0.783,-9.097,0.422,0.318,0.0,0.132,0.451,173.696,303533,rap,1998,0
21,0.64,0.716,-5.508,0.0362,0.014,0.0,0.283,0.713,140.019,246621,rap,2014,0
47,0.8,0.556,-3.818,0.29,0.172,2.28e-05,0.112,0.81,188.044,214475,rap,2019,0
73,0.667,0.673,-7.574,0.323,0.0641,4e-06,0.0975,0.669,144.256,201964,rap,2016,0
60,0.7,0.402,-9.93,0.278,0.0498,1.04e-06,0.16,0.499,77.871,300600,rap,2010,0
17,0.734,0.594,-7.355,0.199,0.0227,0.000376,0.377,0.559,155.047,277360,rap,2008,0
64,0.902,0.472,-6.802,0.469,0.0153,0.0,0.0539,0.65,140.046,191975,rap,2019,0
52,0.683,0.664,-6.644,0.165,0.0217,0.0,0.347,0.444,148.808,173844,rap,2018,0
68,0.727,0.431,-12.007,0.395,0.0111,0.0166,0.506,0.223,150.005,257987,rap,2017,0
0,0.735,0.799,-4.422,0.0332,0.372,0.00151,0.234,0.592,123.974,193548,rap,2018,0
63,0.35,0.845,-5.614,0.2,0.0107,0.0,0.123,0.45,99.643,233560,rap,2010,0
59,0.726,0.617,-6.397,0.189,0.329,0.0,0.133,0.741,88.11,180060,rap,2019,0
7,0.732,0.731,-2.171,0.0924,0.526,0.0,0.0496,0.799,140.211,221933,rap,2007,0
31,0.396,0.777,-4.025,0.135,0.0058,0.0,0.111,0.338,78.665,218627,rap,2014,0
62,0.557,0.246,-11.289,0.0368,0.486,0.904,0.111,0.27,174.063,99310,rap,2018,0
90,0.736,0.369,-9.682,0.0688,0.334,0.0,0.126,0.235,140.005,222997,rap,2019,0
50,0.8,0.434,-9.729,0.131,0.156,0.66,0.544,0.736,86.143,117143,rap,2019,0
74,0.925,0.443,-8.216,0.264,0.0172,0.0,0.276,0.35,136.078,236615,rap,2017,0
69,0.889,0.385,-11.767,0.165,0.00544,0.0,0.274,0.235,125.995,202533,rap,2018,0
41,0.569,0.814,-6.441,0.0459,0.000359,7.98e-06,0.235,0.59,131.041,157696,rap,2019,0
53,0.689,0.88,-3.964,0.101,0.105,0.0283,0.447,0.528,170.039,229851,rap,2013,0
80,0.789,0.694,-5.781,0.0729,0.0982,0.0,0.0962,0.549,96.035,341875,rap,2019,0
82,0.729,0.603,-6.736,0.0666,0.0948,0.0,0.113,0.207,134.972,243976,rap,2019,0
54,0.79,0.394,-9.938,0.0671,0.0626,0.000522,0.111,0.104,134.148,115075,rap,2019,0
75,0.831,0.795,-6.186,0.264,0.221,0.0,0.291,0.744,160.063,96064,rap,2018,0
56,0.502,0.15,-20.066,0.0364,0.72,0.932,0.109,0.0661,79.978,132000,rap,2019,0
40,0.665,0.986,-2.252,0.289,0.175,0.0731,0.155,0.504,160.01,202500,rap,2019,0
0,0.768,0.563,-7.439,0.403,0.211,0.0,0.356,0.461,89.916,272280,rap,2017,0
63,0.709,0.74,-4.64,0.34,0.45,0.0,0.268,0.388,174.11,202961,rap,2019,0
0,0.756,0.532,-6.508,0.0934,0.072,0.0,0.0579,0.869,149.975,232480,rap,2002,0
69,0.645,0.675,-5.282,0.202,0.0104,0.0,0.273,0.171,120.672,209120,rap,2019,0
66,0.503,0.37,-17.502,0.0489,0.768,0.599,0.116,0.102,78.963,218776,rap,2017,0
1,0.683,0.74,-6.041,0.0462,0.00228,0.0,0.238,0.65,129.515,281773,rap,2020,0
62,0.842,0.808,-3.243,0.0491,0.206,0.0,0.258,0.705,145.03,190345,rap,2019,0
3,0.619,0.563,-3.414,0.0865,0.29,0.0,0.128,0.25,139.653,182183,rap,2017,0
48,0.769,0.784,-4.589,0.166,0.121,0.0,0.0855,0.682,155.024,111484,rap,2019,0
46,0.831,0.663,-6.36,0.336,0.0791,0.0,0.18,0.642,145.941,203733,rap,2005,0
63,0.829,0.826,-7.952,0.161,0.3,2.94e-05,0.0825,0.925,152.045,219320,rap,2019,0
54,0.495,0.883,-4.087,0.299,0.287,0.0,0.138,0.782,92.136,329627,rap,2004,0
67,0.825,0.669,-3.806,0.0348,0.419,8.58e-06,0.205,0.796,135.044,189357,rap,2020,0
10,0.774,0.431,-8.407,0.346,0.000146,1.99e-05,0.112,0.353,201.843,181400,rap,2012,0
38,0.7,0.702,-8.066,0.0336,0.0159,0.666,0.0519,0.129,103.996,191983,rap,2020,0
58,0.527,0.161,-12.223,0.0727,0.845,0.839,0.0973,0.291,162.117,139417,rap,2019,0
49,0.648,0.595,-8.165,0.326,0.1,0.0,0.167,0.225,85.468,192560,rap,2020,0
0,0.953,0.736,-4.784,0.278,0.00502,8.01e-05,0.069,0.369,105.025,200854,rap,2014,0
56,0.741,0.219,-11.878,0.0813,0.853,0.935,0.109,0.519,156.116,104620,rap,2017,0
46,0.717,0.876,-6.463,0.132,0.00253,0.00015,0.439,0.669,144.919,256427,rap,2019,0
0,0.943,0.931,-2.246,0.162,0.0088,0.402,0.057,0.504,100.01,189600,rap,2014,0
51,0.842,0.558,-9.322,0.264,0.0439,7.37e-06,0.108,0.683,76.469,158496,rap,2019,0
56,0.856,0.758,-5.783,0.227,0.0304,0.0,0.105,0.18,124.073,206613,rap,2017,0
5,0.489,0.757,-5.229,0.066,0.116,0.00327,0.754,0.254,89.944,218667,rap,2019,0
35,0.666,0.597,-7.52,0.0954,0.131,0.037,0.35,0.58,150.07,121204,rap,2019,0
44,0.682,0.851,-6.343,0.317,0.214,0.0,0.363,0.821,89.924,196000,rap,2019,0
0,0.799,0.695,-6.085,0.258,0.0728,0.0,0.1,0.519,159.957,296560,rap,2007,0
54,0.652,0.197,-20.895,0.061,0.799,0.932,0.108,0.329,80.1,78211,rap,2019,0
52,0.409,0.931,-5.679,0.0454,0.000104,0.695,0.185,0.0531,139.93,171518,rap,2018,0
22,0.812,0.612,-7.832,0.212,0.233,0.0,0.134,0.679,146.047,324120,rap,2014,0
52,0.831,0.61,-7.066,0.2,0.304,0.0,0.0921,0.547,152.04,179079,rap,2017,0
60,0.76,0.595,-6.366,0.0391,0.00544,0.0,0.241,0.361,131.497,263773,rap,2010,0
81,0.532,0.869,-5.094,0.172,0.157,0.00508,0.136,0.422,159.803,208373,rap,2016,0
39,0.618,0.593,-7.016,0.104,0.056,0.0,0.409,0.333,188.162,280827,rap,2020,0
48,0.698,0.732,-7.344,0.198,0.694,1.11e-06,0.0943,0.3,139.958,146455,rap,2019,0
74,0.42,0.787,-6.206,0.266,0.0129,0.0,0.107,0.498,78.44,220127,rap,2019,0
0,0.552,0.752,-5.454,0.191,0.0247,0.0,0.513,0.195,84.337,193733,rap,2015,0
55,0.946,0.491,-7.931,0.231,0.00521,0.0,0.226,0.586,130.029,375973,rap,2008,0
60,0.73,0.705,-7.154,0.287,0.2,0.0,0.331,0.632,84.959,127613,rap,2019,0
2,0.538,0.676,-8.846,0.038,0.665,7.98e-06,0.135,0.158,82.522,191846,rap,2018,0
55,0.795,0.238,-20.338,0.369,0.487,0.000106,0.137,0.399,100.996,194851,rap,2018,0
73,0.821,0.684,-5.931,0.333,0.343,1.58e-06,0.234,0.744,100.054,160063,rap,2019,0
28,0.881,0.666,-5.117,0.102,0.134,0.0,0.315,0.475,130.015,149342,rap,2019,0
43,0.818,0.439,-7.316,0.23,0.0561,0.0,0.136,0.407,134.885,185778,rap,2018,0
57,0.928,0.426,-9.252,0.209,0.119,0.0,0.0842,0.264,137.064,196204,rap,2019,0
42,0.759,0.828,-4.217,0.0532,0.0185,1.66e-06,0.159,0.353,146.58,233427,rap,2013,0
47,0.82,0.781,-4.077,0.141,0.436,0.0,0.191,0.689,142.049,182441,rap,2019,0
78,0.808,0.617,-9.32,0.442,0.113,0.0,0.734,0.632,149.962,166400,rap,2018,0
49,0.852,0.625,-4.747,0.242,0.39,5.1e-05,0.109,0.641,140.003,274424,rap,2019,0
35,0.578,0.894,-4.591,0.16,0.0374,0.0,0.105,0.43,143.168,227560,rap,2016,0
37,0.584,0.491,-10.303,0.122,0.0845,3.9e-06,0.125,0.454,129.886,204923,rap,2019,0
70,0.834,0.878,-9.484,0.15,0.0461,0.0,0.334,0.418,102.848,258688,rap,1988,0
43,0.699,0.559,-7.002,0.0911,0.357,6.8e-06,0.253,0.498,144.989,298786,rap,2018,0
42,0.624,0.77,-4.416,0.36,0.21,0.0,0.0784,0.885,127.213,170613,rap,2017,0
22,0.877,0.694,-10.506,0.18,0.132,1.03e-05,0.0742,0.771,97.92,225600,rap,2020,0
49,0.874,0.274,-13.499,0.452,0.209,2.41e-06,0.0993,0.213,147.072,127561,rap,2019,0
54,0.699,0.582,-6.393,0.142,0.0368,1.44e-06,0.114,0.429,159.985,152707,rap,2019,0
54,0.552,0.569,-5.468,0.0339,0.0282,1.44e-05,0.134,0.384,85.002,189510,rap,2015,0
45,0.521,0.809,-5.296,0.128,0.15,1.25e-06,0.199,0.491,149.962,184870,rap,2019,0
54,0.701,0.607,-6.723,0.264,0.04,0.0,0.353,0.544,91.747,249783,rap,2018,0
47,0.747,0.7,-7.359,0.287,0.465,1.84e-06,0.144,0.53,87.979,190909,rap,2019,0
0,0.742,0.536,-5.863,0.0341,0.115,0.0,0.275,0.623,84.015,310714,rap,2013,0
51,0.58,0.653,-3.818,0.0745,0.447,0.0,0.111,0.175,150.231,174960,rap,2019,0
63,0.888,0.613,-4.969,0.187,0.333,1.07e-06,0.158,0.57,127.062,178583,rap,2019,0
32,0.766,0.555,-5.62,0.0425,0.00542,0.0,0.338,0.714,104.963,237083,rap,2011,0
59,0.855,0.52,-12.07,0.268,0.184,0.0,0.114,0.402,92.451,264760,rap,1993,0
74,0.712,0.772,-3.024,0.346,0.0521,4.35e-06,0.0368,0.848,84.722,249480,rap,2003,0
75,0.764,0.528,-4.082,0.0588,0.468,0.0,0.0811,0.422,123.936,189253,rap,2019,0
48,0.62,0.59,-8.289,0.0497,0.342,0.0,0.0958,0.27,160.026,192000,rap,2019,0
65,0.762,0.813,-3.863,0.118,0.248,0.0,0.0795,0.6,108.934,247174,rap,2019,0
1,0.549,0.636,-3.923,0.376,0.395,0.0,0.0974,0.661,182.363,251547,rap,2005,0
41,0.641,0.825,-5.873,0.163,0.109,0.0,0.14,0.51,149.973,197628,rap,2017,0
5,0.799,0.916,-3.344,0.471,0.11,0.0,0.0746,0.697,126.687,247427,rap,2004,0
43,0.673,0.652,-4.971,0.0386,0.00643,0.888,0.0925,0.607,88.071,184119,rap,2019,0
59,0.616,0.635,-8.673,0.166,0.188,0.0108,0.282,0.462,149.975,135200,rap,2019,0
3,0.796,0.825,-7.075,0.232,0.00159,0.00891,0.398,0.33,150.062,210987,rap,2011,0
80,0.534,0.583,-8.672,0.0288,0.0262,0.0,0.421,0.145,105.997,231547,rap,2017,0
9,0.688,0.658,-6.393,0.303,0.48,0.00254,0.039,0.801,173.936,255760,rap,2017,0
31,0.719,0.918,-6.514,0.192,0.0774,0.0956,0.103,0.535,147.932,188883,rap,2016,0
0,0.675,0.858,-3.758,0.221,0.0577,2.29e-05,0.241,0.541,92.997,226560,rap,2011,0
13,0.909,0.405,-8.133,0.14,0.0306,0.00698,0.105,0.455,154.984,238613,rap,2018,0
37,0.718,0.789,-5.334,0.222,0.0985,6.98e-05,0.131,0.11,144.889,180448,rap,2019,0
74,0.823,0.556,-7.141,0.0889,0.6,0.000694,0.3,0.557,129.985,271548,rap,2019,0
48,0.683,0.839,-9.979,0.129,0.0526,0.842,0.951,0.631,93.915,159419,rap,2020,0
27,0.443,0.809,-6.253,0.137,0.163,0.0125,0.444,0.411,80.042,283880,rap,1999,0
0,0.573,0.941,-3.593,0.0483,0.0254,0.000291,0.182,0.624,150.045,226000,rap,2015,0
41,0.496,0.819,-3.892,0.0793,0.016,3.1e-06,0.0738,0.541,132.04,134240,rap,2019,0
1,0.896,0.715,-3.37,0.0544,0.195,0.0,0.0678,0.513,128.01,298394,rap,2017,0
18,0.814,0.779,-3.271,0.235,0.175,0.000671,0.0605,0.544,93.43,268005,rap,1999,0
51,0.839,0.888,-4.181,0.116,0.13,0.000376,0.116,0.6,115.005,331347,rap,2017,0
42,0.837,0.604,-6.822,0.0865,0.0109,8.21e-06,0.123,0.505,83.714,256960,rap,2006,0
60,0.912,0.416,-5.943,0.164,0.437,0.306,0.09,0.677,90.013,236227,rap,2001,0
47,0.527,0.187,-11.717,0.307,0.893,0.919,0.1,0.805,170.397,118933,rap,2018,0
57,0.621,0.6,-6.349,0.576,0.277,0.0,0.495,0.485,80.021,253707,rap,2007,0
39,0.901,0.626,-7.02,0.0669,0.115,0.0,0.157,0.89,115.043,170059,rap,2019,0
61,0.613,0.879,-4.649,0.0729,0.00908,1.66e-06,0.108,0.497,76.966,214929,rap,2016,0
0,0.762,0.854,-3.88,0.0609,0.261,0.0,0.435,0.451,124.996,245798,rap,2018,0
44,0.609,0.631,-6.333,0.0309,0.00084,0.88,0.143,0.0688,130.03,225231,rap,2019,0
39,0.755,0.871,-3.61,0.333,0.0617,0.0,0.17,0.318,139.937,192022,rap,2019,0
47,0.773,0.764,-6.206,0.256,0.126,1.14e-05,0.223,0.53,91.301,223493,rap,2011,0
56,0.783,0.611,-7.362,0.187,0.165,0.0,0.0939,0.526,97.928,131717,rap,2019,0
84,0.778,0.573,-7.339,0.251,0.015,0.0,0.464,0.269,140.114,198849,rap,2019,0
77,0.902,0.608,-6.238,0.27,0.000456,0.0,0.0621,0.836,84.001,160742,rap,2019,0
0,0.677,0.533,-10.841,0.0668,0.0138,0.0,0.128,0.388,80.027,275723,rap,2014,0
3,0.485,0.968,-7.308,0.209,0.000699,0.0466,0.216,0.0682,150.325,141351,rap,2019,0
17,0.876,0.587,-5.035,0.0953,0.036,0.0,0.145,0.128,129.993,236627,rap,2016,0
41,0.697,0.685,-7.005,0.0712,0.14,0.0,0.0824,0.808,94.06,122853,rap,2019,0
17,0.83,0.581,-7.941,0.242,0.054,0.00117,0.0933,0.801,88.02,199413,rap,2020,0
70,0.762,0.372,-11.26,0.174,0.165,0.0,0.139,0.315,79.037,195190,rap,2019,0
0,0.793,0.704,-8.413,0.298,0.0114,0.00191,0.23,0.773,172.128,292120,rap,2008,0
36,0.829,0.484,-11.038,0.337,0.201,0.0,0.142,0.384,93.539,309173,rap,1995,0
52,0.767,0.593,-7.903,0.198,0.256,0.0,0.109,0.23,142.972,174707,rap,2019,0
25,0.55,0.758,-4.762,0.289,0.193,0.0,0.0721,0.443,84.592,172694,rap,2019,0
73,0.803,0.589,-5.889,0.0954,0.442,1.15e-06,0.634,0.562,140.057,273321,rap,2019,0
45,0.511,0.825,-6.874,0.238,0.09,0.0,0.114,0.699,175.221,260800,rap,1995,0
51,0.688,0.735,-3.133,0.229,0.0606,0.0,0.28,0.683,166.003,182207,rap,2019,0
81,0.974,0.596,-8.888,0.184,0.0976,0.0,0.151,0.892,111.959,149040,rap,2019,0
38,0.845,0.582,-10.667,0.348,0.0293,3.85e-05,0.194,0.574,152.072,401827,rap,2015,0
41,0.55,0.563,-9.736,0.0634,0.694,0.883,0.106,0.299,74.207,129730,rap,2018,0
68,0.855,0.512,-8.165,0.0534,0.146,0.000854,0.107,0.144,146.075,224512,rap,2018,0
32,0.613,0.835,-4.051,0.177,0.106,0.0,0.14,0.684,143.876,258273,rap,2007,0
32,0.91,0.763,-5.275,0.261,0.0563,0.0,0.0686,0.616,119.979,228720,rap,2004,0
51,0.707,0.589,-8.347,0.288,0.108,0.0,0.102,0.641,148.154,150742,rap,2020,0
74,0.624,0.653,-6.582,0.176,0.575,0.0,0.104,0.565,73.884,288333,rap,2002,0
47,0.796,0.782,-4.805,0.21,0.146,0.0,0.13,0.418,99.978,207440,rap,2005,0
76,0.862,0.5,-6.875,0.276,0.232,0.0,0.657,0.697,76.992,203486,rap,2019,0
50,0.439,0.546,-7.086,0.0356,0.157,1.57e-06,0.472,0.166,149.889,183258,rap,2019,0
61,0.484,0.852,-4.442,0.274,0.0317,0.0,0.0547,0.766,103.578,249522,rap,2007,0
59,0.877,0.619,-6.692,0.233,0.119,0.0,0.088,0.222,138.109,222787,rap,2018,0
44,0.46,0.903,-2.975,0.201,0.19,0.000216,0.203,0.557,161.767,171111,rap,2019,0
46,0.866,0.605,-6.972,0.37,0.152,0.0,0.372,0.723,86.196,232200,rap,1996,0
62,0.846,0.58,-7.92,0.476,0.0185,1.83e-05,0.057,0.553,103.956,161307,rap,2019,0
10,0.734,0.559,-9.882,0.307,0.0862,1.98e-05,0.207,0.912,176.08,269600,rap,2020,0
57,0.56,0.364,-9.338,0.0959,0.377,0.874,0.0869,0.408,68.457,137143,rap,2019,0
35,0.864,0.598,-8.076,0.238,0.0673,0.0,0.154,0.464,107.93,151547,rap,2019,0
45,0.936,0.899,-3.292,0.217,0.258,2.07e-06,0.129,0.813,140.003,196393,rap,2019,0
0,0.667,0.858,-7.062,0.0533,0.017,0.00366,0.177,0.354,140.024,357480,rap,2013,0
57,0.644,0.179,-11.329,0.0462,0.731,0.912,0.0993,0.19,80.999,121482,rap,2018,0
66,0.689,0.791,-5.194,0.053,0.023,0.0,0.0526,0.755,95.04,210573,rap,2016,0
41,0.66,0.762,-6.324,0.36,0.0231,0.0,0.426,0.49,95.916,231684,rap,2015,0
45,0.749,0.85,-5.026,0.397,0.202,0.0,0.0421,0.331,139.986,218972,rap,2019,0
55,0.653,0.928,-3.937,0.0885,0.00213,0.601,0.649,0.239,150.025,249600,rap,2016,0
52,0.672,0.587,-6.43,0.271,0.134,0.0,0.121,0.313,89.849,150707,rap,2020,0
81,0.88,0.428,-8.28,0.206,0.149,5.07e-05,0.114,0.333,100.007,172800,rap,2017,0
55,0.742,0.714,-3.882,0.336,0.135,0.0028,0.253,0.481,179.756,174547,rap,2017,0
55,0.579,0.813,-4.573,0.367,0.0605,3.5e-05,0.365,0.312,107.609,135822,rap,2017,0
50,0.492,0.314,-14.961,0.281,0.947,0.647,0.208,0.196,83.852,160000,rap,2019,0
9,0.877,0.498,-8.634,0.236,0.163,0.00425,0.309,0.336,91.047,213880,rap,2010,0
14,0.58,0.685,-6.794,0.249,0.00043,0.0,0.108,0.189,177.973,121348,rap,2019,0
25,0.836,0.614,-10.925,0.2,0.468,0.0,0.28,0.927,93.283,227291,rap,2016,0
23,0.765,0.726,-5.58,0.191,0.0077,0.0,0.619,0.27,128.014,135079,rap,2018,0
54,0.625,0.456,-8.622,0.118,0.936,0.0226,0.105,0.0694,143.552,124184,rap,2019,0
72,0.479,0.549,-10.551,0.373,0.57,0.0239,0.127,0.576,180.985,252187,rap,1993,0
62,0.865,0.665,-6.289,0.073,0.0453,0.0,0.224,0.331,111.113,268827,rap,1998,0
35,0.683,0.48,-12.459,0.225,0.105,2.33e-06,0.0959,0.242,140.112,205714,rap,2019,0
44,0.339,0.669,-5.396,0.0343,0.000318,0.00883,0.12,0.636,146.671,246101,rap,2014,0
55,0.858,0.455,-7.913,0.149,0.00764,0.0,0.112,0.545,139.98,212826,rap,2019,0
70,0.681,0.635,-7.856,0.0792,0.0177,0.0,0.119,0.496,160.027,172500,rap,2019,0
62,0.655,0.582,-7.998,0.183,0.137,0.0,0.302,0.172,90.005,146667,rap,2020,0
25,0.675,0.556,-7.419,0.343,0.147,0.00238,0.211,0.525,90.411,129991,rap,2012,0
0,0.689,0.848,-5.522,0.344,0.0373,0.0,0.153,0.809,177.387,354827,rap,2004,0
51,0.477,0.744,-10.394,0.0327,0.0704,8.8e-06,0.125,0.667,130.56,187827,rock,1994,0
0,0.378,0.318,-5.287,0.0322,0.739,0.0,0.123,0.495,199.314,297427,rock,2016,0
51,0.845,0.447,-11.897,0.049,0.47,0.0,0.0782,0.953,119.453,244307,rock,1976,0
75,0.574,0.629,-8.815,0.0363,0.128,0.0,0.271,0.786,153.119,300107,rock,1998,0
69,0.557,0.886,-4.196,0.0498,0.000595,9.84e-05,0.0904,0.17,114.025,262440,rock,2009,0
50,0.438,0.984,-5.012,0.142,2.93e-05,0.0745,0.0573,0.321,129.924,243933,rock,2002,0
0,0.338,0.954,-4.392,0.175,0.00027,0.00111,0.285,0.345,190.077,229867,rock,2009,0
35,0.234,0.213,-15.166,0.0465,0.952,6.71e-05,0.264,0.0787,187.166,306480,rock,1976,0
58,0.483,0.947,-3.018,0.0594,0.000742,0.0,0.14,0.347,144.948,280800,rock,2014,0
70,0.817,0.716,-8.898,0.144,0.0427,0.00263,0.358,0.692,123.475,224693,rock,2001,0
20,0.652,0.626,-7.324,0.036,0.217,0.0,0.0787,0.321,144.081,328893,rock,2002,0
57,0.554,0.708,-5.318,0.0271,0.0594,2.72e-06,0.143,0.512,131.157,200027,rock,2008,0
35,0.418,0.928,-6.292,0.0416,0.00386,2.01e-05,0.117,0.468,143.014,308971,rock,2019,0
41,0.319,0.958,-3.201,0.119,0.0365,0.0,0.066,0.182,104.829,224160,rock,2013,0
76,0.412,0.902,-11.6,0.405,0.0484,0.131,0.405,0.422,89.74,333893,rock,1969,0
42,0.565,0.73,-12.817,0.04,0.0441,0.0,0.128,0.692,111.563,233400,rock,1987,0
74,0.933,0.528,-6.472,0.162,0.112,0.329,0.163,0.756,109.975,214653,rock,1980,0
54,0.723,0.672,-7.875,0.0356,0.243,0.00373,0.299,0.958,128.079,240573,rock,1970,0
48,0.681,0.554,-10.333,0.0343,0.476,0.0,0.167,0.933,129.587,203600,rock,1999,0
0,0.493,0.841,-5.131,0.0399,0.00187,0.000455,0.079,0.14,159.993,291480,rock,2012,0
17,0.641,0.531,-6.758,0.0271,0.438,1.12e-05,0.0947,0.785,77.859,295200,rock,1985,0
16,0.715,0.67,-7.806,0.0348,0.107,0.783,0.0943,0.913,111.877,233853,rock,2010,0
54,0.661,0.311,-13.288,0.0263,0.474,0.00366,0.105,0.234,143.966,286186,rock,2018,0
66,0.515,0.766,-12.768,0.0343,0.0249,0.00103,0.455,0.774,146.911,221000,rock,2020,0
53,0.549,0.865,-3.486,0.0625,0.000482,0.0,0.0512,0.434,140.017,199840,rock,2019,0
58,0.497,0.373,-10.405,0.0369,0.798,0.00193,0.15,0.295,111.969,225698,rock,2020,0
26,0.597,0.812,-12.062,0.0315,0.0219,0.00106,0.102,0.823,135.68,218400,rock,1977,0
43,0.621,0.439,-14.18,0.0289,0.544,0.0,0.0798,0.666,106.613,241267,rock,1979,0
78,0.38,0.988,-2.042,0.0639,2.64e-05,7.86e-05,0.368,0.769,186.113,176346,rock,2004,0
3,0.522,0.882,-3.216,0.0359,0.0599,0.00021,0.33,0.815,122.541,250627,rock,2010,0
65,0.2,0.977,-3.494,0.159,0.00165,1.1e-05,0.259,0.39,195.711,199387,rock,2006,0
15,0.444,0.813,-4.993,0.0421,1.55e-05,8.77e-05,0.68,0.538,110.039,198538,rock,2019,0
43,0.662,0.927,-4.638,0.0475,0.104,0.000772,0.0993,0.767,101.374,270341,rock,2020,0
35,0.705,0.771,-11.908,0.0436,0.00938,0.788,0.102,0.681,121.994,372427,rock,2020,0
0,0.42,0.78,-8.628,0.0465,0.314,8.17e-06,0.0785,0.961,168.897,208880,rock,2008,0
70,0.498,0.83,-5.157,0.0421,0.00461,0.0,0.139,0.453,89.342,231480,rock,2003,0
54,0.814,0.474,-12.017,0.0309,0.27,8.16e-06,0.599,0.956,101.241,312000,rock,1984,0
61,0.412,0.528,-6.613,0.0259,0.298,5.03e-05,0.332,0.175,79.962,265093,rock,2011,0
66,0.407,0.896,-2.935,0.063,0.012,0.0,0.196,0.156,138.697,243573,rock,2003,0
48,0.184,0.81,-4.477,0.0675,0.00127,0.000197,0.128,0.0863,165.476,179347,rock,2019,0
23,0.304,0.761,-5.97,0.0455,0.000118,0.284,0.936,0.174,103.541,395440,rock,2017,0
70,0.468,0.607,-11.367,0.0336,0.072,0.000852,0.225,0.886,98.429,263333,rock,1969,0
25,0.259,0.558,-9.042,0.0339,0.186,0.923,0.117,0.0826,71.598,75533,rock,2020,0
0,0.438,0.518,-12.516,0.0373,0.000161,0.00372,0.108,0.636,138.108,178093,rock,2020,0
26,0.493,0.903,-8.849,0.061,1.22e-05,0.0172,0.0653,0.138,119.996,256000,rock,2019,0
56,0.184,0.841,-4.723,0.0468,0.000827,4.34e-05,0.0422,0.348,88.225,257640,rock,1996,0
6,0.738,0.363,-13.783,0.0409,0.143,0.158,0.147,0.472,130.042,144960,rock,2019,0
40,0.443,0.973,-4.293,0.0668,2.6e-05,6.48e-06,0.238,0.394,140.018,213000,rock,2019,0
66,0.543,0.944,-7.495,0.0543,0.402,0.000564,0.0373,0.735,101.174,279440,rock,1983,0
74,0.583,0.947,-5.12,0.0378,0.0185,0.00109,0.0679,0.803,135.448,223613,rock,1977,0
57,0.442,0.759,-13.475,0.0354,0.000402,0.0081,0.174,0.279,198.117,205560,rock,2020,0
3,0.571,0.643,-11.748,0.0266,0.00271,4.51e-05,0.245,0.667,126.504,233467,rock,1984,0
84,0.414,0.404,-9.928,0.0499,0.271,0.0,0.3,0.224,71.105,354320,rock,1975,0
0,0.57,0.639,-10.002,0.0386,0.0827,0.0,0.94,0.39,126.559,240347,rock,2005,0
50,0.241,0.0695,-21.218,0.0439,0.986,0.00686,0.0863,0.0374,169.846,170693,rock,2019,0
61,0.521,0.626,-8.152,0.0243,0.194,0.0,0.227,0.479,90.337,450333,rock,2004,0
39,0.659,0.678,-8.18,0.0313,0.157,6.69e-06,0.0784,0.647,106.186,258411,rock,2020,0
73,0.651,0.801,-7.34,0.0513,0.123,0.0,0.0825,0.776,133.763,200480,rock,2020,0
83,0.573,0.902,-7.638,0.054,0.018,0.00125,0.0928,0.876,84.412,225280,rock,1985,0
44,0.613,0.704,-9.369,0.0601,0.00497,0.0,0.337,0.746,113.154,202560,rock,2010,0
66,0.402,0.859,-4.41,0.0466,0.0394,0.0,0.0745,0.514,95.31,211547,rock,2002,0
47,0.378,0.759,-5.672,0.0325,0.00588,5.13e-06,0.0826,0.379,117.553,265067,rock,1996,0
79,0.378,0.896,-4.066,0.0407,0.000452,0.0,0.194,0.469,174.302,258773,rock,1995,0
0,0.252,0.909,-8.347,0.0779,3.61e-05,0.597,0.38,0.41,130.345,157680,rock,2016,0
12,0.601,0.593,-11.685,0.0257,0.181,0.000441,0.121,0.902,97.784,285160,rock,1991,0
66,0.359,0.955,-2.323,0.12,0.00116,0.0,0.349,0.446,170.033,230427,rock,2006,0
0,0.506,0.776,-12.976,0.0466,0.637,0.962,0.144,0.906,159.32,121827,rock,2009,0
56,0.541,0.602,-6.033,0.0257,0.259,1.37e-06,0.125,0.446,81.32,243280,rock,2005,0
12,0.646,0.857,-5.2,0.0582,0.0649,0.0896,0.12,0.77,138.004,204262,rock,2017,0
30,0.62,0.73,-7.625,0.209,0.0101,4.76e-05,0.624,0.523,96.01,231345,rock,2019,0
0,0.561,0.888,-5.277,0.0445,4.32e-05,0.00478,0.293,0.151,127.043,233680,rock,2001,0
53,0.64,0.269,-13.435,0.0388,0.231,0.00276,0.116,0.178,112.801,252773,rock,1970,0
52,0.579,0.576,-9.615,0.0375,0.0252,0.043,0.13,0.196,105.081,244120,rock,2019,0
65,0.582,0.33,-7.928,0.0347,0.791,1.48e-06,0.105,0.407,111.873,254480,rock,1995,0
76,0.361,0.97,-4.817,0.284,0.00169,0.00163,0.357,0.254,179.017,282920,rock,2020,0
78,0.768,0.852,-6.215,0.038,0.213,7.45e-05,0.0723,0.867,128.374,271240,rock,1979,0
40,0.819,0.514,-7.238,0.0441,0.831,0.0,0.0784,0.74,121.466,154933,rock,2002,0
5,0.466,0.86,-3.226,0.0551,0.00461,4.26e-05,0.254,0.668,125.632,253667,rock,1984,0
38,0.394,0.989,-3.175,0.194,0.000572,0.0,0.358,0.248,163.134,216533,rock,2010,0
2,0.709,0.824,-8.824,0.0453,0.207,0.000307,0.0888,0.867,118.814,291293,rock,1987,0
10,0.653,0.879,-3.165,0.0669,0.002,0.0126,0.0741,0.692,127.92,210987,rock,2019,0
0,0.602,0.614,-8.105,0.0387,0.17,0.0684,0.201,0.544,132.206,139600,rock,2000,0
0,0.393,0.676,-11.286,0.0399,0.358,1.09e-05,0.14,0.699,85.21,282000,rock,2020,0
13,0.616,0.777,-12.179,0.0549,0.0215,0.075,0.0512,0.786,111.732,260240,rock,1991,0
0,0.466,0.907,-6.359,0.0675,0.0457,9.89e-05,0.393,0.605,151.994,329253,rock,2011,0
44,0.558,0.36,-11.771,0.0232,0.23,0.00248,0.18,0.509,87.838,233677,rock,1976,0
71,0.53,0.864,-4.948,0.061,0.000753,0.000459,0.354,0.484,166.312,288533,rock,1983,0
39,0.399,0.573,-9.44,0.0253,0.0293,2.83e-05,0.0914,0.649,147.114,429933,rock,1988,0
68,0.601,0.643,-5.828,0.0314,0.112,0.00209,0.088,0.552,128.262,239600,rock,2020,0
13,0.496,0.739,-7.193,0.0415,0.0211,0.00444,0.106,0.378,132.41,336000,rock,1991,0
36,0.466,0.982,-3.896,0.0605,2.31e-05,0.000979,0.337,0.4,160.005,212613,rock,2019,0
14,0.551,0.508,-7.228,0.0346,0.701,0.00257,0.0425,0.129,140.894,295400,rock,1984,0
21,0.768,0.852,-6.215,0.038,0.213,7.45e-05,0.0723,0.867,128.374,271240,rock,1979,0
59,0.457,0.794,-6.624,0.0298,0.000384,7.26e-05,0.131,0.354,90.439,231280,rock,2020,0
42,0.372,0.429,-12.743,0.0341,0.0363,0.000465,0.0909,0.333,116.64,254733,rock,1994,0
62,0.219,0.952,-3.621,0.176,5.1e-05,0.0989,0.157,0.172,112.886,176307,rock,2006,0
2,0.52,0.945,-4.197,0.0335,0.00599,4.97e-05,0.0495,0.807,99.603,179600,rock,1998,0
63,0.518,0.496,-11.607,0.0292,0.41,0.1,0.0999,0.282,143.917,170893,rock,2017,0
48,0.643,0.816,-8.535,0.0476,0.0357,7.28e-05,0.218,0.616,115.061,276067,rock,1992,0
3,0.504,0.857,-6.014,0.0379,0.0119,0.00653,0.13,0.354,125.636,276132,rock,1998,0
32,0.533,0.906,-7.547,0.0381,0.2,0.0015,0.493,0.638,121.669,196800,rock,2020,0
3,0.41,0.929,-5.884,0.0354,0.0273,0.0013,0.12,0.554,138.462,261373,rock,1991,0
17,0.615,0.267,-22.618,0.0382,0.658,0.0859,0.0679,0.842,88.409,154267,rock,2020,0
75,0.494,0.698,-12.049,0.0553,0.0397,0.00634,0.152,0.778,95.842,235800,rock,1978,0
22,0.782,0.444,-14.699,0.0347,0.175,1.84e-05,0.0346,0.811,125.078,239067,rock,1985,0
35,0.519,0.604,-11.011,0.0581,0.218,5.66e-05,0.222,0.768,153.644,334040,rock,1978,0
0,0.523,0.53,-9.328,0.0472,0.00597,0.687,0.11,0.416,87.086,314427,rock,2008,0
67,0.526,0.762,-12.437,0.0342,0.000972,0.000116,0.338,0.505,136.203,214400,rock,1992,0
58,0.506,0.827,-6.356,0.0366,0.107,2.42e-06,0.161,0.571,101.869,236467,rock,1975,0
5,0.537,0.794,-7.943,0.0521,0.00134,0.000941,0.283,0.513,166.41,287053,rock,2011,0
0,0.541,0.91,-3.879,0.0639,0.0132,0.0,0.578,0.493,127.096,187360,rock,2006,0
14,0.447,0.9,-6.741,0.0578,0.00114,0.00596,0.47,0.39,135.861,199733,rock,2020,0
76,0.631,0.932,-4.142,0.0354,0.0436,0.137,0.0918,0.971,122.429,213067,rock,1981,0
58,0.568,0.754,-7.402,0.0406,0.263,0.0104,0.219,0.5,172.005,194083,rock,2016,0
26,0.364,0.953,-3.349,0.0941,0.00447,0.0,0.281,0.551,188.182,262190,rock,2019,0
30,0.61,0.297,-14.956,0.0304,0.838,9.04e-06,0.107,0.543,99.96,201707,rock,2020,0
72,0.603,0.886,-3.777,0.0837,0.00045,0.0,0.26,0.395,126.025,229933,rock,2016,0
47,0.149,0.637,-7.033,0.0422,0.405,0.962,0.202,0.365,200.085,194747,rock,2019,0
61,0.185,0.91,-5.283,0.151,0.00014,0.0,0.18,0.188,165.355,225916,rock,2020,0
49,0.677,0.482,-9.875,0.0535,0.202,0.000188,0.104,0.312,112.018,248306,rock,2019,0
46,0.562,0.561,-10.954,0.0343,0.412,1.98e-05,0.0917,0.666,113.911,395200,rock,2020,0
47,0.573,0.779,-6.683,0.0266,0.0206,0.0552,0.947,0.669,105.086,257800,rock,1997,0
58,0.415,0.901,-3.124,0.0428,0.00987,0.361,0.136,0.424,128.216,225333,rock,2001,0
40,0.484,0.995,-3.892,0.238,7.27e-06,0.00198,0.208,0.0436,150.04,208440,rock,2011,0
53,0.742,0.471,-10.767,0.0326,0.134,0.0903,0.284,0.815,124.95,354240,rock,1976,0
69,0.551,0.293,-12.503,0.0272,0.486,0.000273,0.0864,0.322,106.798,150640,rock,2020,0
49,0.625,0.536,-8.962,0.0354,0.572,8.03e-05,0.119,0.729,129.178,192973,rock,1976,0
58,0.515,0.864,-5.384,0.0478,0.00182,7.32e-05,0.108,0.232,153.966,283160,rock,2001,0
25,0.586,0.886,-8.779,0.0496,0.035,0.00178,0.103,0.834,106.536,381760,rock,2020,0
47,0.557,0.798,-5.843,0.0277,0.0158,2.67e-05,0.547,0.609,134.801,252267,rock,1973,0
65,0.82,0.528,-11.179,0.0321,0.111,0.0186,0.257,0.931,120.091,272107,rock,1993,0
69,0.673,0.581,-10.205,0.029,0.223,0.000206,0.063,0.818,130.771,211387,rock,1972,0
35,0.253,0.931,-3.093,0.0616,0.000595,0.00217,0.0978,0.332,194.911,208077,rock,2017,0
65,0.451,0.939,-2.82,0.0512,0.00673,4.85e-06,0.0774,0.448,93.416,204200,rock,2007,0
0,0.683,0.461,-11.964,0.0359,0.683,0.744,0.324,0.473,95.956,279440,rock,2010,0
73,0.653,0.519,-10.164,0.0497,0.406,0.0209,0.101,0.822,98.883,153693,rock,1966,0
65,0.501,0.813,-8.192,0.0639,0.0455,4.75e-05,0.131,0.495,136.59,138707,rock,2020,0
59,0.3,0.894,-7.786,0.109,0.0515,0.000333,0.125,0.268,118.631,269600,rock,2020,0
33,0.76,0.781,-7.879,0.0444,0.0121,0.000413,0.224,0.882,104.775,253227,rock,2004,0
56,0.39,0.91,-3.268,0.133,0.000198,0.0,0.156,0.644,162.253,177048,rock,2018,0
47,0.384,0.817,-9.079,0.0662,0.267,0.00191,0.0756,0.686,128.429,285760,rock,1973,0
71,0.791,0.734,-5.464,0.0629,0.522,0.00165,0.167,0.962,105.854,244920,rock,2020,0
38,0.569,0.833,-6.404,0.0498,0.00197,0.016,0.192,0.604,121.992,218823,rock,2019,0
0,0.528,0.96,-3.453,0.0554,0.000355,4.39e-06,0.0577,0.416,90.039,199960,rock,2013,0
40,0.452,0.981,-5.613,0.0476,0.000839,8.02e-06,0.243,0.747,180.016,235000,rock,2015,0
17,0.28,0.978,-3.505,0.211,0.00353,0.0755,0.117,0.573,193.325,196440,rock,2010,0
51,0.566,0.765,-7.551,0.0323,0.18,0.0133,0.136,0.969,75.008,161853,rock,1969,0
55,0.445,0.872,-6.294,0.0602,0.00402,0.00909,0.047,0.834,162.407,208360,rock,1998,0
0,0.723,0.841,-8.649,0.0481,0.000324,0.174,0.102,0.854,135.595,222800,rock,1971,0
55,0.552,0.651,-10.624,0.229,0.00494,0.0349,0.132,0.533,161.548,232533,rock,2004,0
52,0.46,0.975,-3.901,0.133,0.000145,0.0,0.105,0.217,128.017,234088,rock,2019,0
38,0.453,0.982,-3.477,0.0795,4.41e-05,5.04e-05,0.358,0.424,114.5,228728,rock,2013,0
61,0.466,0.864,-5.586,0.0976,5.45e-05,0.0,0.234,0.481,138.075,197835,rock,2018,0
35,0.325,0.757,-4.905,0.0319,0.00272,0.0,0.249,0.384,126.891,197680,rock,2006,0
3,0.363,0.849,-7.744,0.0554,0.0666,0.00517,0.306,0.429,170.627,196227,rock,1991,0
6,0.461,0.95,-6.189,0.179,0.0638,0.0149,0.211,0.535,140.77,415400,rock,1983,0
1,0.382,0.483,-7.257,0.0289,0.587,0.0,0.985,0.346,107.343,181827,rock,2006,0
1,0.484,0.711,-7.784,0.0331,0.0183,0.173,0.0941,0.49,148.189,503067,rock,2020,0
31,0.574,0.194,-15.35,0.032,0.749,0.0,0.143,0.57,127.731,175267,rock,1996,0
14,0.319,0.712,-9.742,0.0535,0.242,0.000414,0.294,0.773,78.114,266720,rock,2020,0
64,0.578,0.423,-9.617,0.176,0.122,0.000869,0.118,0.397,96.529,281453,rock,2004,0
74,0.39,0.649,-5.163,0.0345,0.172,0.0,0.216,0.144,121.16,299760,rock,1998,0
45,0.589,0.404,-12.082,0.0379,0.857,0.416,0.12,0.663,152.457,212573,rock,2019,0
52,0.338,0.922,-6.783,0.0709,0.0107,0.877,0.515,0.526,122.311,373693,rock,1999,0
22,0.676,0.92,-7.96,0.0435,0.00101,8.65e-06,0.248,0.624,126.341,269360,rock,1974,0
52,0.219,0.928,-9.997,0.0697,0.001,2.43e-06,0.341,0.446,197.462,185133,rock,1975,0
27,0.362,0.959,-5.653,0.0882,0.0249,7.63e-06,0.0694,0.505,164.01,155520,rock,2010,0
54,0.399,0.93,-4.647,0.0435,6.76e-06,0.0927,0.318,0.33,92.804,223683,rock,2019,0
51,0.529,0.989,-4.5,0.042,0.00126,0.00148,0.0567,0.669,142.29,235520,rock,1988,0
68,0.585,0.842,-5.883,0.0556,0.00242,0.00686,0.0866,0.428,118.211,237040,rock,2004,0
57,0.766,0.519,-11.411,0.0288,0.194,2.47e-05,0.292,0.856,118.199,261640,rock,1992,0
48,0.266,0.756,-5.386,0.0464,0.00313,0.000192,0.154,0.16,137.102,231093,rock,2018,0
55,0.371,0.507,-9.805,0.0325,0.58,0.0201,0.175,0.535,91.786,295147,rock,1971,0
60,0.616,0.761,-9.199,0.126,0.196,0.0025,0.374,0.708,145.074,240600,rock,2020,0
14,0.509,0.216,-17.68,0.159,0.697,6.55e-06,0.11,0.574,172.003,243977,rock,2018,0
38,0.247,0.975,-2.52,0.0522,0.000368,0.645,0.36,0.702,141.916,184133,rock,2005,0
72,0.551,0.643,-13.091,0.0353,0.00313,0.00385,0.421,0.514,128.661,271560,rock,1993,0
0,0.548,0.953,-4.688,0.0934,0.000189,0.00288,0.0432,0.448,127.826,207213,rock,2005,0
37,0.596,0.954,-3.034,0.0515,0.115,5.42e-06,0.106,0.548,106.501,223380,rock,2019,0
0,0.339,0.263,-11.977,0.0305,0.299,3.92e-06,0.0576,0.158,130.622,200560,rock,2008,0
45,0.61,0.838,-8.616,0.0301,0.102,6.14e-05,0.111,0.693,129.583,237000,rock,2020,0
43,0.236,0.823,-7.165,0.0863,0.699,0.643,0.364,0.259,175.38,244813,rock,2008,0
76,0.694,0.394,-15.881,0.0428,0.0781,0.000677,0.247,0.719,104.126,238747,rock,1979,0
31,0.259,0.919,-4.649,0.0717,3.41e-05,0.364,0.339,0.3,162.229,219725,rock,2019,0
51,0.488,0.777,-12.658,0.0894,0.153,0.0312,0.825,0.481,81.437,287333,rock,1980,0
1,0.559,0.86,-5.369,0.0336,0.0151,0.000402,0.307,0.614,134.536,418613,rock,2001,0
42,0.442,0.736,-9.546,0.0744,0.257,7.31e-05,0.157,0.597,134.21,227467,rock,1973,0
71,0.691,0.812,-7.772,0.0558,0.0433,1.16e-06,0.299,0.685,127.568,220627,rock,1982,0
43,0.706,0.606,-5.362,0.0386,0.000725,0.000358,0.107,0.897,102.0,196253,rock,2006,0
63,0.568,0.907,-4.641,0.0488,0.00115,0.0,0.0982,0.337,112.037,230933,rock,2018,0
63,0.629,0.876,-10.141,0.0444,0.0864,7.72e-05,0.0431,0.358,118.01,220960,rock,1988,0
76,0.723,0.863,-7.89,0.0338,0.0383,0.0317,0.128,0.931,136.302,222813,rock,1965,0
61,0.591,0.804,-7.299,0.0454,0.327,5.98e-06,0.0818,0.658,111.457,329413,rock,2016,0
15,0.591,0.877,-7.373,0.0352,0.35,0.0235,0.0832,0.962,145.151,302067,rock,2015,0
36,0.492,0.759,-6.938,0.0511,0.0321,0.00224,0.0988,0.522,132.547,252933,rock,1974,0
20,0.492,0.393,-8.907,0.0253,0.544,7.83e-06,0.136,0.154,73.885,308533,rock,1985,0
65,0.406,0.713,-5.49,0.0348,0.276,0.00354,0.112,0.577,164.444,365093,rock,2020,0
52,0.446,0.614,-9.82,0.0379,0.203,0.0115,0.361,0.779,132.05,299853,rock,1980,0
10,0.404,0.923,-4.235,0.0547,0.00107,0.0163,0.0637,0.248,81.058,235600,rock,2001,0
33,0.531,0.948,-5.438,0.0568,0.006,0.0117,0.694,0.498,136.891,298093,rock,1977,0
49,0.263,0.279,-12.312,0.0299,0.385,9.39e-05,0.184,0.0892,77.122,206173,rock,1994,0
60,0.345,0.89,-4.175,0.0774,0.000725,2.98e-06,0.204,0.276,137.973,237065,rock,2019,0
62,0.54,0.465,-11.259,0.0302,0.652,0.00544,0.132,0.341,94.731,253080,rock,2020,0
57,0.298,0.612,-9.002,0.0379,0.0194,9.67e-05,0.0906,0.343,156.727,262200,rock,1984,0
0,0.597,0.692,-7.371,0.0273,0.242,0.0149,0.0847,0.345,126.997,274773,rock,2015,0
44,0.546,0.864,-7.632,0.0393,0.0908,0.00814,0.277,0.863,145.652,137240,rock,1992,0
7,0.575,0.596,-10.579,0.0752,0.133,0.0,0.0479,0.721,140.252,150600,rock,2000,0
31,0.635,0.539,-9.129,0.0273,0.43,0.0,0.0808,0.223,139.969,255250,rock,2015,0
78,0.331,0.943,-3.188,0.0698,0.00721,2.06e-06,0.242,0.296,94.612,235893,rock,2003,0
25,0.315,0.775,-4.766,0.0378,0.0361,0.0173,0.428,0.385,108.115,295133,rock,1997,0
19,0.445,0.955,-8.027,0.0856,0.0326,0.284,0.317,0.336,123.343,273600,rock,1987,0
58,0.601,0.756,-6.48,0.0348,0.00848,0.0478,0.0824,0.179,99.078,358520,rock,1997,0
48,0.643,0.633,-8.788,0.0316,0.303,0.0,0.119,0.228,115.246,240680,rock,1979,0
73,0.586,0.941,-5.139,0.0375,0.0167,0.000776,0.068,0.831,135.448,223613,rock,1977,0
4,0.417,0.983,-7.074,0.109,0.0146,0.0185,0.601,0.346,122.046,197200,rock,1987,0
0,0.545,0.877,-9.423,0.0363,0.0656,1.17e-05,0.516,0.961,139.999,97920,rock,2005,0
0,0.508,0.989,-3.779,0.143,7.55e-05,0.0,0.111,0.15,95.008,198040,rock,2013,0
36,0.584,0.14,-17.416,0.0351,0.807,0.000179,0.108,0.189,75.253,359627,rock,2019,0
35,0.441,0.897,-8.628,0.0909,0.248,0.0113,0.121,0.696,159.15,160987,rock,1974,0
24,0.525,0.937,-4.197,0.0749,0.000829,0.000861,0.0873,0.494,123.099,314467,rock,2007,0
68,0.752,0.723,-12.126,0.0507,0.025,0.00354,0.0212,0.94,130.519,228840,rock,1987,0
0,0.445,0.428,-12.648,0.0283,0.755,0.957,0.0714,0.644,143.615,191093,rock,2009,0
49,0.56,0.184,-19.301,0.0612,0.654,8.46e-05,0.142,0.31,100.596,220040,rock,2020,0
54,0.468,0.863,-7.037,0.0493,4.34e-06,0.334,0.33,0.377,140.267,193427,rock,1993,0
67,0.608,0.768,-9.911,0.0364,0.101,1.41e-06,0.0942,0.748,132.699,211160,rock,1986,0
35,0.61,0.825,-9.316,0.0515,0.117,0.00238,0.153,0.841,129.3,176907,rock,2020,0
0,0.572,0.912,-8.099,0.0562,0.0421,0.18,0.0742,0.637,137.323,222293,rock,1971,0
79,0.443,0.403,-8.339,0.0322,0.631,0.0,0.111,0.41,143.462,243027,rock,1970,0
74,0.21,0.94,-3.427,0.123,0.00602,0.0,0.269,0.255,179.722,186480,rock,2004,0
47,0.279,0.49,-7.67,0.0371,0.000849,0.0602,0.433,0.389,138.823,381480,rock,1994,0
37,0.504,0.963,-2.77,0.0828,0.000418,9.53e-05,0.102,0.554,94.999,178105,rock,2017,0
54,0.558,0.914,-3.395,0.0996,0.000191,0.0,0.132,0.711,94.975,252200,rock,2010,0
69,0.744,0.798,-5.981,0.0364,0.175,0.00367,0.26,0.89,125.061,268507,rock,1983,0
33,0.405,0.736,-8.695,0.0396,0.0262,0.0108,0.177,0.5,131.133,489480,rock,1971,0
14,0.274,0.744,-5.977,0.0358,0.00174,0.00231,0.0864,0.761,158.628,305827,rock,2020,0
60,0.622,0.736,-9.229,0.0292,0.422,1.18e-05,0.0829,0.723,110.24,298533,rock,2020,0
46,0.338,0.735,-6.886,0.0354,8.06e-05,3e-05,0.0732,0.153,105.192,317693,rock,2010,0
8,0.644,0.776,-6.803,0.0376,0.037,0.000107,0.0591,0.604,134.199,504200,rock,2005,0
45,0.547,0.908,-5.446,0.0476,0.000209,2.69e-06,0.323,0.594,95.008,198947,rock,2011,0
36,0.382,0.89,-6.845,0.0787,0.0113,0.137,0.366,0.164,163.77,335697,rock,2019,0
30,0.397,0.896,-5.356,0.0453,7.52e-05,0.000229,0.0855,0.276,194.968,203999,rock,2017,0
1,0.543,0.909,-9.366,0.106,0.0461,0.0,0.334,0.336,120.069,243800,rock,2002,0
69,0.497,0.693,-7.024,0.0565,0.19,0.0,0.215,0.358,111.539,296493,rock,1976,0
53,0.653,0.766,-8.078,0.0261,0.000464,0.00206,0.103,0.396,125.113,251947,rock,1992,0
57,0.6,0.77,-5.559,0.0302,0.0603,4.79e-06,0.0967,0.321,128.473,277240,rock,2020,0
63,0.468,0.851,-3.617,0.0398,0.000281,0.00483,0.0644,0.293,92.079,252360,rock,2020,0
33,0.435,0.564,-14.884,0.0504,0.0566,0.000789,0.272,0.546,141.695,497640,rock,1986,0
69,0.58,0.748,-5.433,0.0323,0.00935,0.0,0.753,0.584,109.781,216760,rock,2001,0
58,0.493,0.959,-3.613,0.0414,0.000386,0.118,0.254,0.703,125.04,258066,rock,2006,0
65,0.502,0.972,-3.96,0.0793,6.78e-05,0.000702,0.0627,0.729,138.019,197280,rock,2004,0
27,0.782,0.283,-17.231,0.0346,0.516,0.00026,0.324,0.648,115.683,279427,rock,1985,0
10,0.222,0.98,-4.393,0.242,0.000367,0.159,0.363,0.201,162.02,269750,rock,2018,0
32,0.201,0.327,-11.975,0.0285,0.869,0.846,0.117,0.0945,107.019,97360,rock,2014,0
67,0.402,0.97,-4.538,0.0668,1.29e-05,2.62e-06,0.189,0.476,75.106,200147,rock,2015,0
64,0.628,0.455,-12.436,0.0427,0.141,0.693,0.135,0.858,102.09,318373,rock,1997,0
73,0.547,0.691,-13.553,0.0369,0.015,0.105,0.144,0.667,137.148,261933,rock,1977,0
7,0.538,0.908,-6.277,0.0435,0.00293,0.124,0.123,0.665,137.416,262507,rock,2002,0
24,0.779,0.608,-7.37,0.0289,0.401,0.000474,0.119,0.695,101.786,273133,rock,1983,0
32,0.338,0.823,-4.473,0.0531,0.000327,0.00422,0.187,0.463,82.024,247509,rock,2019,0
74,0.491,0.802,-7.106,0.0392,0.25,0.0,0.387,0.472,119.25,248907,rock,2001,0
0,0.422,0.887,-6.095,0.0652,0.0366,0.154,0.135,0.409,133.64,375453,rock,2005,0
51,0.667,0.755,-7.246,0.069,0.0966,6.94e-05,0.0523,0.883,109.535,286220,rock,2003,0
49,0.313,0.901,-3.266,0.106,0.000198,0.0,0.576,0.427,110.819,229560,rock,2011,0
51,0.71,0.741,-10.726,0.0746,0.141,0.0,0.0825,0.922,139.948,235227,rock,1992,0
67,0.52,0.709,-7.125,0.0352,0.247,1.78e-05,0.18,0.536,76.039,263560,rock,1995,0
72,0.668,0.73,-7.182,0.0366,0.225,0.0,0.188,0.894,92.049,252773,rock,1983,0
58,0.513,0.569,-8.278,0.029,0.468,0.00134,0.111,0.441,122.676,226867,rock,1970,0
63,0.568,0.903,-7.647,0.0982,0.000292,0.724,0.0764,0.762,122.604,232120,rock,2012,0
36,0.415,0.777,-7.734,0.0533,0.00025,0.000247,0.171,0.21,150.05,204200,rock,2020,0
0,0.277,0.962,-3.408,0.115,0.00398,0.0,0.354,0.351,95.044,185697,rock,2018,0
41,0.49,0.984,-4.995,0.0437,0.0358,0.0703,0.064,0.961,152.479,294800,rock,1990,0
4,0.785,0.688,-5.667,0.0274,0.0642,0.000206,0.268,0.84,116.048,158867,rock,2005,0
41,0.36,0.475,-9.891,0.0456,0.646,0.000273,0.123,0.36,121.355,192053,rock,1967,0
30,0.377,0.92,-4.095,0.148,0.000101,0.0,0.119,0.475,194.969,204802,rock,2019,0
35,0.595,0.929,-6.48,0.0419,0.000148,0.158,0.334,0.493,92.508,162900,rock,2019,0
78,0.356,0.917,-6.006,0.0479,0.0335,0.0,0.406,0.518,171.176,357267,rock,1997,0
1,0.763,0.763,-4.75,0.0285,0.0714,4.34e-06,0.232,0.941,113.908,176507,rock,2000,0
16,0.567,0.687,-10.536,0.0435,0.29,0.426,0.121,0.625,99.93,267480,rock,2013,0
75,0.394,0.944,-6.506,0.0761,0.00178,4.54e-06,0.298,0.265,105.338,292581,rock,1991,0
64,0.566,0.886,-3.63,0.0902,0.000348,0.0,0.494,0.619,130.066,222461,rock,2019,0
73,0.353,0.898,-5.877,0.052,2.23e-05,0.105,0.39,0.525,103.293,255733,rock,1998,0
39,0.433,0.849,-5.043,0.0565,0.00995,0.017,0.145,0.0666,164.143,264640,rock,2019,0
41,0.679,0.583,-7.524,0.0274,0.0936,0.611,0.127,0.478,119.993,301933,rock,2018,0
73,0.774,0.75,-4.927,0.0413,0.0021,1.85e-05,0.0808,0.925,118.015,197987,rock,2003,0
59,0.427,0.908,-5.399,0.165,0.00325,6.12e-05,0.0475,0.617,108.681,166653,rock,2005,0
60,0.683,0.515,-10.932,0.0592,0.137,6.66e-06,0.0816,0.767,88.827,165400,rock,2020,0
51,0.412,0.892,-5.632,0.0635,0.000778,1.77e-05,0.0673,0.342,171.096,244615,rock,2019,0
56,0.528,0.677,-3.792,0.0365,4.61e-05,0.0826,0.116,0.548,122.993,297640,rock,2020,0
63,0.333,0.922,-4.087,0.0592,0.0596,2.05e-06,0.126,0.335,162.978,289559,rock,1995,0
41,0.426,0.964,-4.741,0.0644,0.00161,2.93e-06,0.136,0.321,173.035,178507,rock,2019,0
68,0.414,0.936,-2.407,0.0758,0.00136,0.0,0.369,0.74,170.229,242413,rock,2020,0
53,0.332,0.826,-7.269,0.0497,0.0275,0.0084,0.234,0.216,125.636,383973,rock,2017,0
2,0.746,0.56,-14.789,0.0565,0.494,0.0,0.316,0.853,124.68,184960,rock,1966,0
45,0.679,0.601,-11.758,0.0313,0.0894,0.0,0.0617,0.668,114.388,235800,rock,1975,0
9,0.727,0.624,-6.274,0.128,0.172,0.791,0.0928,0.935,145.748,174507,rock,2009,0
70,0.437,0.94,-6.946,0.0426,0.0524,0.000573,0.222,0.48,151.417,212013,rock,1987,0
45,0.469,0.202,-14.369,0.0333,0.67,0.0,0.193,0.102,110.937,211333,rock,1977,0
4,0.553,0.635,-6.06,0.0294,0.208,0.000672,0.076,0.45,108.38,197523,rock,2015,0
64,0.816,0.514,-8.741,0.0339,0.767,0.949,0.0899,0.912,136.837,176333,rock,2020,0
80,0.5,0.748,-9.072,0.0363,0.127,0.0,0.447,0.514,118.852,250987,rock,2020,0
62,0.527,0.636,-12.888,0.0347,0.0599,0.843,0.204,0.607,83.101,334467,rock,2008,0
40,0.611,0.972,-3.438,0.11,0.000105,0.000838,0.0297,0.493,120.085,203640,rock,2011,0
32,0.626,0.621,-8.665,0.0443,0.0263,2.64e-05,0.204,0.708,150.089,197354,rock,2020,0
0,0.549,0.801,-3.754,0.043,0.0867,0.0,0.225,0.629,83.979,224827,rock,2013,0
17,0.368,0.811,-5.529,0.0518,6.09e-05,0.00216,0.311,0.333,65.385,346793,rock,2019,0
27,0.405,0.918,-4.031,0.0797,9.7e-05,0.000435,0.339,0.408,90.035,195213,rock,2018,0
60,0.382,0.94,-6.105,0.0682,1.05e-05,0.293,0.349,0.356,145.987,209480,rock,2019,0
47,0.613,0.912,-4.639,0.0328,0.0378,3.65e-05,0.52,0.732,131.962,268240,rock,1985,0
59,0.327,0.895,-7.428,0.0367,0.000564,0.0159,0.104,0.898,169.39,219800,rock,1971,0
53,0.267,0.953,-4.899,0.096,0.00211,0.0,0.283,0.568,84.989,267307,rock,1987,0
63,0.545,0.905,-10.732,0.0648,0.00164,1.95e-06,0.0532,0.826,103.574,256947,rock,2020,0
48,0.683,0.529,-8.888,0.0326,0.591,3.37e-05,0.089,0.791,130.409,227373,rock,1974,0
54,0.47,0.576,-8.687,0.0289,0.181,0.299,0.744,0.0878,104.523,244200,rock,1997,0
0,0.401,0.824,-5.421,0.0356,0.00625,0.00278,0.344,0.659,146.125,224840,rock,2001,0
55,0.833,0.325,-10.093,0.0404,0.0498,0.0674,0.15,0.864,102.02,185787,rock,2009,0
61,0.462,0.628,-5.659,0.0274,0.0534,0.00025,0.12,0.0981,140.049,347760,rock,2020,0
55,0.7,0.701,-5.223,0.0342,0.185,0.0,0.0996,0.681,136.008,181492,rock,2020,0
49,0.271,0.759,-7.419,0.0327,3.37e-06,0.842,0.335,0.381,136.081,254493,rock,2000,0
3,0.275,0.987,-6.263,0.174,0.000932,0.0033,0.362,0.239,161.91,318867,rock,1991,0
43,0.49,0.781,-10.1,0.268,0.0108,0.00118,0.065,0.764,79.166,180173,rock,2012,0
38,0.504,0.719,-9.155,0.0431,0.00878,0.00149,0.075,0.177,102.144,386707,rock,2010,0
5,0.599,0.164,-23.035,0.0475,0.888,0.000612,0.121,0.317,125.388,280493,rock,2020,0
55,0.595,0.928,-4.825,0.0821,0.0316,0.0,0.217,0.72,145.068,174780,rock,2019,0
61,0.337,0.835,-6.351,0.057,0.00174,0.0,0.0945,0.418,87.561,198533,rock,2004,0
70,0.817,0.716,-8.898,0.144,0.0427,0.00263,0.358,0.692,123.475,224693,rock,2001,0
42,0.252,0.874,-6.596,0.0602,0.00307,0.014,0.122,0.377,172.804,367947,rock,2020,0
63,0.478,0.974,-3.866,0.102,0.000266,0.0984,0.0738,0.268,141.077,248307,rock,2020,0
0,0.431,0.956,-12.742,0.0339,0.00215,0.668,0.122,0.227,96.801,68147,rock,2005,0
47,0.59,0.743,-7.078,0.0347,0.067,0.00093,0.0847,0.413,129.79,346960,rock,1987,0
16,0.636,0.746,-3.785,0.0393,0.0648,0.29,0.173,0.432,132.31,138053,rock,2005,0
0,0.654,0.974,-3.304,0.0861,0.0209,0.0,0.0865,0.679,98.044,202733,rock,2006,0
6,0.557,0.886,-4.196,0.0498,0.000595,9.84e-05,0.0904,0.17,114.025,262440,rock,2009,0
77,0.392,0.534,-8.793,0.0369,0.245,0.00104,0.155,0.325,181.305,276187,rock,1991,0
33,0.612,0.804,-4.09,0.0351,0.443,1.06e-06,0.313,0.558,146.093,179680,rock,2010,0
50,0.357,0.955,-3.945,0.203,6.19e-05,0.00114,0.108,0.306,90.031,213830,rock,2019,0
68,0.63,0.788,-6.7,0.0298,0.00322,0.0237,0.0883,0.63,120.059,241080,rock,1983,0
61,0.338,0.806,-7.417,0.0767,0.00343,0.0,0.144,0.278,160.821,219760,rock,2018,0
38,0.63,0.611,-10.298,0.0348,0.229,3.97e-06,0.105,0.275,103.043,285942,rock,2010,0
60,0.725,0.524,-11.121,0.116,0.0748,0.764,0.0819,0.961,185.134,203267,rock,1985,0
55,0.616,0.807,-11.4,0.0348,0.000303,2.37e-05,0.193,0.637,111.054,235360,rock,1990,0
12,0.588,0.656,-7.563,0.0297,0.195,0.0,0.153,0.866,148.691,177267,rock,1969,0
62,0.413,0.557,-10.841,0.0335,0.00548,0.00227,0.155,0.158,120.318,311292,rock,2005,0
65,0.632,0.556,-10.138,0.0288,0.29,0.0215,0.0779,0.633,104.996,211667,rock,1975,0
64,0.765,0.502,-7.393,0.0321,0.119,0.0011,0.171,0.836,144.204,289440,rock,1994,0
42,0.459,0.812,-2.667,0.0423,0.00255,6.08e-05,0.25,0.243,150.064,218784,rock,2019,0
24,0.309,0.93,-6.399,0.125,0.0192,0.0022,0.106,0.376,195.815,280000,rock,1993,0
62,0.597,0.554,-14.144,0.0425,0.029,0.0,0.0766,0.963,117.835,133200,rock,1968,0
66,0.487,0.9,-4.54,0.0529,0.00204,6.42e-06,0.11,0.377,149.959,248373,rock,2018,0
46,0.58,0.596,-10.528,0.0751,0.125,0.0,0.0297,0.715,140.273,149676,rock,2004,0
74,0.456,0.59,-8.638,0.0327,0.00182,0.00379,0.104,0.243,124.635,283733,rock,1991,0
31,0.514,0.706,-7.8,0.0328,0.398,0.0496,0.117,0.225,83.964,238722,rock,2019,0
65,0.294,0.745,-9.138,0.0461,0.05,0.125,0.676,0.347,134.364,210107,rock,2020,0
79,0.828,0.492,-9.744,0.0276,0.0644,0.00428,0.128,0.789,120.151,257800,rock,1977,0
17,0.396,0.739,-6.57,0.0435,1.05e-05,0.211,0.36,0.338,119.949,172053,rock,2019,0
44,0.569,0.887,-8.972,0.0397,0.0896,0.431,0.345,0.738,120.949,299080,rock,2018,0
82,0.454,0.91,-7.766,0.0446,0.0852,0.0988,0.116,0.63,125.116,354520,rock,1987,0
51,0.49,0.973,-3.843,0.324,0.00732,4.95e-05,0.752,0.389,145.067,206905,rock,2019,0
38,0.432,0.882,-2.692,0.0369,0.000117,9.71e-06,0.23,0.276,176.127,246750,rock,2018,0
69,0.362,0.961,-5.664,0.0857,0.024,9.35e-06,0.159,0.491,164.019,153840,rock,2020,0
0,0.634,0.188,-24.328,0.0354,0.509,9.84e-05,0.114,0.556,79.647,256933,rock,1991,0
3,0.419,0.852,-7.78,0.0495,0.00251,0.0044,0.189,0.259,100.434,394467,rock,1987,0
0,0.618,0.741,-5.18,0.0277,0.336,0.0,0.103,0.722,112.029,196667,rock,2020,0
45,0.4,0.0897,-19.012,0.0288,0.938,0.000521,0.0847,0.24,70.387,258133,rock,2020,0
33,0.465,0.954,-2.264,0.139,0.00011,0.0,0.173,0.349,144.001,196875,rock,2020,0
70,0.28,0.908,-5.509,0.109,0.0327,8.85e-06,0.18,0.26,118.698,270080,rock,1989,0
63,0.559,0.688,-6.496,0.114,0.216,0.0,0.0855,0.578,79.753,213173,rock,2006,0
9,0.461,0.734,-9.379,0.0374,0.00079,0.00554,0.22,0.423,120.55,357933,rock,2020,0
12,0.671,0.849,-5.963,0.0283,0.0879,0.0,0.0971,0.801,125.429,269000,rock,2003,0
50,0.421,0.968,-2.931,0.144,0.0158,0.656,0.351,0.355,186.095,182960,rock,2019,0
36,0.521,0.833,-5.778,0.0357,0.000585,0.00145,0.0787,0.439,98.034,281962,rock,2019,0
24,0.534,0.887,-3.777,0.0345,0.0768,9.93e-05,0.325,0.72,122.494,249293,rock,1986,0
78,0.307,0.433,-10.057,0.029,0.388,9.08e-05,0.332,0.224,160.9,266960,rock,1973,0
0,0.561,0.347,-11.262,0.0284,0.103,0.664,0.0743,0.0358,64.0,340593,rock,2017,0
51,0.548,0.94,-2.274,0.0472,0.000106,6.44e-05,0.0696,0.783,121.994,195698,rock,2007,0
50,0.576,0.708,-10.319,0.0401,0.0729,0.000581,0.0756,0.718,140.703,219267,rock,1990,0
40,0.377,0.913,-5.954,0.0565,0.000261,0.000434,0.0751,0.349,78.049,282427,rock,2017,0
14,0.549,0.651,-7.097,0.0323,0.583,0.0,0.121,0.368,122.818,212307,rock,2020,0
0,0.598,0.683,-12.264,0.0453,0.0518,0.918,0.0846,0.696,115.032,297867,rock,2010,0
43,0.355,0.925,-3.897,0.14,0.00117,0.0,0.108,0.306,169.968,225811,rock,2019,0
66,0.33,0.167,-11.635,0.0311,0.731,3.08e-05,0.101,0.202,164.954,245533,rock,1998,0
55,0.301,0.813,-8.786,0.0568,0.000674,0.000631,0.197,0.236,109.25,436960,rock,1999,0
46,0.274,0.913,-4.886,0.159,0.0106,0.72,0.109,0.847,163.709,224360,rock,2020,0
15,0.539,0.597,-9.581,0.0258,0.0108,0.00552,0.134,0.251,139.444,387133,rock,1991,0
70,0.429,0.966,-4.605,0.0733,0.000209,0.124,0.371,0.525,179.956,278027,rock,2008,0
57,0.637,0.781,-8.263,0.031,0.194,0.000115,0.131,0.789,124.939,230973,rock,1987,0
56,0.456,0.609,-11.767,0.068,0.275,0.0198,0.108,0.682,84.441,209800,rock,2020,0
73,0.653,0.519,-10.164,0.0497,0.406,0.0209,0.101,0.822,98.883,153693,rock,1966,0
50,0.625,0.934,-9.984,0.123,0.000769,0.0014,0.113,0.142,119.933,201320,rock,2010,0
72,0.535,0.716,-5.025,0.0431,0.326,0.0,0.659,0.901,94.379,175173,rock,1981,0
81,0.496,0.863,-4.153,0.0381,0.0046,0.0,0.639,0.243,110.018,185587,rock,2003,0
23,0.579,0.824,-8.71,0.03,0.00206,0.00903,0.059,0.635,123.331,331573,rock,1991,0
44,0.791,0.56,-5.774,0.236,0.000356,1.05e-06,0.107,0.712,127.458,166587,rock,2006,0
32,0.592,0.909,-6.288,0.055,0.000726,0.000398,0.085,0.517,123.086,319320,rock,2007,0
1,0.646,0.724,-5.383,0.0237,0.0531,0.000588,0.0597,0.328,103.394,265587,rock,2015,0
70,0.308,0.873,-4.542,0.0533,0.00022,0.000729,0.0974,0.686,143.519,206587,rock,2006,0
37,0.493,0.901,-6.398,0.047,0.000367,0.00377,0.0733,0.351,138.999,403506,rock,2019,0
1,0.301,0.758,-7.704,0.0446,0.000802,0.0115,0.683,0.407,129.981,318444,rock,2019,0
58,0.189,0.893,-3.107,0.0445,3.64e-05,0.539,0.183,0.599,198.468,217693,rock,2018,0
0,0.51,0.926,-4.073,0.0613,0.00368,0.0365,0.137,0.6,137.374,262853,rock,1977,0
35,0.366,0.398,-11.527,0.0367,0.873,2.9e-06,0.13,0.181,117.705,78667,rock,1974,0
28,0.833,0.704,-6.87,0.0288,0.675,0.00165,0.328,0.951,92.315,211627,rock,2000,0
81,0.92,0.654,-3.051,0.0401,0.0236,0.0158,0.0359,0.847,117.046,293827,rock,1982,0
28,0.552,0.399,-8.455,0.0477,0.417,0.571,0.47,0.433,114.652,195696,rock,2016,0
75,0.575,0.67,-10.39,0.0318,0.343,4.95e-06,0.129,0.74,139.191,211578,rock,2020,0
22,0.597,0.579,-10.724,0.0258,0.026,0.0218,0.149,0.557,88.822,245560,rock,1986,0
30,0.547,0.607,-6.229,0.0251,0.451,0.000189,0.199,0.429,78.138,327093,rock,2002,0
51,0.445,0.471,-16.218,0.0328,0.107,0.0,0.268,0.562,71.041,178693,rock,1977,0
7,0.609,0.937,-2.912,0.0495,0.00324,0.000294,0.129,0.493,95.961,252933,rock,2010,0
72,0.558,0.719,-5.113,0.0267,0.0367,0.0,0.115,0.371,112.027,208600,rock,2020,0
58,0.42,0.691,-8.56,0.0501,0.31,0.0427,0.109,0.0383,115.326,301733,rock,2004,0
14,0.548,0.924,-4.48,0.0689,0.00033,1.42e-05,0.162,0.242,124.031,244538,rock,2019,0
25,0.258,0.968,-3.877,0.112,0.000852,0.627,0.826,0.21,185.35,218595,rock,2019,0
72,0.448,0.826,-3.244,0.0319,0.00756,0.0,0.117,0.19,77.093,254805,rock,2018,0
12,0.568,0.946,-5.092,0.0512,0.00102,0.00428,0.294,0.615,109.94,194853,rock,2019,0
3,0.633,0.649,-8.272,0.0311,0.464,0.0363,0.17,0.457,118.629,270760,rock,1969,0
0,0.474,0.911,-3.648,0.079,0.00573,2.05e-05,0.138,0.584,152.478,231307,rock,2010,0
52,0.428,0.92,-3.852,0.054,0.0856,0.0,0.177,0.453,89.895,208213,rock,2010,0
62,0.442,0.793,-5.152,0.0347,0.0456,0.0,0.328,0.437,80.985,237267,rock,2007,0
37,0.354,0.843,-9.17,0.378,0.355,0.0126,0.789,0.348,137.62,310013,rock,1974,0
50,0.271,0.891,-6.011,0.0824,0.00188,0.0157,0.996,0.365,147.509,447160,rock,1999,0
20,0.54,0.938,-7.251,0.0885,0.00234,0.00248,0.0586,0.72,101.91,173933,rock,2015,0
43,0.529,0.845,-5.432,0.0294,0.000199,0.174,0.227,0.571,109.093,256387,rock,2019,0
66,0.582,0.689,-12.203,0.0277,0.607,0.0571,0.145,0.531,111.166,297853,rock,1986,0
66,0.441,0.547,-12.222,0.0337,0.13,0.000143,0.109,0.716,134.753,199573,rock,2020,0
52,0.439,0.947,-8.189,0.0627,0.0275,0.00579,0.394,0.359,179.997,257707,rock,1985,0
34,0.548,0.95,-3.532,0.0562,0.000172,0.0046,0.251,0.586,100.004,218572,rock,2013,0
0,0.335,0.912,-3.285,0.172,0.0777,0.0,0.128,0.498,190.018,219680,rock,2014,0
0,0.412,0.839,-9.793,0.0526,0.0307,0.0,0.945,0.407,128.069,427080,rock,2005,0
64,0.695,0.582,-11.35,0.0651,0.297,0.0,0.123,0.892,122.433,187067,rock,1976,0
0,0.552,0.988,-3.65,0.145,9.43e-05,0.0,0.364,0.224,150.027,246613,rock,2013,0
73,0.527,0.978,-5.436,0.109,0.00124,4.75e-05,0.0744,0.463,141.169,210227,rock,1984,0
18,0.497,0.715,-8.792,0.032,1.24e-05,0.357,0.301,0.366,109.041,224496,rock,2019,0
56,0.787,0.517,-12.794,0.0332,0.658,1.07e-05,0.292,0.885,108.186,286667,rock,1984,0
67,0.823,0.417,-12.643,0.032,0.562,0.00098,0.0765,0.522,111.928,276280,rock,2020,0
46,0.559,0.862,-7.819,0.0514,0.283,0.00106,0.546,0.434,124.596,308747,rock,1999,0
73,0.278,0.676,-8.821,0.0371,0.000423,0.000899,0.136,0.494,104.545,237027,rock,2020,0
50,0.615,0.386,-11.813,0.0315,0.227,0.523,0.116,0.442,120.032,249479,rock,2020,0
54,0.578,0.848,-6.842,0.0261,0.0563,0.00426,0.0963,0.779,87.246,264093,rock,2020,0
3,0.625,0.665,-11.681,0.0375,0.0786,1.37e-05,0.047,0.97,150.275,235067,rock,1990,0
65,0.49,0.724,-9.581,0.0366,0.00976,0.0046,0.159,0.292,125.812,337506,rock,1987,0
10,0.736,0.717,-7.432,0.0436,0.0239,0.208,0.0925,0.872,135.009,327347,rock,2010,0
12,0.298,0.825,-8.053,0.0408,0.00541,1.46e-05,0.44,0.54,75.592,341160,rock,2020,0
72,0.282,0.605,-4.916,0.0294,0.0047,0.00144,0.103,0.0783,103.929,403453,rock,2011,0
13,0.644,0.281,-13.106,0.0371,0.832,0.386,0.0805,0.916,176.565,135133,rock,1977,0
64,0.548,0.475,-12.42,0.0355,0.615,0.808,0.0944,0.0349,126.976,294667,rock,2014,0
36,0.58,0.652,-6.031,0.0466,0.0042,1.27e-06,0.301,0.408,130.011,183076,rock,2019,0
38,0.829,0.434,-10.52,0.0341,0.447,0.00168,0.0726,0.721,117.399,253733,rock,1995,0
1,0.526,0.526,-6.287,0.0253,0.702,0.0,0.0738,0.248,140.557,196693,rock,2006,0
76,0.392,0.402,-9.961,0.0536,0.288,0.0,0.243,0.228,143.883,354320,rock,1975,0
57,0.832,0.428,-8.988,0.404,0.347,3.2e-05,0.0684,0.844,81.979,237422,rock,2018,0
25,0.552,0.251,-12.548,0.0251,0.915,0.157,0.0993,0.203,75.936,183973,rock,2010,0
58,0.557,0.826,-4.545,0.0394,0.000692,0.188,0.0914,0.632,164.01,257467,rock,2012,0
23,0.427,0.79,-7.386,0.0414,0.00141,0.707,0.126,0.469,126.887,371307,rock,2012,0
8,0.433,0.787,-6.747,0.0581,0.00287,2.97e-05,0.0883,0.562,113.363,239667,rock,2009,0
67,0.787,0.889,-3.786,0.0397,0.00462,0.423,0.0665,0.394,114.091,247360,rock,1987,0
64,0.632,0.586,-11.333,0.0284,0.0983,0.581,0.0535,0.89,114.243,342173,rock,1972,0
66,0.489,0.389,-11.653,0.0284,0.877,0.32,0.105,0.254,131.366,257787,rock,1971,0
1,0.277,0.979,-5.578,0.0979,0.0183,0.0138,0.117,0.451,100.339,406200,rock,2004,0
81,0.596,0.605,-12.145,0.0255,0.181,0.000331,0.0863,0.886,97.798,283800,rock,1974,0
1,0.476,0.869,-4.13,0.0371,0.00918,3.44e-05,0.0582,0.613,77.47,219314,rock,2016,0
61,0.66,0.695,-6.896,0.029,0.0466,0.145,0.0854,0.506,129.972,382387,rock,2016,0
26,0.418,0.799,-8.303,0.077,0.00213,0.00502,0.387,0.798,125.594,335600,rock,1997,0
2,0.323,0.879,-7.257,0.114,0.00305,0.00431,0.1,0.522,155.588,353667,rock,2020,0
65,0.427,0.459,-12.442,0.0332,0.116,0.000103,0.132,0.383,129.878,293440,rock,2020,0
67,0.64,0.922,-6.283,0.0385,0.00369,0.055,0.332,0.716,125.105,234227,rock,1997,0
64,0.698,0.774,-8.642,0.048,0.12,2.26e-06,0.394,0.731,133.197,270720,rock,2020,0
48,0.27,0.535,-8.673,0.0329,0.0679,0.00225,0.143,0.336,194.625,218373,rock,2020,0
62,0.5,0.967,-3.218,0.0534,1.25e-05,6.16e-05,0.12,0.498,129.994,227093,rock,2019,0
36,0.686,0.856,-3.359,0.0956,0.188,0.0,0.0724,0.694,117.951,267760,rock,2008,0
0,0.521,0.678,-6.811,0.0354,0.0811,0.0,0.118,0.504,121.848,198733,rock,2020,0
44,0.608,0.688,-7.655,0.0296,0.134,0.206,0.0951,0.749,114.414,334240,rock,2005,0
63,0.528,0.831,-3.607,0.0429,9.43e-05,0.0,0.141,0.632,131.094,220480,rock,2007,0
1,0.671,0.758,-6.999,0.126,0.206,0.00754,0.0408,0.868,102.17,173373,rock,2017,0
45,0.594,0.939,-3.143,0.153,0.00498,0.0,0.342,0.722,96.305,213880,rock,2005,0
60,0.485,0.935,-7.005,0.0696,0.0113,3.89e-05,0.331,0.68,155.608,321800,rock,1980,0
3,0.375,0.897,-7.551,0.0484,0.0479,0.0,0.0612,0.712,135.553,228626,rock,2014,0
9,0.72,0.898,-3.701,0.0997,0.0962,0.0,0.0675,0.964,143.431,188107,rock,1998,0
52,0.522,0.821,-4.405,0.0358,0.00612,0.0,0.141,0.277,110.046,209960,rock,2019,0
32,0.474,0.878,-3.437,0.0845,0.000261,0.0114,0.112,0.501,150.03,221033,rock,2019,0
83,0.559,0.868,-5.276,0.17,0.0475,0.000176,0.776,0.609,156.295,209413,rock,1978,0
39,0.612,0.761,-5.929,0.0283,0.104,0.0002,0.122,0.838,130.707,211680,rock,2020,0
49,0.588,0.65,-4.593,0.0257,0.00166,1.09e-06,0.199,0.183,117.999,201760,rock,2019,0
9,0.505,0.659,-6.895,0.0315,0.0518,0.0,0.268,0.596,118.873,208613,rock,2020,0
37,0.315,0.428,-11.558,0.036,0.00987,2.68e-05,0.144,0.449,177.105,287693,rock,2001,0
55,0.449,0.642,-10.527,0.0487,0.00608,0.00707,0.175,0.586,113.638,494533,rock,2020,0
37,0.651,0.446,-9.571,0.0268,0.245,0.0104,0.058,0.862,99.896,301000,rock,2004,0
3,0.535,0.863,-7.937,0.0369,0.00126,0.0175,0.191,0.578,87.599,273893,rock,1981,0
61,0.36,0.983,-2.352,0.101,8.83e-05,0.0,0.111,0.279,182.058,292733,rock,2013,0
0,0.303,0.919,-6.071,0.119,3.29e-06,0.731,0.332,0.538,153.821,275227,rock,2014,0
22,0.429,0.976,-2.707,0.179,0.00227,0.0,0.272,0.436,177.99,194073,rock,2018,0
21,0.655,0.334,-15.851,0.0293,0.467,6.26e-06,0.128,0.655,144.983,274600,rock,1985,0
12,0.236,0.97,-7.596,0.0656,0.000629,0.81,0.0994,0.303,195.217,211507,rock,2007,0
2,0.382,0.36,-12.442,0.0365,0.52,0.171,0.0747,0.0362,133.273,451681,rock,1975,0
40,0.688,0.437,-11.376,0.0296,0.224,3.21e-05,0.0662,0.557,80.173,275000,rock,2014,0
37,0.621,0.68,-8.14,0.0313,0.0052,7.23e-06,0.177,0.967,146.99,222041,rock,2019,0
74,0.267,0.953,-4.899,0.096,0.00211,0.0,0.283,0.568,84.989,267307,rock,1987,0
24,0.222,0.88,-6.528,0.0634,4.27e-05,0.00214,0.0822,0.213,84.038,244075,rock,2019,0
21,0.361,0.922,-4.834,0.0477,0.00675,0.000205,0.121,0.641,180.1,201700,rock,2019,0
46,0.694,0.649,-7.176,0.0281,0.357,0.00258,0.0868,0.603,111.98,403040,rock,2020,0
49,0.331,0.965,-2.918,0.143,0.000112,9.85e-05,0.312,0.342,176.988,158360,rock,1993,0
6,0.34,0.759,-5.992,0.039,0.157,0.821,0.562,0.181,80.023,300760,rock,2009,0
51,0.577,0.843,-5.833,0.0332,0.25,5.93e-05,0.0509,0.527,124.94,263333,rock,1988,0
60,0.315,0.534,-7.552,0.031,0.000825,0.108,0.101,0.283,116.89,269720,rock,2020,0
32,0.317,0.0455,-16.092,0.0344,0.88,0.0,0.172,0.571,107.711,67573,rock,1974,0
31,0.683,0.716,-6.61,0.0305,0.00157,0.0,0.319,0.821,112.024,243910,rock,2019,0
32,0.465,0.837,-3.744,0.033,0.0749,0.0,0.0904,0.456,145.9,209623,rock,2019,0
65,0.42,0.668,-7.35,0.0517,0.607,0.016,0.0585,0.338,125.391,350573,rock,1979,0
63,0.53,0.683,-7.13,0.0313,0.234,0.311,0.274,0.694,174.441,472400,rock,1988,0
0,0.313,0.59,-12.511,0.0346,0.00612,0.00269,0.973,0.562,181.94,286120,rock,2018,0
0,0.656,0.686,-10.614,0.0323,0.00351,0.00749,0.825,0.382,94.031,294800,rock,1997,0
69,0.431,0.95,-4.918,0.26,0.00105,3.63e-05,0.272,0.56,191.936,158733,rock,2002,0
65,0.406,0.713,-5.49,0.0348,0.276,0.00354,0.112,0.577,164.444,365093,rock,2020,0
68,0.501,0.905,-5.721,0.0518,1.88e-05,0.765,0.383,0.584,123.277,225307,rock,1998,0
71,0.517,0.906,-3.677,0.0735,0.00272,9.26e-06,0.113,0.731,172.977,211520,rock,2007,0
72,0.599,0.732,-6.843,0.0262,0.0145,0.000467,0.143,0.294,97.989,263867,rock,2020,0
70,0.494,0.946,-2.757,0.0637,0.00129,0.0,0.398,0.741,103.408,169027,rock,1999,0
0,0.481,0.755,-10.434,0.0363,0.0117,0.546,0.99,0.356,150.143,455933,rock,1997,0
66,0.265,0.553,-10.198,0.0702,0.727,0.0,0.983,0.237,76.114,329400,rock,2020,0
65,0.783,0.322,-15.091,0.0343,0.213,0.00243,0.114,0.77,128.226,267773,rock,2020,0
72,0.429,0.554,-6.128,0.0291,0.67,0.000152,0.105,0.407,136.302,272000,rock,1973,0
63,0.498,0.723,-8.053,0.05,0.238,0.0,0.353,0.882,153.227,324040,rock,1980,0
59,0.179,0.953,-2.686,0.202,1.5e-05,0.00109,0.363,0.337,153.955,249467,rock,2018,0
14,0.444,0.703,-9.443,0.0641,0.00112,0.0761,0.127,0.419,106.228,447440,rock,1988,0
54,0.641,0.78,-6.675,0.0351,0.0671,0.00181,0.0562,0.746,94.228,210480,rock,1978,0
54,0.582,0.945,-5.95,0.089,0.00016,0.0,0.668,0.389,123.041,166893,rock,2019,0
2,0.55,0.563,-9.659,0.0603,0.205,2.81e-05,0.0638,0.948,134.559,214600,rock,2020,0
27,0.587,0.561,-9.249,0.0264,0.719,0.342,0.168,0.511,92.602,147093,rock,2017,0
20,0.532,0.344,-13.057,0.035,0.00563,0.000473,0.115,0.126,91.834,235667,rock,1993,0
30,0.639,0.451,-14.529,0.0319,0.108,0.000339,0.11,0.602,98.141,178640,rock,2020,0
69,0.398,0.93,-6.76,0.0615,0.000854,0.121,0.0874,0.725,190.818,408173,rock,2020,0
67,0.561,0.327,-10.835,0.0327,0.902,0.000469,0.111,0.298,161.861,236307,rock,2007,0
3,0.464,0.944,-5.309,0.107,0.0159,5.66e-06,0.384,0.716,137.864,157640,rock,1978,0
69,0.476,0.991,-2.855,0.15,0.00191,0.0,0.121,0.202,82.997,226349,rock,2019,0
63,0.522,0.97,-4.576,0.209,5.53e-05,0.0,0.246,0.488,121.054,227012,rock,2019,0
66,0.484,0.711,-7.784,0.0331,0.0183,0.173,0.0941,0.49,148.189,503067,rock,2020,0
0,0.524,0.883,-3.257,0.035,0.0564,0.000165,0.186,0.815,122.524,250627,rock,2010,0
60,0.462,0.488,-11.143,0.0287,0.115,0.0,0.128,0.33,145.789,236867,rock,2020,0
44,0.902,0.534,-13.736,0.106,0.133,0.0,0.084,0.917,118.766,154693,rock,2020,0
33,0.546,0.297,-12.522,0.0318,0.717,0.149,0.122,0.0634,78.049,182374,rock,2019,0
11,0.359,0.889,-4.238,0.0517,0.000355,0.00324,0.0577,0.469,94.059,180000,rock,2019,0
0,0.541,0.432,-8.076,0.0299,0.504,0.000261,0.225,0.415,121.007,193333,rock,1973,0
76,0.523,0.943,-4.203,0.0337,0.00704,3.81e-05,0.0579,0.766,99.607,180160,rock,1998,0
0,0.589,0.687,-10.618,0.0304,0.233,9.78e-06,0.198,0.973,136.295,315600,rock,2008,0
46,0.375,0.618,-11.751,0.0455,0.193,0.00109,0.317,0.152,192.409,259400,rock,1990,0
1,0.623,0.908,-4.111,0.0317,0.0059,0.0,0.0879,0.745,129.028,177299,rock,2019,0
72,0.612,0.634,-8.212,0.0319,0.337,4.6e-05,0.147,0.904,121.059,243827,rock,1970,0
73,0.579,0.824,-8.71,0.03,0.00206,0.00903,0.059,0.635,123.331,331573,rock,1991,0
1,0.604,0.883,-3.821,0.047,0.0254,0.0,0.0813,0.544,90.001,245533,rock,2012,0
0,0.275,0.963,-5.98,0.0931,0.00763,0.00151,0.301,0.611,184.451,169027,rock,2008,0
49,0.234,0.927,-5.869,0.433,1.2e-05,3.86e-05,0.114,0.278,131.003,197679,rock,2018,0
62,0.549,0.969,-2.763,0.049,1.16e-05,0.106,0.104,0.348,101.055,204827,rock,2010,0
72,0.738,0.483,-8.915,0.0403,0.0262,0.616,0.106,0.355,93.458,285014,rock,2014,0
12,0.526,0.924,-5.591,0.0391,0.027,0.000728,0.598,0.793,147.28,220707,rock,2020,0
1,0.247,0.8,-10.173,0.0986,4.83e-05,0.0535,0.074,0.516,160.326,154973,rock,2020,0
0,0.505,0.956,-4.62,0.0798,0.0184,0.000176,0.103,0.503,94.969,195853,rock,2020,0
73,0.353,0.898,-5.877,0.052,2.23e-05,0.105,0.39,0.525,103.293,255733,rock,1998,0
68,0.543,0.529,-9.717,0.0301,0.326,0.00269,0.709,0.746,85.126,313840,rock,2020,0
45,0.553,0.685,-10.981,0.0275,0.0151,0.149,0.19,0.57,137.898,218960,rock,1973,0
29,0.506,0.41,-10.497,0.0303,0.419,0.0,0.0622,0.616,122.866,160093,rock,1974,0
63,0.625,0.35,-8.395,0.0436,0.398,6.76e-05,0.123,0.69,113.688,163893,rock,1976,0
14,0.644,0.823,-8.092,0.0578,0.296,0.00115,0.126,0.917,133.39,270293,rock,2020,0
54,0.451,0.884,-3.451,0.0335,0.00177,0.0,0.193,0.314,97.48,189307,rock,2006,0
0,0.452,0.911,-4.336,0.0482,0.0133,7.18e-05,0.307,0.514,101.897,261227,rock,2011,0
62,0.648,0.755,-7.901,0.03,0.0141,0.000249,0.225,0.607,126.341,294587,rock,1983,0
1,0.493,0.842,-6.724,0.0569,0.0149,0.0164,0.188,0.805,145.25,236147,rock,2009,0
63,0.675,0.61,-13.811,0.085,0.0852,0.0188,0.159,0.344,131.037,253800,rock,1980,0
30,0.35,0.98,-3.608,0.15,9.75e-06,0.278,0.152,0.278,147.964,236613,rock,2018,0
44,0.32,0.749,-5.137,0.0382,0.0301,0.00201,0.357,0.186,126.064,281293,rock,2020,0
71,0.346,0.765,-8.558,0.0413,0.00229,7.54e-06,0.213,0.644,106.463,284427,rock,1990,0
42,0.432,0.831,-7.24,0.0616,2.72e-05,0.00841,0.296,0.247,196.018,174079,rock,2019,0
15,0.486,0.747,-7.248,0.0407,0.0203,0.00607,0.0992,0.368,132.29,336000,rock,1991,0
45,0.654,0.243,-15.379,0.0253,0.343,0.000148,0.142,0.675,97.064,136200,rock,1993,0
30,0.297,0.974,-4.096,0.135,0.00366,0.0,0.113,0.227,131.333,115000,rock,2019,0
51,0.573,0.949,-2.713,0.0443,0.00293,0.0,0.226,0.897,148.967,188607,rock,2012,0
29,0.49,0.585,-10.623,0.0408,0.131,0.00423,0.0845,0.352,125.315,305987,rock,1978,0
81,0.592,0.767,-2.788,0.027,0.0021,0.00165,0.127,0.328,96.483,329733,rock,1999,0
42,0.42,0.89,-6.923,0.116,0.00469,0.0787,0.0869,0.382,132.969,230960,rock,2020,0
36,0.345,0.998,1.275,0.229,0.0756,1.76e-05,0.108,0.28,154.85,256067,rock,1973,0
67,0.457,0.266,-14.465,0.0313,0.711,0.000261,0.124,0.372,120.459,354400,rock,1988,0
4,0.498,0.858,-5.259,0.0661,0.159,0.0,0.262,0.778,132.718,241893,rock,1981,0
14,0.554,0.8,-8.855,0.0348,0.0145,0.104,0.105,0.162,95.894,302613,rock,2007,0
73,0.486,0.45,-10.298,0.0267,0.166,2.06e-06,0.54,0.55,100.456,254293,rock,1972,0
49,0.677,0.482,-9.875,0.0535,0.202,0.000188,0.104,0.312,112.018,248306,rock,2019,0
65,0.592,0.397,-10.81,0.0676,0.354,0.000894,0.119,0.205,150.038,185293,rock,2020,0
68,0.415,0.658,-12.051,0.0696,4.52e-05,0.000735,0.176,0.45,163.015,168406,rock,1970,0
0,0.495,0.946,-8.804,0.0613,0.022,0.0,0.835,0.417,111.666,205347,rock,2005,0
19,0.567,0.925,-4.131,0.0446,0.000316,0.0235,0.186,0.457,120.057,172867,rock,2019,0
75,0.439,0.434,-14.918,0.0265,0.0783,4.87e-05,0.14,0.204,94.845,274707,rock,1993,0
27,0.471,0.941,-4.246,0.123,0.000217,0.0,0.103,0.487,76.487,222669,rock,2019,0
2,0.256,0.863,-6.582,0.106,3.48e-05,0.00405,0.364,0.521,158.947,389333,rock,2020,0
63,0.551,0.696,-6.192,0.0265,0.0392,0.0,0.127,0.354,112.024,209360,rock,2011,0
8,0.459,0.99,-3.008,0.0539,0.00141,5.49e-06,0.0795,0.299,95.034,188349,rock,2020,0
32,0.34,0.0928,-16.507,0.0343,0.898,0.000645,0.0919,0.16,131.254,228293,rock,2009,0
67,0.564,0.645,-12.923,0.0484,0.0552,2.84e-06,0.151,0.836,99.302,170173,rock,1976,0
69,0.504,0.354,-11.3,0.0339,0.29,4.71e-06,0.157,0.292,140.87,303587,rock,2020,0
48,0.404,0.952,-3.41,0.048,1.07e-05,1.05e-05,0.0838,0.369,153.965,207920,rock,2019,0
13,0.496,0.739,-7.193,0.0415,0.0211,0.00444,0.106,0.378,132.41,336000,rock,1991,0
54,0.41,0.834,-5.375,0.054,0.0651,0.0,0.115,0.333,147.982,255400,rock,2017,0
41,0.512,0.872,-8.089,0.0556,1.52e-05,0.00793,0.246,0.531,114.925,241493,rock,2019,0
0,0.597,0.735,-9.214,0.0328,0.0603,1.35e-05,0.527,0.907,122.416,268067,rock,2005,0
63,0.61,0.824,-6.046,0.0534,0.0136,1.75e-06,0.0606,0.819,134.992,210133,rock,2020,0
7,0.354,0.942,-3.245,0.237,0.00039,6.36e-06,0.431,0.242,119.992,207987,rock,2018,0
22,0.59,0.639,-10.245,0.0306,0.0686,0.00164,0.816,0.385,105.985,296747,rock,2019,0
76,0.489,0.724,-8.367,0.0352,0.313,0.185,0.287,0.15,117.292,300400,rock,1971,0
68,0.521,0.673,-8.685,0.0284,0.00573,0.0,0.12,0.543,108.031,225947,rock,1996,0
61,0.34,0.976,-4.782,0.0912,0.00649,0.00643,0.123,0.669,144.737,232333,rock,1989,0
73,0.586,0.7,-9.558,0.0363,0.0589,0.00125,0.0318,0.897,147.245,295400,rock,1979,0
51,0.5,0.343,-7.367,0.0261,0.702,0.00114,0.113,0.155,136.28,242848,rock,2020,0
67,0.435,0.887,-4.07,0.0636,0.000747,0.0,0.0327,0.408,199.935,212040,rock,2007,0
47,0.527,0.973,-2.948,0.153,0.00121,0.0,0.335,0.663,144.046,172250,rock,2019,0
54,0.749,0.614,-10.594,0.0264,0.0372,0.00286,0.0603,0.878,103.868,208173,rock,1986,0
12,0.421,0.677,-6.183,0.0343,0.000989,9.65e-05,0.211,0.683,127.67,303587,rock,2020,0
13,0.529,0.854,-4.992,0.0362,0.0579,0.0,0.224,0.961,129.381,192160,rock,2019,0
55,0.611,0.853,-4.983,0.034,0.0219,0.0,0.671,0.376,135.558,243280,rock,1988,0
36,0.614,0.399,-9.719,0.0237,0.235,0.0,0.0901,0.352,80.091,241000,rock,2014,0
9,0.5,0.832,-6.281,0.0325,8.36e-05,0.00655,0.0924,0.553,120.066,219027,rock,2002,0
0,0.469,0.875,-5.072,0.0951,0.0691,0.0,0.102,0.377,134.357,203533,rock,2009,0
59,0.669,0.52,-10.136,0.0345,0.245,0.00535,0.126,0.634,104.812,224027,rock,2020,0
11,0.436,0.657,-8.868,0.0541,0.00975,0.00748,0.0931,0.21,118.693,467640,rock,2020,0
63,0.544,0.241,-14.779,0.03,0.983,0.774,0.101,0.359,109.437,204773,rock,2013,0
70,0.537,0.502,-8.406,0.025,0.44,0.0709,0.199,0.288,80.511,232027,rock,2006,0
4,0.337,0.579,-8.65,0.0378,0.0937,0.000399,0.288,0.0934,133.171,493880,rock,2008,0
67,0.613,0.898,-7.593,0.0368,0.429,1.29e-06,0.272,0.763,134.033,279160,rock,1992,0
0,0.611,0.765,-13.015,0.048,0.0183,0.892,0.0941,0.647,129.957,326240,rock,2010,0
32,0.559,0.652,-5.665,0.032,0.00664,0.0,0.113,0.236,119.932,245373,rock,2019,0
8,0.286,0.856,-6.777,0.0585,0.0238,0.0542,0.487,0.696,162.12,250973,rock,1983,0
66,0.706,0.322,-14.108,0.0467,0.528,2.37e-06,0.576,0.305,135.154,221133,rock,2020,0
44,0.705,0.499,-7.969,0.0265,0.409,6.59e-05,0.103,0.391,98.686,229507,rock,2020,0
3,0.273,0.84,-3.497,0.133,0.0238,9.21e-06,0.0707,0.656,208.527,205907,rock,2020,0
67,0.526,0.762,-12.437,0.0342,0.000972,0.000116,0.338,0.505,136.203,214400,rock,1992,0
27,0.524,0.728,-9.965,0.0269,0.00431,0.124,0.369,0.726,137.479,181920,rock,2020,0
18,0.484,0.991,-3.262,0.138,2.32e-05,0.0193,0.1,0.163,120.022,225250,rock,2019,0
61,0.529,0.92,-4.168,0.0649,2.87e-05,0.00202,0.0582,0.438,111.132,195653,rock,2011,0
0,0.582,0.853,-10.755,0.0663,0.496,0.538,0.697,0.775,110.268,316173,rock,2020,0
67,0.651,0.949,-6.566,0.0403,0.00737,0.125,0.286,0.61,113.257,285733,rock,1986,0
13,0.284,0.954,-6.406,0.14,0.0113,0.0019,0.723,0.492,168.617,316707,rock,2020,0
2,0.466,0.889,-5.301,0.115,0.0158,0.00131,0.253,0.773,117.581,236160,rock,2008,0
23,0.657,0.814,-6.47,0.0306,0.0283,0.00552,0.0686,0.436,137.773,337493,rock,1984,0
74,0.267,0.953,-4.899,0.096,0.00211,0.0,0.283,0.568,84.989,267307,rock,1987,0
73,0.513,0.396,-13.061,0.0299,0.251,0.177,0.11,0.229,140.208,149880,rock,1973,0
0,0.534,0.967,-3.935,0.0662,0.000877,0.0158,0.242,0.344,110.959,289920,rock,2020,0
69,0.405,0.21,-13.214,0.0279,0.584,0.0,0.139,0.174,100.577,202173,rock,2020,0
79,0.54,0.429,-11.822,0.0285,0.000202,0.355,0.141,0.113,110.171,295516,rock,1987,0
18,0.63,0.41,-16.536,0.032,0.247,1.69e-06,0.0627,0.71,125.964,277573,rock,1985,0
68,0.654,0.611,-10.45,0.119,0.0337,0.000178,0.405,0.786,85.387,235000,rock,1994,0
52,0.682,0.711,-7.637,0.0325,0.179,9.53e-05,0.126,0.766,129.546,224533,rock,2020,0
0,0.735,0.655,-8.674,0.0275,0.0888,0.000128,0.0911,0.83,126.705,191400,rock,2020,0
0,0.539,0.328,-13.703,0.0385,0.862,0.753,0.387,0.135,144.431,194067,rock,2010,0
51,0.47,0.806,-7.165,0.0369,0.379,0.0624,0.86,0.787,132.359,278907,rock,1971,0
72,0.601,0.859,-5.263,0.0276,0.000359,0.00124,0.0871,0.446,125.145,258027,rock,1983,0
26,0.455,0.898,-5.796,0.0482,4.43e-05,0.139,0.135,0.709,180.11,201056,rock,2019,0
39,0.557,0.866,-6.876,0.0316,1.9e-05,0.11,0.323,0.687,130.641,262000,rock,2007,0
0,0.618,0.824,-6.973,0.129,0.515,5.92e-05,0.0547,0.608,144.957,240133,rock,1996,0
34,0.47,0.93,-3.4,0.0682,5e-05,0.0,0.553,0.265,110.085,194305,rock,2018,0
60,0.662,0.788,-5.544,0.0635,0.0812,0.141,0.0351,0.929,116.499,315640,rock,2020,0
0,0.609,0.647,-13.003,0.063,0.365,9.18e-06,0.083,0.692,145.249,156827,rock,2020,0
0,0.417,0.535,-8.619,0.0264,0.000384,0.000154,0.125,0.0774,92.069,295867,rock,2017,0
30,0.584,0.916,-5.903,0.0339,0.00252,0.168,0.276,0.717,125.814,289387,rock,2017,0
71,0.687,0.677,-4.172,0.0508,0.000658,0.000146,0.0564,0.546,75.052,199773,rock,2005,0
52,0.624,0.719,-9.87,0.0278,0.0307,0.0489,0.322,0.724,129.552,213933,rock,2012,0
24,0.751,0.729,-5.916,0.0324,0.347,4.14e-06,0.511,0.684,110.33,211293,rock,1984,0
88,0.76,0.479,-5.574,0.0466,0.556,0.0,0.0703,0.913,89.911,158040,rock,2018,0
58,0.57,0.554,-9.732,0.0288,0.0548,0.0,0.139,0.372,122.135,300147,rock,2020,0
12,0.429,0.922,-6.649,0.0924,0.0235,0.00138,0.0954,0.439,120.361,133813,rock,1974,0
57,0.651,0.648,-7.44,0.0346,0.167,1.7e-05,0.192,0.868,97.017,225667,rock,1977,0
75,0.645,0.598,-13.18,0.0335,0.221,3.53e-06,0.0721,0.913,105.929,227267,rock,2020,0
76,0.749,0.794,-5.063,0.064,0.0193,0.0,0.543,0.46,135.959,269554,rock,2018,0
69,0.373,0.609,-7.0,0.0316,0.108,0.000427,0.0755,0.354,179.955,270680,rock,2015,0
68,0.407,0.834,-9.224,0.208,0.0734,0.00021,0.241,0.71,121.38,205293,rock,1973,0
35,0.532,0.718,-7.58,0.0422,0.014,0.0,0.0781,0.439,99.962,239375,rock,2019,0
60,0.656,0.462,-14.072,0.0373,0.518,0.000137,0.091,0.642,116.049,271093,rock,1974,0
6,0.596,0.87,-6.187,0.115,0.00155,3.53e-06,0.322,0.68,141.906,238341,rock,2019,0
0,0.622,0.974,-4.867,0.0984,0.00447,0.000104,0.213,0.25,127.004,195885,rock,2017,0
0,0.697,0.911,-6.196,0.0294,0.0071,0.0316,0.219,0.935,118.339,256400,rock,2020,0
28,0.491,0.748,-2.981,0.0362,0.00253,0.821,0.107,0.594,152.974,207707,rock,2019,0
53,0.541,0.83,-6.246,0.0316,0.109,0.701,0.167,0.711,142.592,177987,rock,1985,0
3,0.379,0.552,-6.195,0.0286,0.544,0.0,0.246,0.316,133.99,209493,rock,2020,0
2,0.619,0.849,-5.397,0.0417,0.0192,0.0,0.144,0.212,126.035,214582,rock,2018,0
59,0.622,0.865,-6.369,0.0531,0.0167,2.34e-05,0.0692,0.87,149.706,227800,rock,2018,0
59,0.521,0.989,-2.386,0.123,0.0066,2.1e-06,0.207,0.361,101.02,168726,rock,2019,0
60,0.578,0.477,-8.119,0.0228,0.448,0.00031,0.124,0.511,95.892,264213,rock,2007,0
33,0.592,0.804,-6.295,0.0269,0.144,0.0,0.442,0.61,107.969,172774,rock,2019,0
73,0.429,0.594,-6.251,0.0277,0.156,4.95e-06,0.1,0.236,150.22,265000,rock,1997,0
3,0.906,0.619,-9.496,0.0344,0.129,0.000397,0.375,0.944,114.907,302373,rock,1984,0
56,0.31,0.806,-4.936,0.126,0.00739,0.0,0.177,0.432,202.078,262842,rock,2019,0
61,0.609,0.759,-4.862,0.0276,0.028,0.0,0.183,0.774,114.045,215760,rock,2020,0
69,0.497,0.349,-14.0,0.0297,0.0929,0.028,0.259,0.421,113.762,365627,rock,2020,0
2,0.43,0.663,-10.579,0.0319,0.216,1.85e-05,0.0521,0.537,176.378,233427,rock,1989,0
48,0.784,0.556,-11.062,0.0319,0.136,0.0,0.214,0.945,119.883,224880,rock,1986,0
45,0.626,0.837,-7.259,0.0573,0.000423,0.0,0.183,0.526,128.054,220760,rock,2018,0
0,0.775,0.39,-11.909,0.0303,0.655,4.64e-05,0.0948,0.554,114.04,209027,rock,2007,0
37,0.571,0.447,-8.303,0.0246,0.613,0.0,0.07,0.345,80.699,211360,rock,1982,0
19,0.596,0.448,-9.616,0.0396,0.365,5.3e-06,0.206,0.796,83.293,264504,rock,1973,0
75,0.634,0.63,-8.277,0.031,0.447,0.039,0.17,0.489,118.628,270773,rock,1969,0
1,0.51,0.926,-4.073,0.0613,0.00368,0.0365,0.137,0.6,137.374,262853,rock,1977,0
74,0.765,0.788,-9.896,0.0332,0.0166,0.588,0.0513,0.964,126.879,266200,rock,2020,0
51,0.562,0.991,-2.654,0.0745,0.0373,1.14e-05,0.425,0.266,118.004,263560,rock,2020,0
15,0.487,0.806,-6.94,0.0354,1.64e-05,0.0112,0.183,0.287,128.639,273000,rock,2020,0
55,0.552,0.651,-10.624,0.229,0.00494,0.0349,0.132,0.533,161.548,232533,rock,2004,0
3,0.282,0.523,-10.77,0.0346,0.257,3.29e-06,0.266,0.293,160.551,221107,rock,1985,0
33,0.44,0.848,-5.6,0.0313,0.00515,0.465,0.0725,0.269,90.027,269933,rock,2019,0
83,0.573,0.913,-4.793,0.132,0.0591,0.00173,0.156,0.422,115.715,208400,rock,1979,0
10,0.653,0.966,-4.236,0.0598,0.00287,0.0026,0.143,0.874,126.921,209267,rock,2001,0
60,0.512,0.947,-5.659,0.0401,0.000692,0.114,0.0283,0.612,117.461,256933,rock,2020,0
64,0.454,0.821,-4.816,0.0324,0.0165,3.55e-06,0.13,0.414,108.533,250333,rock,1990,0
69,0.37,0.858,-4.885,0.0545,0.00815,2.12e-05,0.229,0.464,175.077,214947,rock,2003,0
73,0.38,0.76,-10.961,0.0378,0.00298,0.0294,0.104,0.491,99.437,274133,rock,1975,0
50,0.6,0.869,-5.126,0.0302,0.00345,0.441,0.311,0.56,117.064,215267,rock,1988,0
20,0.598,0.568,-7.312,0.0274,0.0113,4.9e-06,0.34,0.16,127.797,181931,rock,2019,0
57,0.59,0.979,-3.763,0.103,0.000128,0.0,0.0819,0.724,102.993,167510,rock,2013,0
49,0.615,0.689,-9.602,0.0297,0.0442,0.00704,0.278,0.736,131.824,263867,rock,2018,0
50,0.682,0.584,-9.507,0.031,0.182,0.000107,0.0468,0.709,92.793,295347,rock,2018,0
33,0.646,0.548,-8.879,0.0298,0.421,0.0,0.096,0.194,130.11,270000,rock,2015,0
16,0.691,0.592,-8.089,0.0366,0.389,3.29e-05,0.124,0.736,115.152,250400,rock,1967,0
14,0.441,0.69,-8.905,0.0955,0.248,0.00084,0.798,0.505,101.515,268827,rock,2015,0
0,0.25,0.947,-7.933,0.0959,0.0139,3.38e-05,0.975,0.439,183.891,291333,rock,2005,0
67,0.613,0.885,-7.463,0.052,0.0804,0.746,0.0997,0.919,118.506,263213,rock,1986,0
2,0.64,0.878,-6.481,0.0335,0.17,0.000232,0.0632,0.795,115.7,243573,rock,2020,0
68,0.543,0.529,-9.717,0.0301,0.326,0.00269,0.709,0.746,85.126,313840,rock,2020,0
0,0.551,0.866,-10.121,0.101,0.0677,1.6e-06,0.55,0.42,91.629,224427,rock,2005,0
61,0.5,0.866,-4.338,0.0443,0.0575,0.0,0.129,0.629,176.189,197235,rock,2019,0
0,0.405,0.668,-8.609,0.0376,0.436,0.0875,0.148,0.129,118.039,309400,rock,1996,0
61,0.616,0.766,-11.095,0.0321,0.0268,1.05e-06,0.329,0.883,105.764,294267,rock,2020,0
30,0.411,0.565,-7.166,0.0272,0.0146,0.00353,0.313,0.301,76.984,250710,rock,2019,0
51,0.59,0.685,-5.216,0.0282,6.58e-05,3.08e-05,0.165,0.425,112.411,226667,rock,2000,0
55,0.622,0.845,-5.984,0.0324,0.118,0.0,0.0984,0.715,132.752,211467,rock,2020,0
78,0.338,0.34,-12.049,0.0339,0.58,0.0032,0.116,0.197,82.433,482830,rock,1971,0
71,0.529,0.932,-7.501,0.0488,0.00251,0.00109,0.136,0.571,138.158,201693,rock,2020,0
53,0.518,0.712,-9.269,0.0297,0.143,0.0629,0.612,0.509,122.701,271400,rock,1997,0
50,0.654,0.506,-17.18,0.0535,0.686,0.0155,0.155,0.831,123.179,252240,rock,2020,0
85,0.64,0.74,-4.083,0.0284,0.0115,0.00678,0.167,0.785,116.879,216320,rock,2015,0
41,0.672,0.857,-4.638,0.0628,0.0791,0.0,0.184,0.712,154.966,196280,rock,2019,0
28,0.415,0.925,-5.802,0.0573,2.16e-06,0.000953,0.0922,0.185,99.982,217200,rock,2019,0
33,0.609,0.383,-11.062,0.0291,0.238,2.47e-06,0.148,0.146,103.007,200680,rock,2019,0
30,0.693,0.822,-7.424,0.0399,0.0197,8.16e-06,0.132,0.441,118.052,329400,rock,2020,0
49,0.445,0.966,-3.751,0.054,0.0149,0.000915,0.164,0.321,109.482,215867,rock,2011,0
76,0.556,0.913,-2.36,0.0437,0.0193,8.59e-06,0.346,0.73,96.184,282160,rock,2006,0
44,0.369,0.921,-5.693,0.0791,0.0112,0.428,0.068,0.245,124.689,280195,rock,2020,0
69,0.693,0.823,-3.761,0.0726,0.0932,0.0,0.328,0.741,87.904,196093,rock,2005,0
30,0.511,0.822,-4.781,0.0448,0.000257,0.00371,0.0366,0.788,120.175,163826,rock,2019,0
58,0.623,0.947,-3.934,0.103,0.00386,0.00575,0.582,0.684,146.318,211813,rock,2004,0
80,0.756,0.609,-7.927,0.0544,0.217,0.00474,0.096,0.537,117.023,155720,rock,2017,0
59,0.571,0.89,-1.6,0.0395,0.00509,0.0,0.0769,0.751,110.958,234147,rock,2005,0
68,0.601,0.643,-5.828,0.0314,0.112,0.00209,0.088,0.552,128.262,239600,rock,2020,0
3,0.296,0.83,-7.051,0.0505,0.00081,0.0,0.263,0.478,164.124,223533,rock,2020,0
0,0.664,0.692,-5.792,0.0399,0.00561,0.00126,0.0462,0.948,123.936,306144,rock,2018,0
69,0.524,0.955,-7.081,0.0411,0.00717,8.77e-06,0.659,0.869,133.849,253733,rock,2020,0
46,0.711,0.624,-8.011,0.08,0.421,2.27e-06,0.271,0.703,118.137,225173,rock,2020,0
65,0.559,0.764,-7.058,0.0348,0.00441,0.0299,0.0807,0.932,143.319,213693,rock,1980,0
61,0.773,0.543,-9.97,0.0292,0.093,5.63e-06,0.175,0.802,115.997,160000,rock,1976,0
51,0.583,0.833,-8.29,0.0343,0.0531,5.57e-05,0.16,0.81,119.884,182800,rock,2020,0
68,0.386,0.145,-16.94,0.0362,0.792,0.000196,0.1,0.262,171.63,226067,rock,1986,0
2,0.491,0.583,-10.964,0.0376,0.182,0.0,0.407,0.907,150.572,183307,rock,2020,0
64,0.579,0.872,-6.126,0.159,0.159,0.0,0.0935,0.761,76.214,235560,rock,2020,0
58,0.707,0.568,-13.52,0.0291,0.0319,0.0298,0.055,0.877,105.326,223440,rock,1989,0
74,0.575,0.318,-16.729,0.109,0.683,0.000202,0.0934,0.385,104.522,254173,rock,1972,0
40,0.689,0.679,-6.735,0.0315,0.00028,3.38e-05,0.0986,0.43,136.988,278213,rock,2019,0
46,0.429,0.966,-4.605,0.0733,0.000209,0.124,0.371,0.525,179.956,278027,rock,2011,0
47,0.439,0.987,-3.576,0.22,0.00156,1.55e-05,0.424,0.378,163.393,188867,rock,2013,0
26,0.795,0.505,-7.281,0.0288,0.502,0.0153,0.288,0.961,109.889,268893,rock,2007,0
64,0.463,0.671,-6.438,0.0683,0.0626,0.0,0.0947,0.633,84.28,180813,rock,1978,0
57,0.595,0.714,-5.705,0.0609,0.0381,0.0,0.08,0.141,88.449,325333,rock,2004,0
41,0.682,0.401,-10.068,0.0236,0.279,0.0117,0.0887,0.566,97.091,235440,rock,2001,0
53,0.318,0.958,-2.683,0.442,0.0603,4.68e-06,0.0981,0.3,163.089,206200,rock,2001,0
65,0.641,0.812,-7.945,0.0293,0.155,4.43e-05,0.078,0.822,112.777,257333,rock,2020,0
9,0.534,0.896,-4.96,0.0368,0.000352,1.45e-06,0.0758,0.64,144.932,199862,rock,2019,0
70,0.699,0.502,-12.526,0.0278,0.0607,0.0337,0.317,0.676,105.266,221640,rock,1977,0
0,0.516,0.91,-8.865,0.0608,0.00103,0.813,0.057,0.367,140.858,266067,rock,1981,0
46,0.494,0.661,-7.54,0.047,0.486,0.806,0.116,0.204,89.659,260253,rock,2014,0
35,0.608,0.905,-3.89,0.0426,0.000254,4.93e-05,0.072,0.419,127.977,166667,rock,2013,0
13,0.492,0.845,-5.686,0.0442,0.0297,0.00121,0.209,0.495,86.988,275493,rock,2020,0
73,0.55,0.824,-5.988,0.0334,0.448,0.000127,0.366,0.777,114.512,214733,rock,1976,0
24,0.643,0.801,-4.921,0.0228,0.0298,0.0,0.0719,0.534,95.988,270333,rock,2020,0
79,0.442,0.943,-3.205,0.0602,0.00293,8.71e-06,0.091,0.781,85.064,181533,rock,1994,0
76,0.481,0.262,-15.73,0.0414,0.735,0.0114,0.832,0.375,122.883,334744,rock,1975,0
77,0.545,0.865,-5.708,0.0286,0.00664,1.12e-05,0.168,0.543,99.01,233933,rock,2020,0
48,0.579,0.662,-6.885,0.0245,0.000625,3.89e-06,0.117,0.574,102.951,203733,rock,2005,0
40,0.357,0.559,-7.464,0.0321,0.509,0.0,0.0565,0.173,112.889,292667,rock,2020,0
54,0.489,0.676,-8.769,0.0367,0.287,0.0,0.389,0.623,89.735,256960,rock,2001,0
25,0.435,0.726,-6.255,0.0361,0.000465,0.00832,0.174,0.389,148.016,179187,rock,2019,0
0,0.303,0.865,-9.196,0.0563,0.00562,0.0,0.964,0.754,181.243,247880,rock,2005,0
0,0.26,0.825,-3.555,0.0427,0.0767,0.0145,0.328,0.279,148.557,308560,rock,2010,0
40,0.473,0.911,-3.843,0.0748,0.000105,0.145,0.0704,0.386,131.995,261000,rock,2019,0
6,0.618,0.74,-5.589,0.0386,0.00227,0.0408,0.0797,0.809,135.088,253733,rock,2015,0
3,0.46,0.974,-5.095,0.156,0.0537,7.95e-06,0.329,0.444,112.684,284973,rock,1989,0
70,0.498,0.83,-5.157,0.0421,0.00461,0.0,0.139,0.453,89.342,231480,rock,2003,0
21,0.511,0.886,-3.733,0.07,0.00291,9.07e-06,0.0715,0.305,150.066,242625,rock,2019,0
53,0.35,0.974,-9.55,0.133,0.00146,0.446,0.0378,0.119,98.354,202040,rock,1991,0
61,0.456,0.696,-10.0,0.0653,0.291,0.000207,0.0853,0.508,142.156,428133,rock,2020,0
3,0.598,0.606,-11.812,0.0256,0.162,0.000357,0.353,0.91,97.736,287173,rock,1993,0
14,0.496,0.586,-10.991,0.0353,0.182,0.0,0.332,0.899,148.882,183520,rock,2009,0
38,0.596,0.925,-4.882,0.055,0.0343,1.07e-05,0.175,0.616,137.919,214400,rock,2019,0
31,0.484,0.787,-7.431,0.0415,0.00144,0.0013,0.217,0.638,106.645,134467,rock,2019,0
10,0.29,0.498,-12.597,0.0313,0.00128,0.641,0.1,0.474,89.504,300429,rock,2017,0
51,0.67,0.571,-9.976,0.0255,0.00507,7.23e-05,0.124,0.899,109.905,359227,rock,2020,0
80,0.419,0.934,-3.908,0.12,0.000278,0.0015,0.132,0.286,127.288,210240,rock,2001,0
44,0.348,0.896,-7.63,0.0397,0.000216,0.0173,0.168,0.572,132.577,336827,rock,2006,0
4,0.465,0.947,-3.731,0.0462,0.000291,1.25e-05,0.0963,0.69,156.016,169656,rock,2019,0
0,0.412,0.376,-13.204,0.0384,0.602,0.0335,0.579,0.472,127.521,295600,rock,2020,0
13,0.331,0.97,-3.944,0.169,2.28e-05,0.000364,0.704,0.355,165.267,238206,rock,2013,0
82,0.933,0.528,-6.472,0.161,0.112,0.312,0.163,0.754,109.967,214653,rock,1980,0
64,0.441,0.815,-4.088,0.0276,0.000731,0.0,0.414,0.522,164.021,219320,rock,2005,0
68,0.724,0.523,-11.139,0.116,0.0745,0.703,0.0811,0.965,185.075,203267,rock,1985,0
23,0.634,0.833,-5.117,0.0323,0.165,4.63e-05,0.162,0.799,129.587,224613,rock,2008,0
57,0.577,0.676,-11.931,0.0295,0.000895,2.29e-06,0.0625,0.676,95.98,245267,rock,2020,0
2,0.609,0.935,-2.941,0.0479,0.0029,0.000359,0.188,0.498,95.957,252400,rock,2001,0
73,0.27,0.944,-4.199,0.0975,0.00501,2.05e-05,0.116,0.606,146.347,269920,rock,1975,0
0,0.557,0.656,-7.587,0.0309,0.123,0.276,0.0971,0.801,207.883,349520,rock,2015,0
35,0.651,0.627,-5.758,0.106,0.0497,2.97e-05,0.0989,0.52,64.96,255000,rock,2019,0
6,0.367,0.445,-13.615,0.0286,0.0478,0.00284,0.199,0.149,67.197,286627,rock,2020,0
0,0.342,0.239,-15.682,0.0394,0.853,2.94e-05,0.0691,0.494,200.639,239813,rock,1963,0
16,0.683,0.694,-8.723,0.1,0.0682,7.1e-05,0.175,0.598,154.93,142452,rock,2019,0
12,0.544,0.903,-5.651,0.0545,0.00166,0.00632,0.1,0.432,153.629,204587,rock,2008,0
30,0.697,0.539,-8.402,0.031,0.301,0.00196,0.312,0.829,114.984,154435,rock,2013,0
58,0.276,0.639,-11.674,0.0471,0.0178,0.0,0.292,0.643,186.502,230507,rock,1981,0
69,0.374,0.927,-4.212,0.0652,6.2e-05,0.000177,0.0575,0.301,154.047,260027,rock,1997,0
73,0.634,0.551,-7.136,0.0352,0.00737,1.82e-05,0.07,0.453,151.779,258827,rock,1994,0
68,0.67,0.558,-9.159,0.0251,0.238,0.0,0.106,0.63,80.511,173493,rock,1997,0
64,0.463,0.836,-2.776,0.0381,0.000418,7.38e-06,0.25,0.713,141.955,165120,rock,2020,0
63,0.483,0.615,-8.538,0.0497,0.452,0.000414,0.0512,0.594,80.576,517125,rock,1975,0
73,0.531,0.481,-11.709,0.06,0.699,0.0,0.0842,0.491,138.45,516893,rock,2020,0
69,0.785,0.737,-5.306,0.0363,0.0421,9.93e-05,0.108,0.971,125.447,218960,rock,2020,0
65,0.43,0.971,-3.845,0.0524,0.0271,2.16e-05,0.185,0.764,151.219,212000,rock,1987,0
63,0.508,0.493,-8.786,0.0327,0.453,0.0,0.241,0.467,127.671,213267,rock,1969,0
0,0.561,0.953,-8.927,0.0674,0.00166,3.64e-06,0.239,0.805,121.741,202040,rock,2011,0
0,0.592,0.877,-4.05,0.0502,0.0095,0.000171,0.131,0.712,117.106,241849,rock,2012,0
7,0.288,0.866,-4.618,0.0488,0.107,0.0,0.808,0.512,180.635,275760,rock,1987,0
3,0.533,0.963,-2.528,0.0562,0.0353,1.33e-06,0.368,0.789,122.812,223147,rock,2010,0
31,0.458,0.969,-4.253,0.0928,6.81e-06,0.511,0.296,0.503,131.027,304580,rock,2019,0
46,0.688,0.739,-9.526,0.0744,0.321,0.011,0.174,0.77,124.065,188880,rock,2014,0
81,0.692,0.711,-7.498,0.0317,0.227,0.0,0.12,0.875,125.135,216933,rock,1983,0
56,0.79,0.653,-11.511,0.0397,0.00717,0.0,0.0386,0.94,99.826,237240,rock,1988,0
33,0.606,0.817,-5.666,0.0331,0.0171,0.258,0.137,0.369,129.999,188960,rock,2008,0
31,0.659,0.436,-9.441,0.0513,0.216,0.00191,0.064,0.352,139.951,215423,rock,2019,0
9,0.429,0.665,-9.681,0.14,0.406,0.00011,0.409,0.543,160.499,266240,rock,1993,0
47,0.53,0.782,-6.872,0.0259,0.0274,0.000187,0.0688,0.717,93.105,230960,rock,2003,0
83,0.31,0.7,-5.678,0.047,0.011,0.00965,0.0828,0.763,188.386,255493,rock,1980,0
1,0.516,0.805,-7.629,0.0474,0.00426,6.58e-06,0.108,0.516,138.206,309293,rock,2020,0
47,0.5,0.948,-2.856,0.0612,0.0013,0.0228,0.164,0.508,90.061,214667,rock,2019,0
16,0.309,0.831,-8.288,0.036,0.488,0.00304,0.286,0.934,181.145,288160,rock,2020,0
32,0.614,0.84,-7.006,0.03,0.0808,0.0307,0.431,0.961,126.343,109653,rock,1974,0
54,0.688,0.715,-8.095,0.0265,0.296,0.000122,0.067,0.933,103.976,270133,rock,2020,0
40,0.455,0.711,-6.928,0.0381,0.0112,0.0012,0.111,0.0819,94.972,278240,rock,2019,0
65,0.688,0.477,-11.945,0.029,0.38,4.93e-05,0.0864,0.897,132.071,234667,rock,1973,0
60,0.644,0.799,-10.856,0.0598,0.0821,0.00154,0.055,0.889,108.382,246573,rock,2020,0
60,0.256,0.335,-13.588,0.0313,0.74,0.0166,0.0857,0.415,198.745,218947,rock,1976,0
18,0.392,0.917,-4.878,0.0946,0.0176,0.00018,0.661,0.339,174.918,186167,rock,2019,0
4,0.456,0.826,-7.611,0.0268,3.35e-05,0.57,0.0548,0.415,82.539,201173,rock,2020,0
61,0.222,0.81,-6.189,0.0399,0.000188,0.0181,0.084,0.266,96.302,290960,rock,1998,0
41,0.47,0.915,-5.698,0.0612,0.323,0.0,0.064,0.634,160.3,273013,rock,1980,0
0,0.266,0.806,-7.642,0.0513,0.00152,0.0359,0.193,0.737,179.944,299467,rock,2005,0
71,0.533,0.905,-5.27,0.0754,0.00876,0.578,0.0698,0.486,108.9,170813,rock,1967,0
52,0.684,0.854,-2.802,0.0334,0.00145,0.000105,0.0913,0.706,141.409,259947,rock,2011,0
0,0.64,0.765,-11.686,0.04,0.00743,0.924,0.0462,0.762,138.177,213227,rock,2010,0
2,0.492,0.987,-3.398,0.122,8.96e-06,0.0,0.231,0.354,103.98,203813,rock,2011,0
5,0.546,0.91,-6.736,0.061,0.0442,5.61e-05,0.263,0.458,90.58,215899,rock,1978,0
54,0.414,0.989,-2.257,0.0799,3e-05,0.0,0.301,0.359,139.964,190587,rock,2015,0
12,0.58,0.814,-6.582,0.0363,0.173,1.8e-06,0.246,0.722,141.606,272507,rock,1993,0
37,0.498,0.515,-11.985,0.0395,0.0936,0.0,0.1,0.616,127.761,187893,rock,2020,0
64,0.602,0.877,-6.606,0.0515,0.000343,0.635,0.0551,0.617,123.679,247962,rock,1983,0
49,0.657,0.435,-15.707,0.0552,0.739,0.0,0.167,0.771,135.975,181133,rock,1972,0
63,0.579,0.705,-4.911,0.0339,0.0273,0.0,0.0704,0.761,116.172,201693,rock,1979,0
8,0.504,0.739,-7.265,0.0316,0.0179,0.08,0.0949,0.417,128.918,248360,rock,1973,0
75,0.602,0.905,-4.046,0.0775,0.000202,0.064,0.117,0.411,128.019,304840,rock,2009,0
16,0.638,0.931,-3.605,0.0363,0.228,0.000295,0.0524,0.965,128.662,228667,rock,1971,0
33,0.592,0.7,-11.301,0.0362,0.184,3.38e-05,0.142,0.844,135.447,198093,rock,2020,0
21,0.556,0.833,-10.702,0.0321,0.284,0.352,0.196,0.806,85.181,257933,rock,2010,0
0,0.31,0.951,-4.163,0.0929,9.52e-05,0.000213,0.299,0.301,151.486,211293,rock,2017,0
24,0.562,0.792,-3.679,0.0399,0.582,0.0,0.217,0.494,101.519,271773,rock,1985,0
55,0.529,0.906,-6.116,0.0517,0.105,3.78e-05,0.0757,0.965,131.847,228147,rock,2005,0
12,0.544,0.903,-5.651,0.0545,0.00166,0.00632,0.1,0.432,153.629,204587,rock,2008,0
74,0.404,0.903,-3.88,0.0668,0.577,0.297,0.287,0.498,115.672,423840,rock,1970,0
45,0.608,0.391,-17.042,0.0284,0.554,1.72e-05,0.0891,0.751,143.665,317000,rock,1980,0
57,0.714,0.709,-11.067,0.0743,0.101,9.38e-05,0.0786,0.728,108.018,222320,rock,2020,0
1,0.57,0.963,-3.528,0.0417,0.0531,7.03e-06,0.0265,0.933,126.222,261827,rock,2011,0
19,0.596,0.448,-9.616,0.0396,0.365,5.3e-06,0.206,0.796,83.293,264504,rock,1973,0
55,0.466,0.698,-6.967,0.0629,0.164,0.0,0.127,0.349,109.772,295733,rock,2018,0
5,0.27,0.588,-7.938,0.0308,0.0588,0.0331,0.133,0.124,130.476,491156,rock,2015,0
50,0.446,0.598,-11.264,0.0363,0.0112,0.0,0.057,0.778,124.251,247373,rock,1978,0
40,0.547,0.841,-4.959,0.0605,0.00171,0.0202,0.314,0.554,124.93,165055,rock,2019,0
52,0.465,0.946,-4.205,0.068,1.77e-05,0.0844,0.134,0.338,133.802,241147,rock,2016,0
36,0.507,0.317,-12.177,0.0283,0.183,0.124,0.112,0.201,74.98,211813,rock,2014,0
18,0.393,0.904,-6.484,0.0536,8.28e-06,0.64,0.152,0.3,104.988,170373,rock,2019,0
34,0.551,0.362,-15.089,0.0297,0.63,0.0,0.0698,0.632,105.848,234093,rock,2020,0
39,0.432,0.849,-7.486,0.0351,0.00483,0.0811,0.139,0.324,146.038,366987,rock,2014,0
14,0.54,0.423,-8.799,0.0283,0.294,0.0884,0.152,0.353,150.135,306040,rock,1994,0
43,0.447,0.7,-5.739,0.137,0.271,0.0,0.0521,0.476,149.69,235099,rock,2019,0
74,0.483,0.786,-5.735,0.0319,0.00316,8.86e-05,0.446,0.793,126.748,323000,rock,2020,0
36,0.592,0.652,-10.351,0.0298,0.557,0.00119,0.0879,0.612,105.244,270986,rock,2007,0
48,0.608,0.704,-8.377,0.182,0.00425,0.000586,0.0371,0.39,111.954,188570,rock,2018,0
21,0.711,0.747,-5.115,0.04,0.272,0.00135,0.105,0.62,96.979,191862,rock,2016,0
57,0.524,0.843,-5.578,0.0536,0.000417,0.125,0.375,0.212,85.993,225133,rock,2018,0
51,0.468,0.819,-3.855,0.0459,1.65e-05,4.51e-06,0.0715,0.465,92.009,222733,rock,2019,0
52,0.412,0.523,-10.714,0.0335,0.115,7.34e-06,0.314,0.294,128.592,222467,rock,1971,0
27,0.595,0.284,-15.91,0.0325,0.414,0.0,0.184,0.297,80.239,284400,rock,1985,0
75,0.654,0.81,-6.26,0.0288,0.00719,0.00251,0.165,0.661,114.623,200307,rock,2001,0
63,0.688,0.706,-7.925,0.042,0.0752,0.0,0.0924,0.842,131.705,192867,rock,1999,0
38,0.691,0.689,-8.441,0.208,0.0113,0.00143,0.217,0.171,143.039,196216,rock,2019,0
68,0.354,0.942,-3.245,0.237,0.00039,6.36e-06,0.431,0.242,119.992,207987,rock,2018,0
57,0.206,0.4,-9.813,0.0324,0.053,0.638,0.111,0.196,133.442,258813,rock,1997,0
